Linux 7.0.0-28-generic (en4234875l) 	09/26/26 	_x86_64_	(72 CPU)

16:10:41     CPU    %usr   %nice    %sys %iowait    %irq   %soft  %steal  %guest  %gnice   %idle
16:10:42     all    1.46    0.00    0.52    0.00    0.00    0.00    0.00    0.00    0.00   98.02
16:10:42       0    0.00    0.00    0.00    0.00    0.00    0.00    0.00    0.00    0.00  100.00
16:10:42       1    0.00    0.00    0.00    0.00    0.00    0.00    0.00    0.00    0.00  100.00
16:10:42       2    0.00    0.00    0.00    0.00    0.00    0.00    0.00    0.00    0.00  100.00
16:10:42       3    0.00    0.00    0.00    0.00    0.00    0.00    0.00    0.00    0.00  100.00
16:10:42       4    0.00    0.00    0.00    0.00    0.00    0.00    0.00    0.00    0.00  100.00
16:10:42       5    1.01    0.00    0.00    0.00    0.00    0.00    0.00    0.00    0.00   98.99
16:10:42       6    0.00    0.00    0.00    0.00    0.00    0.00    0.00    0.00    0.00  100.00
16:10:42       7    0.00    0.00    0.00    0.00    0.00    0.00    0.00    0.00    0.00  100.00
16:10:42       8    0.00    0.00    0.00    0.00    0.00    0.00    0.00    0.00    0.00  100.00
16:10:42       9    0.00    0.00    0.00    0.00    0.00    0.00    0.00    0.00    0.00  100.00
16:10:42      10    4.95    0.00    1.98    0.00    0.00    0.00    0.00    0.00    0.00   93.07
16:10:42      11    0.00    0.00    0.00    0.00    0.00    0.00    0.00    0.00    0.00  100.00
16:10:42      12    0.00    0.00    0.00    0.00    0.00    0.00    0.00    0.00    0.00  100.00
16:10:42      13    0.00    0.00    0.00    0.00    0.00    0.00    0.00    0.00    0.00  100.00
16:10:42      14    0.00    0.00    0.00    0.00    0.00    0.00    0.00    0.00    0.00  100.00
16:10:42      15    0.00    0.00    0.00    0.00    0.00    0.00    0.00    0.00    0.00  100.00
16:10:42      16    2.02    0.00    0.00    0.00    0.00    0.00    0.00    0.00    0.00   97.98
16:10:42      17    0.00    0.00    0.00    0.00    0.00    0.00    0.00    0.00    0.00  100.00
16:10:42      18   19.19    0.00    7.07    0.00    0.00    0.00    0.00    0.00    0.00   73.74
16:10:42      19    2.02    0.00    0.00    0.00    0.00    0.00    0.00    0.00    0.00   97.98
16:10:42      20    3.00    0.00    3.00    0.00    0.00    0.00    0.00    0.00    0.00   94.00
16:10:42      21    2.00    0.00    0.00    0.00    0.00    0.00    0.00    0.00    0.00   98.00
16:10:42      22    7.07    0.00    1.01    0.00    0.00    0.00    0.00    0.00    0.00   91.92
16:10:42      23    7.07    0.00    0.00    0.00    0.00    0.00    0.00    0.00    0.00   92.93
16:10:42      24    2.00    0.00    1.00    0.00    0.00    0.00    0.00    0.00    0.00   97.00
16:10:42      25    2.00    0.00    1.00    0.00    0.00    0.00    0.00    0.00    0.00   97.00
16:10:42      26   17.00    0.00    4.00    0.00    0.00    0.00    0.00    0.00    0.00   79.00
16:10:42      27    1.01    0.00    1.01    0.00    0.00    0.00    0.00    0.00    0.00   97.98
16:10:42      28    4.00    0.00    2.00    0.00    0.00    0.00    0.00    0.00    0.00   94.00
16:10:42      29    0.00    0.00    0.00    0.00    0.00    0.00    0.00    0.00    0.00  100.00
16:10:42      30    0.99    0.00    0.99    0.00    0.00    0.00    0.00    0.00    0.00   98.02
16:10:42      31    2.94    0.00    2.94    0.00    0.00    0.00    0.00    0.00    0.00   94.12
16:10:42      32    0.00    0.00    0.00    0.00    0.00    0.00    0.00    0.00    0.00  100.00
16:10:42      33    1.01    0.00    1.01    0.00    0.00    0.00    0.00    0.00    0.00   97.98
16:10:42      34    5.05    0.00    1.01    0.00    0.00    0.00    0.00    0.00    0.00   93.94
16:10:42      35    1.01    0.00    0.00    0.00    0.00    0.00    0.00    0.00    0.00   98.99
16:10:42      36    0.00    0.00    1.00    0.00    0.00    0.00    0.00    0.00    0.00   99.00
16:10:42      37    1.02    0.00    0.00    0.00    0.00    0.00    0.00    0.00    0.00   98.98
16:10:42      38    1.01    0.00    0.00    0.00    0.00    0.00    0.00    0.00    0.00   98.99
16:10:42      39    4.00    0.00    1.00    0.00    0.00    0.00    0.00    0.00    0.00   95.00
16:10:42      40    1.01    0.00    1.01    0.00    0.00    0.00    0.00    0.00    0.00   97.98
16:10:42      41    0.00    0.00    0.00    0.00    0.00    0.00    0.00    0.00    0.00  100.00
16:10:42      42    1.00    0.00    1.00    0.00    0.00    0.00    0.00    0.00    0.00   98.00
16:10:42      43    2.00    0.00    1.00    0.00    0.00    0.00    0.00    0.00    0.00   97.00
16:10:42      44    0.00    0.00    0.00    0.00    0.00    0.00    0.00    0.00    0.00  100.00
16:10:42      45    0.00    0.00    0.00    0.00    0.00    0.00    0.00    0.00    0.00  100.00
16:10:42      46    0.00    0.00    0.00    0.00    0.00    0.00    0.00    0.00    0.00  100.00
16:10:42      47    2.00    0.00    1.00    0.00    0.00    0.00    0.00    0.00    0.00   97.00
16:10:42      48    0.00    0.00    0.00    0.00    0.00    0.00    0.00    0.00    0.00  100.00
16:10:42      49    0.00    0.00    0.00    0.00    0.00    0.00    0.00    0.00    0.00  100.00
16:10:42      50    0.00    0.00    0.00    0.00    0.00    0.00    0.00    0.00    0.00  100.00
16:10:42      51    0.99    0.00    0.00    0.00    0.00    0.00    0.00    0.00    0.00   99.01
16:10:42      52    0.00    0.00    0.00    0.00    0.00    0.00    0.00    0.00    0.00  100.00
16:10:42      53    3.00    0.00    1.00    0.00    0.00    0.00    0.00    0.00    0.00   96.00
16:10:42      54    0.00    0.00    0.00    0.00    0.00    0.00    0.00    0.00    0.00  100.00
16:10:42      55    0.00    0.00    0.00    0.00    0.00    0.00    0.00    0.00    0.00  100.00
16:10:42      56    0.00    0.00    0.00    0.00    0.00    0.00    0.00    0.00    0.00  100.00
16:10:42      57    0.00    0.00    0.00    0.00    0.00    0.00    0.00    0.00    0.00  100.00
16:10:42      58    0.00    0.00    0.00    0.00    0.00    0.00    0.00    0.00    0.00  100.00
16:10:42      59    0.00    0.00    0.00    0.00    0.00    0.00    0.00    0.00    0.00  100.00
16:10:42      60    0.00    0.00    0.00    0.00    0.00    0.00    0.00    0.00    0.00  100.00
16:10:42      61    0.00    0.00    0.00    0.00    0.00    0.00    0.00    0.00    0.00  100.00
16:10:42      62    0.00    0.00    0.00    0.00    0.00    0.00    0.00    0.00    0.00  100.00
16:10:42      63    0.00    0.00    0.00    0.00    0.00    0.00    0.00    0.00    0.00  100.00
16:10:42      64    0.00    0.00    0.00    0.00    0.00    0.00    0.00    0.00    0.00  100.00
16:10:42      65    4.04    0.00    1.01    0.00    0.00    0.00    0.00    0.00    0.00   94.95
16:10:42      66    0.00    0.00    0.00    0.00    0.00    0.00    0.00    0.00    0.00  100.00
16:10:42      67    0.00    0.00    0.00    0.00    0.00    0.00    0.00    0.00    0.00  100.00
16:10:42      68    0.00    0.00    1.00    0.00    0.00    0.00    0.00    0.00    0.00   99.00
16:10:42      69    0.00    0.00    0.00    0.00    0.00    0.00    0.00    0.00    0.00  100.00
16:10:42      70    0.00    0.00    0.00    0.00    0.00    0.00    0.00    0.00    0.00  100.00
16:10:42      71    0.00    0.00    0.00    0.00    0.00    0.00    0.00    0.00    0.00  100.00

16:10:42     CPU    %usr   %nice    %sys %iowait    %irq   %soft  %steal  %guest  %gnice   %idle
16:10:43     all    1.56    0.00    0.65    0.00    0.00    0.00    0.00    0.00    0.00   97.79
16:10:43       0    1.05    0.00    0.00    0.00    0.00    0.00    0.00    0.00    0.00   98.95
16:10:43       1    0.00    0.00    0.00    0.00    0.00    0.00    0.00    0.00    0.00  100.00
16:10:43       2    0.00    0.00    0.00    0.00    0.00    0.00    0.00    0.00    0.00  100.00
16:10:43       3    0.00    0.00    0.00    0.00    0.00    0.00    0.00    0.00    0.00  100.00
16:10:43       4    0.00    0.00    0.00    0.00    0.00    0.00    0.00    0.00    0.00  100.00
16:10:43       5    2.97    0.00    0.99    0.00    0.00    0.00    0.00    0.00    0.00   96.04
16:10:43       6    0.00    0.00    0.00    0.00    0.00    0.00    0.00    0.00    0.00  100.00
16:10:43       7    0.00    0.00    0.00    0.00    0.00    0.00    0.00    0.00    0.00  100.00
16:10:43       8    0.00    0.00    0.00    0.00    0.00    0.00    0.00    0.00    0.00  100.00
16:10:43       9    0.00    0.00    0.00    0.00    0.00    0.00    0.00    0.00    0.00  100.00
16:10:43      10    0.00    0.00    1.00    0.00    0.00    0.00    0.00    0.00    0.00   99.00
16:10:43      11    0.00    0.00    0.00    0.00    0.00    0.00    0.00    0.00    0.00  100.00
16:10:43      12    1.00    0.00    0.00    0.00    0.00    0.00    0.00    0.00    0.00   99.00
16:10:43      13    2.00    0.00    1.00    0.00    0.00    0.00    0.00    0.00    0.00   97.00
16:10:43      14    0.00    0.00    0.00    0.00    0.00    0.00    0.00    0.00    0.00  100.00
16:10:43      15    0.00    0.00    0.00    0.00    0.00    0.00    0.00    0.00    0.00  100.00
16:10:43      16    0.00    0.00    1.00    0.00    0.00    0.00    0.00    0.00    0.00   99.00
16:10:43      17    0.00    0.00    0.00    0.00    0.00    0.00    0.00    0.00    0.00  100.00
16:10:43      18   11.00    0.00    4.00    0.00    0.00    0.00    0.00    0.00    0.00   85.00
16:10:43      19    2.00    0.00    0.00    0.00    0.00    0.00    0.00    0.00    0.00   98.00
16:10:43      20    3.00    0.00    2.00    0.00    0.00    0.00    0.00    0.00    0.00   95.00
16:10:43      21    0.99    0.00    0.99    0.00    0.00    0.00    0.00    0.00    0.00   98.02
16:10:43      22   12.00    0.00    5.00    0.00    0.00    0.00    0.00    0.00    0.00   83.00
16:10:43      23    9.00    0.00    2.00    0.00    0.00    0.00    0.00    0.00    0.00   89.00
16:10:43      24    1.00    0.00    1.00    0.00    0.00    0.00    0.00    0.00    0.00   98.00
16:10:43      25    1.00    0.00    1.00    0.00    0.00    0.00    0.00    0.00    0.00   98.00
16:10:43      26   15.15    0.00    4.04    0.00    0.00    0.00    0.00    0.00    0.00   80.81
16:10:43      27    6.00    0.00    0.00    0.00    0.00    0.00    0.00    0.00    0.00   94.00
16:10:43      28    6.00    0.00    3.00    0.00    0.00    0.00    0.00    0.00    0.00   91.00
16:10:43      29    2.02    0.00    0.00    0.00    0.00    0.00    0.00    0.00    0.00   97.98
16:10:43      30    1.01    0.00    0.00    0.00    0.00    0.00    0.00    0.00    0.00   98.99
16:10:43      31    0.00    0.00    1.01    0.00    0.00    0.00    0.00    0.00    0.00   98.99
16:10:43      32    1.00    0.00    1.00    0.00    0.00    0.00    0.00    0.00    0.00   98.00
16:10:43      33    0.99    0.00    0.99    0.00    0.00    0.00    0.00    0.00    0.00   98.02
16:10:43      34    7.92    0.00    3.96    0.00    0.00    0.00    0.00    0.00    0.00   88.12
16:10:43      35    1.00    0.00    0.00    0.00    0.00    0.00    0.00    0.00    0.00   99.00
16:10:43      36    1.00    0.00    0.00    0.00    0.00    0.00    0.00    0.00    0.00   99.00
16:10:43      37    1.00    0.00    1.00    0.00    0.00    0.00    0.00    0.00    0.00   98.00
16:10:43      38    2.00    0.00    1.00    0.00    0.00    0.00    0.00    0.00    0.00   97.00
16:10:43      39    1.98    0.00    1.98    0.00    0.00    0.00    0.00    0.00    0.00   96.04
16:10:43      40    2.04    0.00    0.00    0.00    0.00    0.00    0.00    0.00    0.00   97.96
16:10:43      41    0.00    0.00    0.00    0.00    0.00    0.00    0.00    0.00    0.00  100.00
16:10:43      42    1.01    0.00    0.00    0.00    0.00    0.00    0.00    0.00    0.00   98.99
16:10:43      43    1.00    0.00    1.00    0.00    0.00    0.00    0.00    0.00    0.00   98.00
16:10:43      44    2.00    0.00    1.00    0.00    0.00    0.00    0.00    0.00    0.00   97.00
16:10:43      45    8.08    0.00    4.04    0.00    0.00    0.00    0.00    0.00    0.00   87.88
16:10:43      46    0.00    0.00    0.00    0.00    0.00    0.00    0.00    0.00    0.00  100.00
16:10:43      47    1.01    0.00    1.01    0.00    0.00    0.00    0.00    0.00    0.00   97.98
16:10:43      48    0.00    0.00    0.00    0.00    0.00    0.00    0.00    0.00    0.00  100.00
16:10:43      49    0.00    0.00    0.00    0.00    0.00    0.00    0.00    0.00    0.00  100.00
16:10:43      50    3.00    0.00    2.00    0.00    0.00    0.00    0.00    0.00    0.00   95.00
16:10:43      51    0.00    0.00    0.00    0.00    0.00    0.00    0.00    0.00    0.00  100.00
16:10:43      52    0.00    0.00    0.00    0.00    0.00    0.00    0.00    0.00    0.00  100.00
16:10:43      53    0.00    0.00    0.00    0.00    0.00    0.00    0.00    0.00    0.00  100.00
16:10:43      54    0.00    0.00    0.00    0.00    0.00    0.00    0.00    0.00    0.00  100.00
16:10:43      55    0.00    0.00    0.00    0.00    0.00    0.00    0.00    0.00    0.00  100.00
16:10:43      56    0.00    0.00    0.00    0.00    0.00    0.00    0.00    0.00    0.00  100.00
16:10:43      57    0.00    0.00    0.00    0.00    0.00    0.00    0.00    0.00    0.00  100.00
16:10:43      58    0.00    0.00    0.00    0.00    0.00    0.00    0.00    0.00    0.00  100.00
16:10:43      59    0.00    0.00    0.00    0.00    0.00    0.00    0.00    0.00    0.00  100.00
16:10:43      60    0.00    0.00    0.00    0.00    0.00    0.00    0.00    0.00    0.00  100.00
16:10:43      61    0.00    0.00    0.00    0.00    0.00    0.00    0.00    0.00    0.00  100.00
16:10:43      62    0.00    0.00    0.00    0.00    0.00    0.00    0.00    0.00    0.00  100.00
16:10:43      63    0.00    0.00    0.00    0.00    0.00    0.00    0.00    0.00    0.00  100.00
16:10:43      64    0.00    0.00    0.00    0.00    0.00    0.00    0.00    0.00    0.00  100.00
16:10:43      65    0.00    0.00    0.00    0.00    0.00    0.00    0.00    0.00    0.00  100.00
16:10:43      66    0.00    0.00    0.00    0.00    0.00    0.00    0.00    0.00    0.00  100.00
16:10:43      67    0.00    0.00    0.00    0.00    0.00    0.00    0.00    0.00    0.00  100.00
16:10:43      68    0.00    0.00    0.00    0.00    0.00    0.00    0.00    0.00    0.00  100.00
16:10:43      69    0.00    0.00    0.00    0.00    0.00    0.00    0.00    0.00    0.00  100.00
16:10:43      70    0.00    0.00    0.00    0.00    0.00    0.00    0.00    0.00    0.00  100.00
16:10:43      71    0.00    0.00    0.00    0.00    0.00    0.00    0.00    0.00    0.00  100.00

16:10:43     CPU    %usr   %nice    %sys %iowait    %irq   %soft  %steal  %guest  %gnice   %idle
16:10:44     all    1.49    0.00    0.61    0.03    0.00    0.00    0.00    0.00    0.00   97.87
16:10:44       0    0.00    0.00    0.00    0.00    0.00    0.00    0.00    0.00    0.00  100.00
16:10:44       1    0.00    0.00    0.00    0.00    0.00    0.00    0.00    0.00    0.00  100.00
16:10:44       2    0.00    0.00    0.00    0.00    0.00    0.00    0.00    0.00    0.00  100.00
16:10:44       3    0.00    0.00    0.99    0.00    0.00    0.00    0.00    0.00    0.00   99.01
16:10:44       4    0.00    0.00    0.00    0.00    0.00    0.00    0.00    0.00    0.00  100.00
16:10:44       5    1.01    0.00    0.00    0.00    0.00    0.00    0.00    0.00    0.00   98.99
16:10:44       6    1.00    0.00    1.00    0.00    0.00    0.00    0.00    0.00    0.00   98.00
16:10:44       7    0.00    0.00    0.00    0.00    0.00    0.00    0.00    0.00    0.00  100.00
16:10:44       8    0.00    0.00    0.00    0.00    0.00    0.00    0.00    0.00    0.00  100.00
16:10:44       9    0.00    0.00    0.00    0.00    0.00    0.00    0.00    0.00    0.00  100.00
16:10:44      10    3.03    0.00    1.01    0.00    0.00    0.00    0.00    0.00    0.00   95.96
16:10:44      11    0.00    0.00    0.00    0.00    0.00    0.00    0.00    0.00    0.00  100.00
16:10:44      12    0.99    0.00    0.99    0.00    0.00    0.00    0.00    0.00    0.00   98.02
16:10:44      13    0.00    0.00    0.00    0.00    0.00    0.00    0.00    0.00    0.00  100.00
16:10:44      14    0.00    0.00    0.00    0.00    0.00    0.00    0.00    0.00    0.00  100.00
16:10:44      15    0.00    0.00    0.00    0.00    0.00    0.00    0.00    0.00    0.00  100.00
16:10:44      16    0.00    0.00    0.00    0.00    0.00    0.00    0.00    0.00    0.00  100.00
16:10:44      17    0.00    0.00    0.00    0.00    0.00    0.00    0.00    0.00    0.00  100.00
16:10:44      18    8.16    0.00    1.02    0.00    0.00    0.00    0.00    0.00    0.00   90.82
16:10:44      19    3.03    0.00    1.01    0.00    0.00    0.00    0.00    0.00    0.00   95.96
16:10:44      20    0.00    0.00    0.00    0.00    0.00    0.00    0.00    0.00    0.00  100.00
16:10:44      21    2.02    0.00    0.00    0.00    0.00    0.00    0.00    0.00    0.00   97.98
16:10:44      22   17.17    0.00   10.10    0.00    0.00    0.00    0.00    0.00    0.00   72.73
16:10:44      23    8.08    0.00    0.00    0.00    0.00    0.00    0.00    0.00    0.00   91.92
16:10:44      24    1.01    0.00    0.00    0.00    0.00    0.00    0.00    0.00    0.00   98.99
16:10:44      25    1.01    0.00    0.00    0.00    0.00    0.00    0.00    0.00    0.00   98.99
16:10:44      26   12.00    0.00    4.00    0.00    0.00    0.00    0.00    0.00    0.00   84.00
16:10:44      27    5.00    0.00    1.00    0.00    0.00    0.00    0.00    0.00    0.00   94.00
16:10:44      28    0.99    0.00    0.99    0.00    0.00    0.00    0.00    0.00    0.00   98.02
16:10:44      29    4.00    0.00    2.00    0.00    0.00    0.00    0.00    0.00    0.00   94.00
16:10:44      30    0.00    0.00    1.00    0.00    0.00    0.00    0.00    0.00    0.00   99.00
16:10:44      31    0.99    0.00    0.99    0.00    0.00    0.00    0.00    0.00    0.00   98.02
16:10:44      32    0.00    0.00    1.00    0.00    0.00    0.00    0.00    0.00    0.00   99.00
16:10:44      33    1.00    0.00    1.00    0.00    0.00    0.00    0.00    0.00    0.00   98.00
16:10:44      34    8.00    0.00    2.00    0.00    0.00    0.00    0.00    0.00    0.00   90.00
16:10:44      35    4.00    0.00    2.00    0.00    0.00    0.00    0.00    0.00    0.00   94.00
16:10:44      36    2.00    0.00    0.00    0.00    0.00    0.00    0.00    0.00    0.00   98.00
16:10:44      37    3.00    0.00    1.00    0.00    0.00    0.00    0.00    0.00    0.00   96.00
16:10:44      38    1.98    0.00    0.99    0.00    0.00    0.00    0.00    0.00    0.00   97.03
16:10:44      39    2.02    0.00    0.00    0.00    0.00    0.00    0.00    0.00    0.00   97.98
16:10:44      40    1.03    0.00    1.03    0.00    0.00    0.00    0.00    0.00    0.00   97.94
16:10:44      41    0.00    0.00    0.00    2.00    0.00    0.00    0.00    0.00    0.00   98.00
16:10:44      42    0.00    0.00    0.00    0.00    0.00    0.00    0.00    0.00    0.00  100.00
16:10:44      43    1.01    0.00    0.00    0.00    0.00    0.00    0.00    0.00    0.00   98.99
16:10:44      44    1.00    0.00    2.00    0.00    0.00    0.00    0.00    0.00    0.00   97.00
16:10:44      45    0.00    0.00    0.00    0.00    0.00    0.00    0.00    0.00    0.00  100.00
16:10:44      46    0.00    0.00    0.00    0.00    0.00    0.00    0.00    0.00    0.00  100.00
16:10:44      47    0.00    0.00    0.00    0.00    0.00    0.00    0.00    0.00    0.00  100.00
16:10:44      48    0.00    0.00    0.00    0.00    0.00    0.00    0.00    0.00    0.00  100.00
16:10:44      49    1.01    0.00    0.00    0.00    0.00    0.00    0.00    0.00    0.00   98.99
16:10:44      50    3.03    0.00    1.01    0.00    0.00    0.00    0.00    0.00    0.00   95.96
16:10:44      51    0.00    0.00    0.00    0.00    0.00    0.00    0.00    0.00    0.00  100.00
16:10:44      52    0.00    0.00    0.00    0.00    0.00    0.00    0.00    0.00    0.00  100.00
16:10:44      53    6.00    0.00    3.00    0.00    0.00    0.00    0.00    0.00    0.00   91.00
16:10:44      54    0.00    0.00    0.00    0.00    0.00    0.00    0.00    0.00    0.00  100.00
16:10:44      55    0.00    0.00    0.00    0.00    0.00    0.00    0.00    0.00    0.00  100.00
16:10:44      56    3.00    0.00    2.00    0.00    0.00    0.00    0.00    0.00    0.00   95.00
16:10:44      57    0.00    0.00    0.00    0.00    0.00    0.00    0.00    0.00    0.00  100.00
16:10:44      58    0.00    0.00    0.00    0.00    0.00    0.00    0.00    0.00    0.00  100.00
16:10:44      59    0.00    0.00    0.00    0.00    0.00    0.00    0.00    0.00    0.00  100.00
16:10:44      60    0.00    0.00    0.00    0.00    0.00    0.00    0.00    0.00    0.00  100.00
16:10:44      61    0.00    0.00    0.00    0.00    0.00    0.00    0.00    0.00    0.00  100.00
16:10:44      62    0.00    0.00    0.00    0.00    0.00    0.00    0.00    0.00    0.00  100.00
16:10:44      63    0.00    0.00    0.00    0.00    0.00    0.00    0.00    0.00    0.00  100.00
16:10:44      64    0.00    0.00    0.00    0.00    0.00    0.00    0.00    0.00    0.00  100.00
16:10:44      65    0.00    0.00    1.00    0.00    0.00    0.00    0.00    0.00    0.00   99.00
16:10:44      66    0.00    0.00    0.00    0.00    0.00    0.00    0.00    0.00    0.00  100.00
16:10:44      67    0.00    0.00    0.00    0.00    0.00    0.00    0.00    0.00    0.00  100.00
16:10:44      68    0.00    0.00    0.00    0.00    0.00    0.00    0.00    0.00    0.00  100.00
16:10:44      69    0.00    0.00    0.00    0.00    0.00    0.00    0.00    0.00    0.00  100.00
16:10:44      70    0.00    0.00    0.00    0.00    0.00    0.00    0.00    0.00    0.00  100.00
16:10:44      71    0.00    0.00    0.00    0.00    0.00    0.00    0.00    0.00    0.00  100.00

16:10:44     CPU    %usr   %nice    %sys %iowait    %irq   %soft  %steal  %guest  %gnice   %idle
16:10:45     all    1.55    0.00    0.57    0.00    0.00    0.00    0.00    0.00    0.00   97.88
16:10:45       0    1.06    0.00    0.00    0.00    0.00    0.00    0.00    0.00    0.00   98.94
16:10:45       1    0.00    0.00    0.00    0.00    0.00    0.00    0.00    0.00    0.00  100.00
16:10:45       2    0.00    0.00    0.00    0.00    0.00    0.00    0.00    0.00    0.00  100.00
16:10:45       3    0.00    0.00    0.00    0.00    0.00    0.00    0.00    0.00    0.00  100.00
16:10:45       4    0.00    0.00    0.00    0.00    0.00    0.00    0.00    0.00    0.00  100.00
16:10:45       5    1.01    0.00    0.00    0.00    0.00    0.00    0.00    0.00    0.00   98.99
16:10:45       6    0.00    0.00    0.00    0.00    0.00    0.00    0.00    0.00    0.00  100.00
16:10:45       7    0.00    0.00    0.00    0.00    0.00    0.00    0.00    0.00    0.00  100.00
16:10:45       8    0.00    0.00    0.00    0.00    0.00    0.00    0.00    0.00    0.00  100.00
16:10:45       9    0.00    0.00    0.00    0.00    0.00    0.00    0.00    0.00    0.00  100.00
16:10:45      10    1.00    0.00    1.00    0.00    0.00    0.00    0.00    0.00    0.00   98.00
16:10:45      11    0.00    0.00    0.00    0.00    0.00    0.00    0.00    0.00    0.00  100.00
16:10:45      12    0.00    0.00    0.00    0.00    0.00    0.00    0.00    0.00    0.00  100.00
16:10:45      13    7.14    0.00    3.06    0.00    0.00    0.00    0.00    0.00    0.00   89.80
16:10:45      14    5.00    0.00    1.00    0.00    0.00    0.00    0.00    0.00    0.00   94.00
16:10:45      15    0.99    0.00    0.00    0.00    0.00    0.00    0.00    0.00    0.00   99.01
16:10:45      16    0.00    0.00    0.00    0.00    0.00    0.00    0.00    0.00    0.00  100.00
16:10:45      17    2.00    0.00    1.00    0.00    0.00    0.00    0.00    0.00    0.00   97.00
16:10:45      18    8.91    0.00    2.97    0.00    0.00    0.00    0.00    0.00    0.00   88.12
16:10:45      19   11.00    0.00    0.00    0.00    0.00    0.00    0.00    0.00    0.00   89.00
16:10:45      20    4.00    0.00    1.00    0.00    0.00    0.00    0.00    0.00    0.00   95.00
16:10:45      21    1.01    0.00    0.00    0.00    0.00    0.00    0.00    0.00    0.00   98.99
16:10:45      22   14.00    0.00    5.00    0.00    0.00    0.00    0.00    0.00    0.00   81.00
16:10:45      23    2.02    0.00    1.01    0.00    0.00    0.00    0.00    0.00    0.00   96.97
16:10:45      24    3.00    0.00    6.00    0.00    0.00    0.00    0.00    0.00    0.00   91.00
16:10:45      25    1.00    0.00    1.00    0.00    0.00    0.00    0.00    0.00    0.00   98.00
16:10:45      26   14.14    0.00    3.03    0.00    0.00    0.00    0.00    0.00    0.00   82.83
16:10:45      27    3.00    0.00    2.00    0.00    0.00    0.00    0.00    0.00    0.00   95.00
16:10:45      28    1.01    0.00    0.00    0.00    0.00    0.00    0.00    0.00    0.00   98.99
16:10:45      29    0.00    0.00    0.00    0.00    0.00    0.00    0.00    0.00    0.00  100.00
16:10:45      30    2.00    0.00    1.00    0.00    0.00    0.00    0.00    0.00    0.00   97.00
16:10:45      31    0.00    0.00    0.00    0.00    0.00    0.00    0.00    0.00    0.00  100.00
16:10:45      32    1.00    0.00    0.00    0.00    0.00    0.00    0.00    0.00    0.00   99.00
16:10:45      33    0.00    0.00    0.00    0.00    0.00    0.00    0.00    0.00    0.00  100.00
16:10:45      34    6.06    0.00    2.02    0.00    0.00    0.00    0.00    0.00    0.00   91.92
16:10:45      35    1.00    0.00    0.00    0.00    0.00    0.00    0.00    0.00    0.00   99.00
16:10:45      36    0.00    0.00    1.01    0.00    0.00    0.00    0.00    0.00    0.00   98.99
16:10:45      37    1.01    0.00    0.00    0.00    0.00    0.00    0.00    0.00    0.00   98.99
16:10:45      38    4.04    0.00    2.02    0.00    0.00    0.00    0.00    0.00    0.00   93.94
16:10:45      39    1.00    0.00    1.00    0.00    0.00    0.00    0.00    0.00    0.00   98.00
16:10:45      40    2.04    0.00    0.00    0.00    0.00    0.00    0.00    0.00    0.00   97.96
16:10:45      41    1.01    0.00    0.00    0.00    0.00    0.00    0.00    0.00    0.00   98.99
16:10:45      42    0.00    0.00    0.00    0.00    0.00    0.00    0.00    0.00    0.00  100.00
16:10:45      43    2.02    0.00    0.00    0.00    0.00    0.00    0.00    0.00    0.00   97.98
16:10:45      44    0.00    0.00    0.00    0.00    0.00    0.00    0.00    0.00    0.00  100.00
16:10:45      45    0.98    0.00    0.98    0.00    0.00    0.00    0.00    0.00    0.00   98.04
16:10:45      46    0.00    0.00    0.00    0.00    0.00    0.00    0.00    0.00    0.00  100.00
16:10:45      47    0.99    0.00    0.99    0.00    0.00    0.00    0.00    0.00    0.00   98.02
16:10:45      48    0.00    0.00    0.00    0.00    0.00    0.00    0.00    0.00    0.00  100.00
16:10:45      49    0.00    0.00    0.00    0.00    0.00    0.00    0.00    0.00    0.00  100.00
16:10:45      50    1.00    0.00    0.00    0.00    0.00    0.00    0.00    0.00    0.00   99.00
16:10:45      51    0.00    0.00    1.00    0.00    0.00    0.00    0.00    0.00    0.00   99.00
16:10:45      52    5.00    0.00    2.00    0.00    0.00    0.00    0.00    0.00    0.00   93.00
16:10:45      53    0.00    0.00    0.00    0.00    0.00    0.00    0.00    0.00    0.00  100.00
16:10:45      54    0.00    0.00    0.00    0.00    0.00    0.00    0.00    0.00    0.00  100.00
16:10:45      55    0.00    0.00    0.00    0.00    0.00    0.00    0.00    0.00    0.00  100.00
16:10:45      56    0.00    0.00    0.00    0.00    0.00    0.00    0.00    0.00    0.00  100.00
16:10:45      57    0.00    0.00    0.00    0.00    0.00    0.00    0.00    0.00    0.00  100.00
16:10:45      58    0.00    0.00    0.99    0.00    0.00    0.00    0.00    0.00    0.00   99.01
16:10:45      59    0.00    0.00    0.00    0.00    0.00    0.00    0.00    0.00    0.00  100.00
16:10:45      60    0.00    0.00    0.00    0.00    0.00    0.00    0.00    0.00    0.00  100.00
16:10:45      61    0.00    0.00    0.00    0.00    0.00    0.00    0.00    0.00    0.00  100.00
16:10:45      62    0.00    0.00    0.00    0.00    0.00    0.00    0.00    0.00    0.00  100.00
16:10:45      63    0.00    0.00    0.00    0.00    0.00    0.00    0.00    0.00    0.00  100.00
16:10:45      64    0.00    0.00    0.00    0.00    0.00    0.00    0.00    0.00    0.00  100.00
16:10:45      65    1.00    0.00    0.00    0.00    0.00    0.00    0.00    0.00    0.00   99.00
16:10:45      66    0.00    0.00    0.00    0.00    0.00    0.00    0.00    0.00    0.00  100.00
16:10:45      67    0.00    0.00    0.00    0.00    0.00    0.00    0.00    0.00    0.00  100.00
16:10:45      68    0.00    0.00    0.00    0.00    0.00    0.00    0.00    0.00    0.00  100.00
16:10:45      69    0.00    0.00    0.00    0.00    0.00    0.00    0.00    0.00    0.00  100.00
16:10:45      70    0.00    0.00    0.00    0.00    0.00    0.00    0.00    0.00    0.00  100.00
16:10:45      71    0.00    0.00    0.00    0.00    0.00    0.00    0.00    0.00    0.00  100.00

16:10:45     CPU    %usr   %nice    %sys %iowait    %irq   %soft  %steal  %guest  %gnice   %idle
16:10:46     all    0.61    0.00    0.36    0.00    0.00    0.00    0.00    0.00    0.00   99.03
16:10:46       0    0.00    0.00    0.00    0.00    0.00    0.00    0.00    0.00    0.00  100.00
16:10:46       1    0.00    0.00    0.00    0.00    0.00    0.00    0.00    0.00    0.00  100.00
16:10:46       2    0.00    0.00    0.00    0.00    0.00    0.00    0.00    0.00    0.00  100.00
16:10:46       3    0.00    0.00    0.00    0.00    0.00    0.00    0.00    0.00    0.00  100.00
16:10:46       4    0.00    0.00    0.00    0.00    0.00    0.00    0.00    0.00    0.00  100.00
16:10:46       5    0.00    0.00    1.00    0.00    0.00    0.00    0.00    0.00    0.00   99.00
16:10:46       6    0.00    0.00    0.00    0.00    0.00    0.00    0.00    0.00    0.00  100.00
16:10:46       7    0.00    0.00    0.00    0.00    0.00    0.00    0.00    0.00    0.00  100.00
16:10:46       8    0.00    0.00    0.00    0.00    0.00    0.00    0.00    0.00    0.00  100.00
16:10:46       9    0.00    0.00    0.99    0.00    0.00    0.00    0.00    0.00    0.00   99.01
16:10:46      10    0.00    0.00    0.00    0.00    0.00    0.00    0.00    0.00    0.00  100.00
16:10:46      11    0.00    0.00    0.00    0.00    0.00    0.00    0.00    0.00    0.00  100.00
16:10:46      12    1.00    0.00    1.00    0.00    0.00    0.00    0.00    0.00    0.00   98.00
16:10:46      13    0.99    0.00    0.99    0.00    0.00    0.00    0.00    0.00    0.00   98.02
16:10:46      14    0.00    0.00    0.00    0.00    0.00    0.00    0.00    0.00    0.00  100.00
16:10:46      15    0.00    0.00    0.00    0.00    0.00    0.00    0.00    0.00    0.00  100.00
16:10:46      16    0.00    0.00    0.00    0.00    0.00    0.00    0.00    0.00    0.00  100.00
16:10:46      17    0.99    0.00    0.00    0.00    0.00    0.00    0.00    0.00    0.00   99.01
16:10:46      18    2.00    0.00    0.00    0.00    0.00    0.00    0.00    0.00    0.00   98.00
16:10:46      19    2.00    0.00    1.00    0.00    0.00    0.00    0.00    0.00    0.00   97.00
16:10:46      20    0.00    0.00    0.00    0.00    0.00    0.00    0.00    0.00    0.00  100.00
16:10:46      21    0.00    0.00    0.00    0.00    0.00    0.00    0.00    0.00    0.00  100.00
16:10:46      22    8.08    0.00    6.06    0.00    0.00    0.00    0.00    0.00    0.00   85.86
16:10:46      23    0.99    0.00    0.99    0.00    0.00    0.00    0.00    0.00    0.00   98.02
16:10:46      24    1.00    0.00    1.00    0.00    0.00    0.00    0.00    0.00    0.00   98.00
16:10:46      25    0.00    0.00    0.00    0.00    0.00    0.00    0.00    0.00    0.00  100.00
16:10:46      26    7.14    0.00    2.04    0.00    0.00    0.00    0.00    0.00    0.00   90.82
16:10:46      27    5.05    0.00    2.02    0.00    0.00    0.00    0.00    0.00    0.00   92.93
16:10:46      28    0.00    0.00    0.00    0.00    0.00    0.00    0.00    0.00    0.00  100.00
16:10:46      29    0.99    0.00    0.99    0.00    0.00    0.00    0.00    0.00    0.00   98.02
16:10:46      30    0.00    0.00    0.00    0.00    0.00    0.00    0.00    0.00    0.00  100.00
16:10:46      31    1.00    0.00    0.00    0.00    0.00    0.00    0.00    0.00    0.00   99.00
16:10:46      32    0.00    0.00    0.99    0.00    0.00    0.00    0.00    0.00    0.00   99.01
16:10:46      33    0.99    0.00    0.99    0.00    0.00    0.00    0.00    0.00    0.00   98.02
16:10:46      34    2.00    0.00    1.00    0.00    0.00    0.00    0.00    0.00    0.00   97.00
16:10:46      35    0.00    0.00    0.00    0.00    0.00    0.00    0.00    0.00    0.00  100.00
16:10:46      36    0.99    0.00    0.00    0.00    0.00    0.00    0.00    0.00    0.00   99.01
16:10:46      37    1.00    0.00    0.00    0.00    0.00    0.00    0.00    0.00    0.00   99.00
16:10:46      38    2.00    0.00    1.00    0.00    0.00    0.00    0.00    0.00    0.00   97.00
16:10:46      39    0.99    0.00    0.00    0.00    0.00    0.00    0.00    0.00    0.00   99.01
16:10:46      40    0.00    0.00    0.00    0.00    0.00    0.00    0.00    0.00    0.00  100.00
16:10:46      41    0.00    0.00    0.99    0.00    0.00    0.00    0.00    0.00    0.00   99.01
16:10:46      42    0.00    0.00    0.00    0.00    0.00    0.00    0.00    0.00    0.00  100.00
16:10:46      43    0.99    0.00    0.99    0.00    0.00    0.00    0.00    0.00    0.00   98.02
16:10:46      44    1.00    0.00    0.00    0.00    0.00    0.00    0.00    0.00    0.00   99.00
16:10:46      45    0.00    0.00    0.00    0.00    0.00    0.00    0.00    0.00    0.00  100.00
16:10:46      46    0.00    0.00    0.00    0.00    0.00    0.00    0.00    0.00    0.00  100.00
16:10:46      47    0.00    0.00    0.00    0.00    0.00    0.00    0.00    0.00    0.00  100.00
16:10:46      48    0.00    0.00    0.00    0.00    0.00    0.00    0.00    0.00    0.00  100.00
16:10:46      49    0.00    0.00    0.00    0.00    0.00    0.00    0.00    0.00    0.00  100.00
16:10:46      50    0.99    0.00    0.99    0.00    0.00    0.00    0.00    0.00    0.00   98.02
16:10:46      51    0.99    0.00    0.00    0.00    0.00    0.00    0.00    0.00    0.00   99.01
16:10:46      52    0.00    0.00    0.00    0.00    0.00    0.00    0.00    0.00    0.00  100.00
16:10:46      53    0.00    0.00    0.00    0.00    0.00    0.00    0.00    0.00    0.00  100.00
16:10:46      54    0.00    0.00    0.00    0.00    0.00    0.00    0.00    0.00    0.00  100.00
16:10:46      55    0.00    0.00    0.00    0.00    0.00    0.00    0.00    0.00    0.00  100.00
16:10:46      56    0.00    0.00    0.00    0.00    0.00    0.00    0.00    0.00    0.00  100.00
16:10:46      57    0.00    0.00    0.00    0.00    0.00    0.00    0.00    0.00    0.00  100.00
16:10:46      58    1.00    0.00    0.00    0.00    0.00    0.00    0.00    0.00    0.00   99.00
16:10:46      59    0.00    0.00    0.00    0.00    0.00    0.00    0.00    0.00    0.00  100.00
16:10:46      60    0.00    0.00    0.00    0.00    0.00    0.00    0.00    0.00    0.00  100.00
16:10:46      61    0.00    0.00    0.00    0.00    0.00    0.00    0.00    0.00    0.00  100.00
16:10:46      62    0.00    0.00    0.00    0.00    0.00    0.00    0.00    0.00    0.00  100.00
16:10:46      63    0.00    0.00    0.00    0.00    0.00    0.00    0.00    0.00    0.00  100.00
16:10:46      64    0.00    0.00    0.00    0.00    0.00    0.00    0.00    0.00    0.00  100.00
16:10:46      65    0.00    0.00    0.00    0.00    0.00    0.00    0.00    0.00    0.00  100.00
16:10:46      66    0.00    0.00    0.99    0.00    0.00    0.00    0.00    0.00    0.00   99.01
16:10:46      67    0.00    0.00    0.00    0.00    0.00    0.00    0.00    0.00    0.00  100.00
16:10:46      68    0.00    0.00    0.00    0.00    0.00    0.00    0.00    0.00    0.00  100.00
16:10:46      69    0.00    0.00    0.00    0.00    0.00    0.00    0.00    0.00    0.00  100.00
16:10:46      70    0.00    0.00    0.00    0.00    0.00    0.00    0.00    0.00    0.00  100.00
16:10:46      71    0.00    0.00    0.00    0.00    0.00    0.00    0.00    0.00    0.00  100.00

16:10:46     CPU    %usr   %nice    %sys %iowait    %irq   %soft  %steal  %guest  %gnice   %idle
16:10:47     all    3.36    0.00    0.33    0.10    0.00    0.00    0.00    0.00    0.00   96.20
16:10:47       0    4.21    0.00    1.05    0.00    0.00    0.00    0.00    0.00    0.00   94.74
16:10:47       1    0.00    0.00    0.00    0.00    0.00    0.00    0.00    0.00    0.00  100.00
16:10:47       2    5.05    0.00    0.00    0.00    0.00    0.00    0.00    0.00    0.00   94.95
16:10:47       3    8.08    0.00    0.00    0.00    0.00    0.00    0.00    0.00    0.00   91.92
16:10:47       4   12.00    0.00    0.00    0.00    0.00    0.00    0.00    0.00    0.00   88.00
16:10:47       5    4.00    0.00    0.00    0.00    0.00    0.00    0.00    0.00    0.00   96.00
16:10:47       6    1.00    0.00    0.00    0.00    0.00    0.00    0.00    0.00    0.00   99.00
16:10:47       7    1.00    0.00    0.00    0.00    0.00    0.00    0.00    0.00    0.00   99.00
16:10:47       8    0.00    0.00    0.00    0.00    0.00    0.00    0.00    0.00    0.00  100.00
16:10:47       9    3.03    0.00    1.01    1.01    0.00    0.00    0.00    0.00    0.00   94.95
16:10:47      10    2.00    0.00    0.00    0.00    0.00    0.00    0.00    0.00    0.00   98.00
16:10:47      11    0.00    0.00    0.00    0.00    0.00    0.00    0.00    0.00    0.00  100.00
16:10:47      12    0.00    0.00    0.00    0.00    0.00    0.00    0.00    0.00    0.00  100.00
16:10:47      13    7.00    0.00    1.00    0.00    0.00    0.00    0.00    0.00    0.00   92.00
16:10:47      14    2.00    0.00    1.00    0.00    0.00    0.00    0.00    0.00    0.00   97.00
16:10:47      15    0.00    0.00    0.00    0.00    0.00    0.00    0.00    0.00    0.00  100.00
16:10:47      16    0.00    0.00    0.00    0.00    0.00    0.00    0.00    0.00    0.00  100.00
16:10:47      17    0.00    0.00    0.00    0.00    0.00    0.00    0.00    0.00    0.00  100.00
16:10:47      18   14.14    0.00    1.01    0.00    0.00    0.00    0.00    0.00    0.00   84.85
16:10:47      19    3.03    0.00    1.01    0.00    0.00    0.00    0.00    0.00    0.00   95.96
16:10:47      20    1.02    0.00    0.00    0.00    0.00    0.00    0.00    0.00    0.00   98.98
16:10:47      21    5.00    0.00    0.00    0.00    0.00    0.00    0.00    0.00    0.00   95.00
16:10:47      22    6.00    0.00    5.00    0.00    0.00    0.00    0.00    0.00    0.00   89.00
16:10:47      23   14.14    0.00    0.00    0.00    0.00    0.00    0.00    0.00    0.00   85.86
16:10:47      24   18.18    0.00    0.00    0.00    0.00    0.00    0.00    0.00    0.00   81.82
16:10:47      25    2.00    0.00    0.00    0.00    0.00    0.00    0.00    0.00    0.00   98.00
16:10:47      26   12.12    0.00    3.03    0.00    0.00    0.00    0.00    0.00    0.00   84.85
16:10:47      27    0.99    0.00    0.99    0.00    0.00    0.00    0.00    0.00    0.00   98.02
16:10:47      28    4.08    0.00    0.00    0.00    0.00    0.00    0.00    0.00    0.00   95.92
16:10:47      29    0.00    0.00    0.00    0.00    0.00    0.00    0.00    0.00    0.00  100.00
16:10:47      30    1.00    0.00    0.00    0.00    0.00    0.00    0.00    0.00    0.00   99.00
16:10:47      31    9.00    0.00    1.00    0.00    0.00    0.00    0.00    0.00    0.00   90.00
16:10:47      32    0.00    0.00    0.00    0.00    0.00    0.00    0.00    0.00    0.00  100.00
16:10:47      33    4.08    0.00    1.02    0.00    0.00    0.00    0.00    0.00    0.00   94.90
16:10:47      34   15.15    0.00    0.00    0.00    0.00    0.00    0.00    0.00    0.00   84.85
16:10:47      35    7.00    0.00    1.00    0.00    0.00    0.00    0.00    0.00    0.00   92.00
16:10:47      36    1.01    0.00    0.00    0.00    0.00    0.00    0.00    0.00    0.00   98.99
16:10:47      37    1.00    0.00    0.00    0.00    0.00    0.00    0.00    0.00    0.00   99.00
16:10:47      38    0.00    0.00    0.00    0.00    0.00    0.00    0.00    0.00    0.00  100.00
16:10:47      39    4.08    0.00    0.00    0.00    0.00    0.00    0.00    0.00    0.00   95.92
16:10:47      40    8.00    0.00    1.00    0.00    0.00    0.00    0.00    0.00    0.00   91.00
16:10:47      41    1.01    0.00    0.00    6.06    0.00    0.00    0.00    0.00    0.00   92.93
16:10:47      42    5.00    0.00    1.00    0.00    0.00    0.00    0.00    0.00    0.00   94.00
16:10:47      43    4.04    0.00    0.00    0.00    0.00    0.00    0.00    0.00    0.00   95.96
16:10:47      44   16.16    0.00    1.01    0.00    0.00    0.00    0.00    0.00    0.00   82.83
16:10:47      45    0.00    0.00    0.00    0.00    0.00    0.00    0.00    0.00    0.00  100.00
16:10:47      46    0.00    0.00    0.00    0.00    0.00    0.00    0.00    0.00    0.00  100.00
16:10:47      47    2.02    0.00    0.00    0.00    0.00    0.00    0.00    0.00    0.00   97.98
16:10:47      48    0.00    0.00    0.00    0.00    0.00    0.00    0.00    0.00    0.00  100.00
16:10:47      49    0.00    0.00    0.00    0.00    0.00    0.00    0.00    0.00    0.00  100.00
16:10:47      50    0.00    0.00    0.00    0.00    0.00    0.00    0.00    0.00    0.00  100.00
16:10:47      51    8.16    0.00    0.00    0.00    0.00    0.00    0.00    0.00    0.00   91.84
16:10:47      52    2.00    0.00    1.00    0.00    0.00    0.00    0.00    0.00    0.00   97.00
16:10:47      53    2.02    0.00    0.00    0.00    0.00    0.00    0.00    0.00    0.00   97.98
16:10:47      54    0.99    0.00    0.00    0.00    0.00    0.00    0.00    0.00    0.00   99.01
16:10:47      55   10.00    0.00    1.00    0.00    0.00    0.00    0.00    0.00    0.00   89.00
16:10:47      56    0.00    0.00    0.00    0.00    0.00    0.00    0.00    0.00    0.00  100.00
16:10:47      57    0.00    0.00    0.00    0.00    0.00    0.00    0.00    0.00    0.00  100.00
16:10:47      58    7.07    0.00    0.00    0.00    0.00    0.00    0.00    0.00    0.00   92.93
16:10:47      59    0.00    0.00    0.00    0.00    0.00    0.00    0.00    0.00    0.00  100.00
16:10:47      60    3.92    0.00    0.98    0.00    0.00    0.00    0.00    0.00    0.00   95.10
16:10:47      61    0.00    0.00    0.00    0.00    0.00    0.00    0.00    0.00    0.00  100.00
16:10:47      62    0.00    0.00    0.00    0.00    0.00    0.00    0.00    0.00    0.00  100.00
16:10:47      63    0.00    0.00    0.00    0.00    0.00    0.00    0.00    0.00    0.00  100.00
16:10:47      64    0.00    0.00    0.00    0.00    0.00    0.00    0.00    0.00    0.00  100.00
16:10:47      65    0.00    0.00    0.00    0.00    0.00    0.00    0.00    0.00    0.00  100.00
16:10:47      66    0.00    0.00    0.00    0.00    0.00    0.00    0.00    0.00    0.00  100.00
16:10:47      67    0.00    0.00    0.00    0.00    0.00    0.00    0.00    0.00    0.00  100.00
16:10:47      68    0.00    0.00    0.00    0.00    0.00    0.00    0.00    0.00    0.00  100.00
16:10:47      69    0.00    0.00    0.00    0.00    0.00    0.00    0.00    0.00    0.00  100.00
16:10:47      70    0.00    0.00    0.00    0.00    0.00    0.00    0.00    0.00    0.00  100.00
16:10:47      71    0.00    0.00    0.00    0.00    0.00    0.00    0.00    0.00    0.00  100.00

16:10:47     CPU    %usr   %nice    %sys %iowait    %irq   %soft  %steal  %guest  %gnice   %idle
16:10:48     all    2.60    0.00    0.52    0.31    0.00    0.03    0.00    0.00    0.00   96.55
16:10:48       0    7.37    0.00    3.16    0.00    0.00    0.00    0.00    0.00    0.00   89.47
16:10:48       1    0.00    0.00    0.00    0.00    0.00    0.00    0.00    0.00    0.00  100.00
16:10:48       2    0.00    0.00    1.00    0.00    0.00    0.00    0.00    0.00    0.00   99.00
16:10:48       3    4.04    0.00    3.03    0.00    0.00    0.00    0.00    0.00    0.00   92.93
16:10:48       4    0.00    0.00    0.00    0.00    0.00    0.00    0.00    0.00    0.00  100.00
16:10:48       5    1.00    0.00    0.00    0.00    0.00    0.00    0.00    0.00    0.00   99.00
16:10:48       6    0.00    0.00    0.00    0.00    0.00    0.00    0.00    0.00    0.00  100.00
16:10:48       7    0.00    0.00    0.00    0.00    0.00    0.00    0.00    0.00    0.00  100.00
16:10:48       8    0.00    0.00    0.00    0.00    0.00    0.00    0.00    0.00    0.00  100.00
16:10:48       9    0.00    0.00    0.00    0.00    0.00    0.00    0.00    0.00    0.00  100.00
16:10:48      10    1.00    0.00    1.00    0.00    0.00    0.00    0.00    0.00    0.00   98.00
16:10:48      11    0.00    0.00    0.00    0.00    0.00    0.00    0.00    0.00    0.00  100.00
16:10:48      12    0.99    0.00    0.00    0.00    0.00    0.00    0.00    0.00    0.00   99.01
16:10:48      13    5.05    0.00    0.00    0.00    0.00    0.00    0.00    0.00    0.00   94.95
16:10:48      14    0.00    0.00    0.00    0.00    0.00    0.00    0.00    0.00    0.00  100.00
16:10:48      15    2.00    0.00    0.00    0.00    0.00    0.00    0.00    0.00    0.00   98.00
16:10:48      16    0.99    0.00    0.00    0.00    0.00    0.00    0.00    0.00    0.00   99.01
16:10:48      17    0.00    0.00    0.00    0.00    0.00    0.00    0.00    0.00    0.00  100.00
16:10:48      18   22.00    0.00    1.00    1.00    0.00    1.00    0.00    0.00    0.00   75.00
16:10:48      19    0.99    0.00    0.99    0.00    0.00    0.00    0.00    0.00    0.00   98.02
16:10:48      20    2.00    0.00    1.00    0.00    0.00    0.00    0.00    0.00    0.00   97.00
16:10:48      21    1.00    0.00    1.00    0.00    0.00    0.00    0.00    0.00    0.00   98.00
16:10:48      22   17.17    0.00    1.01    0.00    0.00    0.00    0.00    0.00    0.00   81.82
16:10:48      23    3.03    0.00    1.01    0.00    0.00    0.00    0.00    0.00    0.00   95.96
16:10:48      24    0.99    0.00    0.99    0.00    0.00    0.00    0.00    0.00    0.00   98.02
16:10:48      25    1.02    0.00    0.00    0.00    0.00    0.00    0.00    0.00    0.00   98.98
16:10:48      26   29.00    0.00    2.00    1.00    0.00    0.00    0.00    0.00    0.00   68.00
16:10:48      27    6.00    0.00    1.00    0.00    0.00    0.00    0.00    0.00    0.00   93.00
16:10:48      28   10.89    0.00    0.99    0.00    0.00    0.00    0.00    0.00    0.00   88.12
16:10:48      29    4.00    0.00    0.00    0.00    0.00    0.00    0.00    0.00    0.00   96.00
16:10:48      30    4.00    0.00    1.00    1.00    0.00    0.00    0.00    0.00    0.00   94.00
16:10:48      31    3.96    0.00    0.99    0.99    0.00    0.00    0.00    0.00    0.00   94.06
16:10:48      32    7.14    0.00    0.00    0.00    0.00    0.00    0.00    0.00    0.00   92.86
16:10:48      33    1.00    0.00    4.00    0.00    0.00    0.00    0.00    0.00    0.00   95.00
16:10:48      34    8.16    0.00    5.10    0.00    0.00    0.00    0.00    0.00    0.00   86.73
16:10:48      35    2.02    0.00    0.00    0.00    0.00    0.00    0.00    0.00    0.00   97.98
16:10:48      36    4.00    0.00    0.00    0.00    0.00    0.00    0.00    0.00    0.00   96.00
16:10:48      37    1.00    0.00    0.00    0.00    0.00    0.00    0.00    0.00    0.00   99.00
16:10:48      38    0.00    0.00    0.00    0.00    0.00    0.00    0.00    0.00    0.00  100.00
16:10:48      39    4.00    0.00    0.00    0.00    0.00    0.00    0.00    0.00    0.00   96.00
16:10:48      40    4.04    0.00    1.01    1.01    0.00    1.01    0.00    0.00    0.00   92.93
16:10:48      41    1.01    0.00    0.00   17.17    0.00    0.00    0.00    0.00    0.00   81.82
16:10:48      42    1.00    0.00    1.00    0.00    0.00    0.00    0.00    0.00    0.00   98.00
16:10:48      43    3.96    0.00    1.98    0.00    0.00    0.00    0.00    0.00    0.00   94.06
16:10:48      44    1.00    0.00    0.00    0.00    0.00    0.00    0.00    0.00    0.00   99.00
16:10:48      45    1.01    0.00    0.00    0.00    0.00    0.00    0.00    0.00    0.00   98.99
16:10:48      46    0.00    0.00    0.00    0.00    0.00    0.00    0.00    0.00    0.00  100.00
16:10:48      47    3.00    0.00    1.00    0.00    0.00    0.00    0.00    0.00    0.00   96.00
16:10:48      48    0.00    0.00    0.00    0.00    0.00    0.00    0.00    0.00    0.00  100.00
16:10:48      49    0.00    0.00    0.00    0.00    0.00    0.00    0.00    0.00    0.00  100.00
16:10:48      50    2.00    0.00    0.00    0.00    0.00    0.00    0.00    0.00    0.00   98.00
16:10:48      51    1.01    0.00    0.00    0.00    0.00    0.00    0.00    0.00    0.00   98.99
16:10:48      52    3.00    0.00    0.00    0.00    0.00    0.00    0.00    0.00    0.00   97.00
16:10:48      53    2.00    0.00    0.00    0.00    0.00    0.00    0.00    0.00    0.00   98.00
16:10:48      54    0.00    0.00    0.00    0.00    0.00    0.00    0.00    0.00    0.00  100.00
16:10:48      55    0.00    0.00    0.00    0.00    0.00    0.00    0.00    0.00    0.00  100.00
16:10:48      56    0.00    0.00    0.00    0.00    0.00    0.00    0.00    0.00    0.00  100.00
16:10:48      57    0.00    0.00    0.00    0.00    0.00    0.00    0.00    0.00    0.00  100.00
16:10:48      58    4.00    0.00    1.00    0.00    0.00    0.00    0.00    0.00    0.00   95.00
16:10:48      59    0.00    0.00    0.00    0.00    0.00    0.00    0.00    0.00    0.00  100.00
16:10:48      60    4.04    0.00    0.00    0.00    0.00    0.00    0.00    0.00    0.00   95.96
16:10:48      61    0.00    0.00    0.00    0.00    0.00    0.00    0.00    0.00    0.00  100.00
16:10:48      62    0.00    0.00    0.00    0.00    0.00    0.00    0.00    0.00    0.00  100.00
16:10:48      63    0.00    0.00    0.00    0.00    0.00    0.00    0.00    0.00    0.00  100.00
16:10:48      64    0.00    0.00    0.00    0.00    0.00    0.00    0.00    0.00    0.00  100.00
16:10:48      65    0.00    0.00    1.00    0.00    0.00    0.00    0.00    0.00    0.00   99.00
16:10:48      66    0.00    0.00    0.00    0.00    0.00    0.00    0.00    0.00    0.00  100.00
16:10:48      67    0.00    0.00    0.00    0.00    0.00    0.00    0.00    0.00    0.00  100.00
16:10:48      68    1.00    0.00    0.00    0.00    0.00    0.00    0.00    0.00    0.00   99.00
16:10:48      69    0.00    0.00    0.00    0.00    0.00    0.00    0.00    0.00    0.00  100.00
16:10:48      70    0.00    0.00    0.00    0.00    0.00    0.00    0.00    0.00    0.00  100.00
16:10:48      71    0.00    0.00    0.00    0.00    0.00    0.00    0.00    0.00    0.00  100.00

16:10:48     CPU    %usr   %nice    %sys %iowait    %irq   %soft  %steal  %guest  %gnice   %idle
16:10:49     all    2.46    0.00    0.50    0.24    0.00    0.01    0.00    0.00    0.00   96.78
16:10:49       0    0.00    0.00    1.05    0.00    0.00    0.00    0.00    0.00    0.00   98.95
16:10:49       1    0.00    0.00    0.00    0.00    0.00    0.00    0.00    0.00    0.00  100.00
16:10:49       2    0.00    0.00    0.00    0.00    0.00    0.00    0.00    0.00    0.00  100.00
16:10:49       3    1.00    0.00    1.00    0.00    0.00    0.00    0.00    0.00    0.00   98.00
16:10:49       4    0.99    0.00    0.00    0.00    0.00    0.00    0.00    0.00    0.00   99.01
16:10:49       5    4.00    0.00    0.00    0.00    0.00    0.00    0.00    0.00    0.00   96.00
16:10:49       6    0.00    0.00    0.00    0.00    0.00    0.00    0.00    0.00    0.00  100.00
16:10:49       7    0.00    0.00    0.00    0.00    0.00    0.00    0.00    0.00    0.00  100.00
16:10:49       8    0.00    0.00    0.00    0.00    0.00    0.00    0.00    0.00    0.00  100.00
16:10:49       9    0.00    0.00    0.00    0.00    0.00    0.00    0.00    0.00    0.00  100.00
16:10:49      10    5.00    0.00    1.00    0.00    0.00    0.00    0.00    0.00    0.00   94.00
16:10:49      11    0.00    0.00    0.00    0.00    0.00    0.00    0.00    0.00    0.00  100.00
16:10:49      12    4.00    0.00    0.00    0.00    0.00    0.00    0.00    0.00    0.00   96.00
16:10:49      13    4.04    0.00    0.00    0.00    0.00    0.00    0.00    0.00    0.00   95.96
16:10:49      14    1.00    0.00    0.00    0.00    0.00    0.00    0.00    0.00    0.00   99.00
16:10:49      15    0.00    0.00    1.00    0.00    0.00    0.00    0.00    0.00    0.00   99.00
16:10:49      16    0.00    0.00    0.00    0.00    0.00    0.00    0.00    0.00    0.00  100.00
16:10:49      17    0.00    0.00    0.00    0.00    0.00    0.00    0.00    0.00    0.00  100.00
16:10:49      18   17.00    0.00    3.00    2.00    0.00    0.00    0.00    0.00    0.00   78.00
16:10:49      19    1.01    0.00    1.01    4.04    0.00    0.00    0.00    0.00    0.00   93.94
16:10:49      20    1.00    0.00    0.00    0.00    0.00    0.00    0.00    0.00    0.00   99.00
16:10:49      21    1.01    0.00    0.00    0.00    0.00    0.00    0.00    0.00    0.00   98.99
16:10:49      22   17.17    0.00    1.01    1.01    0.00    0.00    0.00    0.00    0.00   80.81
16:10:49      23    3.03    0.00    0.00    0.00    0.00    0.00    0.00    0.00    0.00   96.97
16:10:49      24    4.04    0.00    0.00    0.00    0.00    0.00    0.00    0.00    0.00   95.96
16:10:49      25    7.00    0.00    2.00    0.00    0.00    0.00    0.00    0.00    0.00   91.00
16:10:49      26   20.20    0.00    2.02    0.00    0.00    0.00    0.00    0.00    0.00   77.78
16:10:49      27    4.04    0.00    0.00    0.00    0.00    0.00    0.00    0.00    0.00   95.96
16:10:49      28    4.04    0.00    0.00    0.00    0.00    0.00    0.00    0.00    0.00   95.96
16:10:49      29    8.91    0.00    0.99    0.00    0.00    0.00    0.00    0.00    0.00   90.10
16:10:49      30    0.99    0.00    0.00    0.00    0.00    0.00    0.00    0.00    0.00   99.01
16:10:49      31    3.03    0.00    1.01    0.00    0.00    0.00    0.00    0.00    0.00   95.96
16:10:49      32    2.97    0.00    0.00    0.00    0.00    0.00    0.00    0.00    0.00   97.03
16:10:49      33    4.04    0.00    0.00    0.00    0.00    0.00    0.00    0.00    0.00   95.96
16:10:49      34    9.09    0.00    8.08    0.00    0.00    0.00    0.00    0.00    0.00   82.83
16:10:49      35    4.00    0.00    1.00    0.00    0.00    0.00    0.00    0.00    0.00   95.00
16:10:49      36    1.00    0.00    0.00    0.00    0.00    0.00    0.00    0.00    0.00   99.00
16:10:49      37    1.00    0.00    0.00    0.00    0.00    0.00    0.00    0.00    0.00   99.00
16:10:49      38    3.00    0.00    0.00    0.00    0.00    0.00    0.00    0.00    0.00   97.00
16:10:49      39    0.00    0.00    0.00    0.00    0.00    0.00    0.00    0.00    0.00  100.00
16:10:49      40    2.04    0.00    0.00    0.00    0.00    1.02    0.00    0.00    0.00   96.94
16:10:49      41    3.00    0.00    4.00    9.00    0.00    0.00    0.00    0.00    0.00   84.00
16:10:49      42    1.01    0.00    0.00    0.00    0.00    0.00    0.00    0.00    0.00   98.99
16:10:49      43    2.02    0.00    0.00    0.00    0.00    0.00    0.00    0.00    0.00   97.98
16:10:49      44    4.00    0.00    0.00    0.00    0.00    0.00    0.00    0.00    0.00   96.00
16:10:49      45    0.00    0.00    0.00    0.00    0.00    0.00    0.00    0.00    0.00  100.00
16:10:49      46    0.00    0.00    0.00    0.00    0.00    0.00    0.00    0.00    0.00  100.00
16:10:49      47    4.00    0.00    1.00    0.00    0.00    0.00    0.00    0.00    0.00   95.00
16:10:49      48    2.97    0.00    0.99    0.00    0.00    0.00    0.00    0.00    0.00   96.04
16:10:49      49    0.00    0.00    0.00    0.00    0.00    0.00    0.00    0.00    0.00  100.00
16:10:49      50    0.00    0.00    0.99    0.00    0.00    0.00    0.00    0.00    0.00   99.01
16:10:49      51    2.97    0.00    0.99    0.00    0.00    0.00    0.00    0.00    0.00   96.04
16:10:49      52    1.01    0.00    0.00    0.00    0.00    0.00    0.00    0.00    0.00   98.99
16:10:49      53    1.00    0.00    0.00    0.00    0.00    0.00    0.00    0.00    0.00   99.00
16:10:49      54    0.99    0.00    0.99    0.00    0.00    0.00    0.00    0.00    0.00   98.02
16:10:49      55    3.03    0.00    0.00    0.00    0.00    0.00    0.00    0.00    0.00   96.97
16:10:49      56    3.96    0.00    0.00    0.99    0.00    0.00    0.00    0.00    0.00   95.05
16:10:49      57    0.00    0.00    0.00    0.00    0.00    0.00    0.00    0.00    0.00  100.00
16:10:49      58    2.00    0.00    0.00    0.00    0.00    0.00    0.00    0.00    0.00   98.00
16:10:49      59    0.00    0.00    0.00    0.00    0.00    0.00    0.00    0.00    0.00  100.00
16:10:49      60    0.00    0.00    0.00    0.00    0.00    0.00    0.00    0.00    0.00  100.00
16:10:49      61    0.00    0.00    0.00    0.00    0.00    0.00    0.00    0.00    0.00  100.00
16:10:49      62    0.00    0.00    0.00    0.00    0.00    0.00    0.00    0.00    0.00  100.00
16:10:49      63    0.00    0.00    0.00    0.00    0.00    0.00    0.00    0.00    0.00  100.00
16:10:49      64    0.00    0.00    0.99    0.00    0.00    0.00    0.00    0.00    0.00   99.01
16:10:49      65    0.00    0.00    0.00    0.00    0.00    0.00    0.00    0.00    0.00  100.00
16:10:49      66    5.88    0.00    0.98    0.00    0.00    0.00    0.00    0.00    0.00   93.14
16:10:49      67    0.00    0.00    0.00    0.00    0.00    0.00    0.00    0.00    0.00  100.00
16:10:49      68    0.00    0.00    0.00    0.00    0.00    0.00    0.00    0.00    0.00  100.00
16:10:49      69    0.00    0.00    1.00    0.00    0.00    0.00    0.00    0.00    0.00   99.00
16:10:49      70    0.00    0.00    0.00    0.00    0.00    0.00    0.00    0.00    0.00  100.00
16:10:49      71    0.00    0.00    0.00    0.00    0.00    0.00    0.00    0.00    0.00  100.00

16:10:49     CPU    %usr   %nice    %sys %iowait    %irq   %soft  %steal  %guest  %gnice   %idle
16:10:50     all    1.99    0.00    0.42    0.24    0.00    0.00    0.00    0.00    0.00   97.35
16:10:50       0    0.00    0.00    0.00    0.00    0.00    0.00    0.00    0.00    0.00  100.00
16:10:50       1    0.00    0.00    0.00    0.00    0.00    0.00    0.00    0.00    0.00  100.00
16:10:50       2    0.00    0.00    0.00    0.00    0.00    0.00    0.00    0.00    0.00  100.00
16:10:50       3    1.01    0.00    0.00    0.00    0.00    0.00    0.00    0.00    0.00   98.99
16:10:50       4    0.00    0.00    0.00    0.00    0.00    0.00    0.00    0.00    0.00  100.00
16:10:50       5    1.00    0.00    0.00    0.00    0.00    0.00    0.00    0.00    0.00   99.00
16:10:50       6    0.00    0.00    0.00    0.00    0.00    0.00    0.00    0.00    0.00  100.00
16:10:50       7    0.00    0.00    0.00    0.00    0.00    0.00    0.00    0.00    0.00  100.00
16:10:50       8    0.00    0.00    0.00    0.00    0.00    0.00    0.00    0.00    0.00  100.00
16:10:50       9    0.00    0.00    0.00    0.00    0.00    0.00    0.00    0.00    0.00  100.00
16:10:50      10    0.00    0.00    0.00    0.00    0.00    0.00    0.00    0.00    0.00  100.00
16:10:50      11    0.00    0.00    0.00    0.00    0.00    0.00    0.00    0.00    0.00  100.00
16:10:50      12    3.03    0.00    1.01    0.00    0.00    0.00    0.00    0.00    0.00   95.96
16:10:50      13    0.00    0.00    0.00    0.00    0.00    0.00    0.00    0.00    0.00  100.00
16:10:50      14    5.00    0.00    0.00    0.00    0.00    0.00    0.00    0.00    0.00   95.00
16:10:50      15    0.00    0.00    0.00    0.00    0.00    0.00    0.00    0.00    0.00  100.00
16:10:50      16    0.00    0.00    0.00    0.00    0.00    0.00    0.00    0.00    0.00  100.00
16:10:50      17    0.00    0.00    0.00    0.00    0.00    0.00    0.00    0.00    0.00  100.00
16:10:50      18   15.15    0.00    1.01    0.00    0.00    0.00    0.00    0.00    0.00   83.84
16:10:50      19    4.00    0.00    1.00    8.00    0.00    0.00    0.00    0.00    0.00   87.00
16:10:50      20    5.00    0.00    1.00    0.00    0.00    0.00    0.00    0.00    0.00   94.00
16:10:50      21    6.86    0.00    0.98    6.86    0.00    0.00    0.00    0.00    0.00   85.29
16:10:50      22   12.12    0.00    2.02    0.00    0.00    0.00    0.00    0.00    0.00   85.86
16:10:50      23    3.03    0.00    0.00    0.00    0.00    0.00    0.00    0.00    0.00   96.97
16:10:50      24    2.00    0.00    0.00    0.00    0.00    0.00    0.00    0.00    0.00   98.00
16:10:50      25    0.00    0.00    0.00    0.00    0.00    0.00    0.00    0.00    0.00  100.00
16:10:50      26   16.33    0.00    1.02    0.00    0.00    0.00    0.00    0.00    0.00   82.65
16:10:50      27    0.99    0.00    0.99    0.00    0.00    0.00    0.00    0.00    0.00   98.02
16:10:50      28    1.00    0.00    0.00    0.00    0.00    0.00    0.00    0.00    0.00   99.00
16:10:50      29    2.02    0.00    1.01    0.00    0.00    0.00    0.00    0.00    0.00   96.97
16:10:50      30    1.00    0.00    1.00    0.00    0.00    0.00    0.00    0.00    0.00   98.00
16:10:50      31    0.00    0.00    0.00    0.00    0.00    0.00    0.00    0.00    0.00  100.00
16:10:50      32    6.06    0.00    1.01    0.00    0.00    0.00    0.00    0.00    0.00   92.93
16:10:50      33    4.00    0.00    1.00    0.00    0.00    0.00    0.00    0.00    0.00   95.00
16:10:50      34   15.31    0.00    5.10    0.00    0.00    0.00    0.00    0.00    0.00   79.59
16:10:50      35    4.00    0.00    0.00    0.00    0.00    0.00    0.00    0.00    0.00   96.00
16:10:50      36    2.00    0.00    1.00    0.00    0.00    0.00    0.00    0.00    0.00   97.00
16:10:50      37    0.00    0.00    1.00    0.00    0.00    0.00    0.00    0.00    0.00   99.00
16:10:50      38    0.00    0.00    0.00    0.00    0.00    0.00    0.00    0.00    0.00  100.00
16:10:50      39    2.94    0.00    1.96    0.98    0.00    0.00    0.00    0.00    0.00   94.12
16:10:50      40    2.00    0.00    1.00    0.00    0.00    0.00    0.00    0.00    0.00   97.00
16:10:50      41    1.01    0.00    1.01    0.00    0.00    0.00    0.00    0.00    0.00   97.98
16:10:50      42    1.00    0.00    0.00    0.00    0.00    0.00    0.00    0.00    0.00   99.00
16:10:50      43    1.01    0.00    0.00    0.00    0.00    0.00    0.00    0.00    0.00   98.99
16:10:50      44    4.04    0.00    0.00    0.00    0.00    0.00    0.00    0.00    0.00   95.96
16:10:50      45    1.98    0.00    0.00    0.00    0.00    0.00    0.00    0.00    0.00   98.02
16:10:50      46    0.00    0.00    0.00    0.00    0.00    0.00    0.00    0.00    0.00  100.00
16:10:50      47    2.00    0.00    0.00    0.00    0.00    0.00    0.00    0.00    0.00   98.00
16:10:50      48    2.02    0.00    0.00    0.00    0.00    0.00    0.00    0.00    0.00   97.98
16:10:50      49    0.00    0.00    0.00    0.00    0.00    0.00    0.00    0.00    0.00  100.00
16:10:50      50    0.00    0.00    0.00    0.00    0.00    0.00    0.00    0.00    0.00  100.00
16:10:50      51    2.02    0.00    0.00    0.00    0.00    0.00    0.00    0.00    0.00   97.98
16:10:50      52    0.00    0.00    0.00    0.00    0.00    0.00    0.00    0.00    0.00  100.00
16:10:50      53    0.99    0.00    0.99    0.99    0.00    0.00    0.00    0.00    0.00   97.03
16:10:50      54    0.00    0.00    0.00    0.00    0.00    0.00    0.00    0.00    0.00  100.00
16:10:50      55    1.00    0.00    0.00    0.00    0.00    0.00    0.00    0.00    0.00   99.00
16:10:50      56    0.00    0.00    0.00    0.00    0.00    0.00    0.00    0.00    0.00  100.00
16:10:50      57    0.00    0.00    0.00    0.00    0.00    0.00    0.00    0.00    0.00  100.00
16:10:50      58    3.06    0.00    0.00    0.00    0.00    0.00    0.00    0.00    0.00   96.94
16:10:50      59    3.96    0.00    0.99    0.00    0.00    0.00    0.00    0.00    0.00   95.05
16:10:50      60    0.00    0.00    0.00    0.00    0.00    0.00    0.00    0.00    0.00  100.00
16:10:50      61    0.00    0.00    0.00    0.00    0.00    0.00    0.00    0.00    0.00  100.00
16:10:50      62    0.00    0.00    0.00    0.00    0.00    0.00    0.00    0.00    0.00  100.00
16:10:50      63    0.00    0.00    0.00    0.00    0.00    0.00    0.00    0.00    0.00  100.00
16:10:50      64    0.00    0.00    0.00    0.00    0.00    0.00    0.00    0.00    0.00  100.00
16:10:50      65    0.00    0.00    1.00    0.00    0.00    0.00    0.00    0.00    0.00   99.00
16:10:50      66    0.00    0.00    0.00    0.00    0.00    0.00    0.00    0.00    0.00  100.00
16:10:50      67    0.00    0.00    0.00    0.00    0.00    0.00    0.00    0.00    0.00  100.00
16:10:50      68    0.00    0.00    0.00    0.00    0.00    0.00    0.00    0.00    0.00  100.00
16:10:50      69    4.04    0.00    1.01    0.00    0.00    0.00    0.00    0.00    0.00   94.95
16:10:50      70    0.00    0.00    0.00    0.00    0.00    0.00    0.00    0.00    0.00  100.00
16:10:50      71    0.00    0.00    2.00    0.00    0.00    0.00    0.00    0.00    0.00   98.00

16:10:50     CPU    %usr   %nice    %sys %iowait    %irq   %soft  %steal  %guest  %gnice   %idle
16:10:51     all    1.17    0.00    0.42    0.24    0.00    0.01    0.00    0.00    0.00   98.16
16:10:51       0    0.00    0.00    0.00    0.00    0.00    0.00    0.00    0.00    0.00  100.00
16:10:51       1    0.00    0.00    0.99    0.00    0.00    0.00    0.00    0.00    0.00   99.01
16:10:51       2    0.00    0.00    0.00    0.00    0.00    0.00    0.00    0.00    0.00  100.00
16:10:51       3    0.00    0.00    1.00    0.00    0.00    0.00    0.00    0.00    0.00   99.00
16:10:51       4    0.00    0.00    0.00    0.00    0.00    0.00    0.00    0.00    0.00  100.00
16:10:51       5    1.00    0.00    0.00    0.00    0.00    0.00    0.00    0.00    0.00   99.00
16:10:51       6    0.00    0.00    0.00    0.00    0.00    0.00    0.00    0.00    0.00  100.00
16:10:51       7    0.00    0.00    0.00    0.00    0.00    0.00    0.00    0.00    0.00  100.00
16:10:51       8    0.00    0.00    0.00    0.00    0.00    0.00    0.00    0.00    0.00  100.00
16:10:51       9    0.00    0.00    0.00    0.00    0.00    0.00    0.00    0.00    0.00  100.00
16:10:51      10    1.01    0.00    0.00    0.00    0.00    0.00    0.00    0.00    0.00   98.99
16:10:51      11    0.00    0.00    0.00    0.00    0.00    0.00    0.00    0.00    0.00  100.00
16:10:51      12    1.00    0.00    0.00    0.00    0.00    0.00    0.00    0.00    0.00   99.00
16:10:51      13    0.00    0.00    0.00    0.00    0.00    0.00    0.00    0.00    0.00  100.00
16:10:51      14    2.00    0.00    0.00    0.00    0.00    0.00    0.00    0.00    0.00   98.00
16:10:51      15    0.00    0.00    0.00    0.00    0.00    0.00    0.00    0.00    0.00  100.00
16:10:51      16    0.00    0.00    0.00    0.00    0.00    0.00    0.00    0.00    0.00  100.00
16:10:51      17    0.00    0.00    0.00    0.00    0.00    0.00    0.00    0.00    0.00  100.00
16:10:51      18   13.13    0.00    1.01    0.00    0.00    0.00    0.00    0.00    0.00   85.86
16:10:51      19    3.06    0.00    1.02    0.00    0.00    0.00    0.00    0.00    0.00   95.92
16:10:51      20    0.00    0.00    0.00    0.00    0.00    0.00    0.00    0.00    0.00  100.00
16:10:51      21    0.00    0.00    0.00    5.05    0.00    0.00    0.00    0.00    0.00   94.95
16:10:51      22    8.08    0.00    2.02    2.02    0.00    0.00    0.00    0.00    0.00   87.88
16:10:51      23    3.03    0.00    0.00    0.00    0.00    0.00    0.00    0.00    0.00   96.97
16:10:51      24    2.02    0.00    1.01    1.01    0.00    0.00    0.00    0.00    0.00   95.96
16:10:51      25    0.00    0.00    0.99    0.00    0.00    0.00    0.00    0.00    0.00   99.01
16:10:51      26   11.00    0.00    4.00    1.00    0.00    0.00    0.00    0.00    0.00   84.00
16:10:51      27    6.06    0.00    2.02    0.00    0.00    0.00    0.00    0.00    0.00   91.92
16:10:51      28    2.00    0.00    0.00    0.00    0.00    0.00    0.00    0.00    0.00   98.00
16:10:51      29    2.00    0.00    0.00    0.00    0.00    0.00    0.00    0.00    0.00   98.00
16:10:51      30    3.00    0.00    1.00    0.00    0.00    0.00    0.00    0.00    0.00   96.00
16:10:51      31    2.00    0.00    1.00    0.00    0.00    0.00    0.00    0.00    0.00   97.00
16:10:51      32    0.99    0.00    0.00    0.00    0.00    0.00    0.00    0.00    0.00   99.01
16:10:51      33    2.00    0.00    0.00    0.00    0.00    0.00    0.00    0.00    0.00   98.00
16:10:51      34    3.00    0.00    6.00    0.00    0.00    0.00    0.00    0.00    0.00   91.00
16:10:51      35    1.01    0.00    0.00    0.00    0.00    0.00    0.00    0.00    0.00   98.99
16:10:51      36    1.00    0.00    0.00    0.00    0.00    0.00    0.00    0.00    0.00   99.00
16:10:51      37    0.00    0.00    0.00    0.00    0.00    0.00    0.00    0.00    0.00  100.00
16:10:51      38    0.00    0.00    0.00    0.00    0.00    0.00    0.00    0.00    0.00  100.00
16:10:51      39    0.00    0.00    0.00    0.00    0.00    0.00    0.00    0.00    0.00  100.00
16:10:51      40    0.00    0.00    0.00    8.25    0.00    0.00    0.00    0.00    0.00   91.75
16:10:51      41    0.00    0.00    0.00    0.00    0.00    0.00    0.00    0.00    0.00  100.00
16:10:51      42    0.00    0.00    1.00    0.00    0.00    0.00    0.00    0.00    0.00   99.00
16:10:51      43    0.99    0.00    0.99    0.00    0.00    0.00    0.00    0.00    0.00   98.02
16:10:51      44    1.00    0.00    0.00    0.00    0.00    0.00    0.00    0.00    0.00   99.00
16:10:51      45    0.00    0.00    0.00    0.00    0.00    0.00    0.00    0.00    0.00  100.00
16:10:51      46    0.00    0.00    0.00    0.00    0.00    0.00    0.00    0.00    0.00  100.00
16:10:51      47    2.02    0.00    0.00    0.00    0.00    0.00    0.00    0.00    0.00   97.98
16:10:51      48    1.00    0.00    0.00    0.00    0.00    0.00    0.00    0.00    0.00   99.00
16:10:51      49    0.00    0.00    0.00    0.00    0.00    0.00    0.00    0.00    0.00  100.00
16:10:51      50    0.00    0.00    0.00    0.00    0.00    0.00    0.00    0.00    0.00  100.00
16:10:51      51    1.00    0.00    0.00    0.00    0.00    0.00    0.00    0.00    0.00   99.00
16:10:51      52    1.00    0.00    0.00    0.00    0.00    0.00    0.00    0.00    0.00   99.00
16:10:51      53    0.00    0.00    0.00    0.00    0.00    0.00    0.00    0.00    0.00  100.00
16:10:51      54    0.00    0.00    0.00    0.00    0.00    0.00    0.00    0.00    0.00  100.00
16:10:51      55    0.00    0.00    0.00    0.00    0.00    0.00    0.00    0.00    0.00  100.00
16:10:51      56    4.00    0.00    2.00    0.00    0.00    1.00    0.00    0.00    0.00   93.00
16:10:51      57    0.00    0.00    0.00    0.00    0.00    0.00    0.00    0.00    0.00  100.00
16:10:51      58    3.96    0.00    0.99    0.00    0.00    0.00    0.00    0.00    0.00   95.05
16:10:51      59    1.00    0.00    0.00    0.00    0.00    0.00    0.00    0.00    0.00   99.00
16:10:51      60    0.00    0.00    0.00    0.00    0.00    0.00    0.00    0.00    0.00  100.00
16:10:51      61    0.00    0.00    0.00    0.00    0.00    0.00    0.00    0.00    0.00  100.00
16:10:51      62    0.00    0.00    0.00    0.00    0.00    0.00    0.00    0.00    0.00  100.00
16:10:51      63    0.00    0.00    0.00    0.00    0.00    0.00    0.00    0.00    0.00  100.00
16:10:51      64    0.00    0.00    0.00    0.00    0.00    0.00    0.00    0.00    0.00  100.00
16:10:51      65    0.00    0.00    0.00    0.00    0.00    0.00    0.00    0.00    0.00  100.00
16:10:51      66    0.00    0.00    0.00    0.00    0.00    0.00    0.00    0.00    0.00  100.00
16:10:51      67    0.00    0.00    0.00    0.00    0.00    0.00    0.00    0.00    0.00  100.00
16:10:51      68    0.00    0.00    1.00    0.00    0.00    0.00    0.00    0.00    0.00   99.00
16:10:51      69    0.00    0.00    0.00    0.00    0.00    0.00    0.00    0.00    0.00  100.00
16:10:51      70    0.00    0.00    0.00    0.00    0.00    0.00    0.00    0.00    0.00  100.00
16:10:51      71    0.00    0.00    2.04    0.00    0.00    0.00    0.00    0.00    0.00   97.96

16:10:51     CPU    %usr   %nice    %sys %iowait    %irq   %soft  %steal  %guest  %gnice   %idle
16:10:52     all    0.97    0.00    0.49    0.31    0.00    0.00    0.00    0.00    0.00   98.23
16:10:52       0    2.08    0.00    1.04    0.00    0.00    0.00    0.00    0.00    0.00   96.88
16:10:52       1    0.00    0.00    0.00    0.00    0.00    0.00    0.00    0.00    0.00  100.00
16:10:52       2    0.00    0.00    0.00    0.00    0.00    0.00    0.00    0.00    0.00  100.00
16:10:52       3    0.00    0.00    0.00    0.00    0.00    0.00    0.00    0.00    0.00  100.00
16:10:52       4    1.98    0.00    0.99    0.00    0.00    0.00    0.00    0.00    0.00   97.03
16:10:52       5    1.00    0.00    0.00    0.00    0.00    0.00    0.00    0.00    0.00   99.00
16:10:52       6    1.00    0.00    0.00    0.00    0.00    0.00    0.00    0.00    0.00   99.00
16:10:52       7    0.00    0.00    0.00    0.00    0.00    0.00    0.00    0.00    0.00  100.00
16:10:52       8    0.00    0.00    0.00    0.00    0.00    0.00    0.00    0.00    0.00  100.00
16:10:52       9    0.00    0.00    0.00    0.00    0.00    0.00    0.00    0.00    0.00  100.00
16:10:52      10    3.96    0.00    1.98    0.00    0.00    0.00    0.00    0.00    0.00   94.06
16:10:52      11    0.00    0.00    0.00    0.00    0.00    0.00    0.00    0.00    0.00  100.00
16:10:52      12    0.00    0.00    0.00    0.00    0.00    0.00    0.00    0.00    0.00  100.00
16:10:52      13    0.00    0.00    0.00    0.00    0.00    0.00    0.00    0.00    0.00  100.00
16:10:52      14    0.00    0.00    1.00    0.00    0.00    0.00    0.00    0.00    0.00   99.00
16:10:52      15    0.00    0.00    0.00    0.00    0.00    0.00    0.00    0.00    0.00  100.00
16:10:52      16    0.00    0.00    0.00    0.00    0.00    0.00    0.00    0.00    0.00  100.00
16:10:52      17    0.00    0.00    0.00    0.00    0.00    0.00    0.00    0.00    0.00  100.00
16:10:52      18   13.00    0.00    5.00    1.00    0.00    0.00    0.00    0.00    0.00   81.00
16:10:52      19    0.98    0.00    0.98    8.82    0.00    0.00    0.00    0.00    0.00   89.22
16:10:52      20    1.00    0.00    0.00    9.00    0.00    0.00    0.00    0.00    0.00   90.00
16:10:52      21    3.00    0.00    2.00    0.00    0.00    0.00    0.00    0.00    0.00   95.00
16:10:52      22    8.16    0.00    2.04    3.06    0.00    0.00    0.00    0.00    0.00   86.73
16:10:52      23    3.00    0.00    1.00    0.00    0.00    0.00    0.00    0.00    0.00   96.00
16:10:52      24    2.00    0.00    0.00    0.00    0.00    0.00    0.00    0.00    0.00   98.00
16:10:52      25    0.00    0.00    0.00    0.00    0.00    0.00    0.00    0.00    0.00  100.00
16:10:52      26    5.00    0.00    1.00    0.00    0.00    0.00    0.00    0.00    0.00   94.00
16:10:52      27    1.00    0.00    0.00    0.00    0.00    0.00    0.00    0.00    0.00   99.00
16:10:52      28    1.00    0.00    1.00    0.00    0.00    0.00    0.00    0.00    0.00   98.00
16:10:52      29    1.98    0.00    0.00    0.00    0.00    0.00    0.00    0.00    0.00   98.02
16:10:52      30    1.01    0.00    0.00    0.00    0.00    0.00    0.00    0.00    0.00   98.99
16:10:52      31    0.00    0.00    0.00    0.00    0.00    0.00    0.00    0.00    0.00  100.00
16:10:52      32    0.00    0.00    0.00    0.00    0.00    0.00    0.00    0.00    0.00  100.00
16:10:52      33    0.00    0.00    0.00    0.00    0.00    0.00    0.00    0.00    0.00  100.00
16:10:52      34    4.00    0.00    5.00    0.00    0.00    0.00    0.00    0.00    0.00   91.00
16:10:52      35    1.00    0.00    0.00    0.00    0.00    0.00    0.00    0.00    0.00   99.00
16:10:52      36    0.00    0.00    0.00    0.00    0.00    0.00    0.00    0.00    0.00  100.00
16:10:52      37    0.00    0.00    0.00    0.00    0.00    0.00    0.00    0.00    0.00  100.00
16:10:52      38    0.99    0.00    0.99    0.00    0.00    0.00    0.00    0.00    0.00   98.02
16:10:52      39    0.00    0.00    0.00    0.00    0.00    0.00    0.00    0.00    0.00  100.00
16:10:52      40    2.06    0.00    0.00    0.00    0.00    0.00    0.00    0.00    0.00   97.94
16:10:52      41    0.00    0.00    0.00    0.00    0.00    0.00    0.00    0.00    0.00  100.00
16:10:52      42    1.00    0.00    0.00    0.00    0.00    0.00    0.00    0.00    0.00   99.00
16:10:52      43    0.00    0.00    0.00    0.00    0.00    0.00    0.00    0.00    0.00  100.00
16:10:52      44    0.00    0.00    0.99    0.00    0.00    0.00    0.00    0.00    0.00   99.01
16:10:52      45    2.00    0.00    0.00    0.00    0.00    0.00    0.00    0.00    0.00   98.00
16:10:52      46    0.00    0.00    0.00    0.00    0.00    0.00    0.00    0.00    0.00  100.00
16:10:52      47    0.00    0.00    0.00    0.00    0.00    0.00    0.00    0.00    0.00  100.00
16:10:52      48    0.00    0.00    0.00    0.00    0.00    0.00    0.00    0.00    0.00  100.00
16:10:52      49    0.00    0.00    0.00    0.00    0.00    0.00    0.00    0.00    0.00  100.00
16:10:52      50    0.00    0.00    0.00    0.00    0.00    0.00    0.00    0.00    0.00  100.00
16:10:52      51    0.00    0.00    0.00    0.00    0.00    0.00    0.00    0.00    0.00  100.00
16:10:52      52    0.00    0.00    0.00    0.00    0.00    0.00    0.00    0.00    0.00  100.00
16:10:52      53    0.00    0.00    0.00    0.00    0.00    0.00    0.00    0.00    0.00  100.00
16:10:52      54    0.00    0.00    0.00    0.00    0.00    0.00    0.00    0.00    0.00  100.00
16:10:52      55    0.00    0.00    0.99    0.00    0.00    0.00    0.00    0.00    0.00   99.01
16:10:52      56    1.01    0.00    0.00    0.00    0.00    0.00    0.00    0.00    0.00   98.99
16:10:52      57    0.00    0.00    0.00    0.00    0.00    0.00    0.00    0.00    0.00  100.00
16:10:52      58    4.00    0.00    0.00    0.00    0.00    0.00    0.00    0.00    0.00   96.00
16:10:52      59    0.00    0.00    0.00    0.00    0.00    0.00    0.00    0.00    0.00  100.00
16:10:52      60    0.00    0.00    0.00    0.00    0.00    0.00    0.00    0.00    0.00  100.00
16:10:52      61    0.00    0.00    0.00    0.00    0.00    0.00    0.00    0.00    0.00  100.00
16:10:52      62    0.00    0.00    0.00    0.00    0.00    0.00    0.00    0.00    0.00  100.00
16:10:52      63    1.00    0.00    1.00    0.00    0.00    0.00    0.00    0.00    0.00   98.00
16:10:52      64    0.00    0.00    0.00    0.00    0.00    0.00    0.00    0.00    0.00  100.00
16:10:52      65    0.00    0.00    1.00    0.00    0.00    0.00    0.00    0.00    0.00   99.00
16:10:52      66    0.00    0.00    0.00    0.00    0.00    0.00    0.00    0.00    0.00  100.00
16:10:52      67    0.00    0.00    0.00    0.00    0.00    0.00    0.00    0.00    0.00  100.00
16:10:52      68    0.99    0.00    0.99    0.00    0.00    0.00    0.00    0.00    0.00   98.02
16:10:52      69    0.00    0.00    1.00    0.00    0.00    0.00    0.00    0.00    0.00   99.00
16:10:52      70    0.00    0.00    1.00    0.00    0.00    0.00    0.00    0.00    0.00   99.00
16:10:52      71    1.00    0.00    4.00    0.00    0.00    0.00    0.00    0.00    0.00   95.00

16:10:52     CPU    %usr   %nice    %sys %iowait    %irq   %soft  %steal  %guest  %gnice   %idle
16:10:53     all    1.24    0.00    0.45    0.32    0.00    0.01    0.00    0.00    0.00   97.98
16:10:53       0    1.04    0.00    2.08    0.00    0.00    0.00    0.00    0.00    0.00   96.88
16:10:53       1    1.00    0.00    0.00    0.00    0.00    0.00    0.00    0.00    0.00   99.00
16:10:53       2    0.00    0.00    0.00    0.00    0.00    0.00    0.00    0.00    0.00  100.00
16:10:53       3    0.00    0.00    1.00    0.00    0.00    0.00    0.00    0.00    0.00   99.00
16:10:53       4    2.00    0.00    1.00    0.00    0.00    0.00    0.00    0.00    0.00   97.00
16:10:53       5    2.02    0.00    1.01    0.00    0.00    0.00    0.00    0.00    0.00   96.97
16:10:53       6    0.00    0.00    0.00    0.00    0.00    0.00    0.00    0.00    0.00  100.00
16:10:53       7    0.00    0.00    0.00    0.00    0.00    0.00    0.00    0.00    0.00  100.00
16:10:53       8    0.00    0.00    0.00    0.00    0.00    0.00    0.00    0.00    0.00  100.00
16:10:53       9    0.00    0.00    0.00    0.00    0.00    0.00    0.00    0.00    0.00  100.00
16:10:53      10    0.00    0.00    0.00    0.00    0.00    0.00    0.00    0.00    0.00  100.00
16:10:53      11    0.00    0.00    0.00    0.00    0.00    0.00    0.00    0.00    0.00  100.00
16:10:53      12    1.98    0.00    0.99    0.99    0.00    0.00    0.00    0.00    0.00   96.04
16:10:53      13    0.00    0.00    0.00    0.00    0.00    0.00    0.00    0.00    0.00  100.00
16:10:53      14    1.98    0.00    0.00    0.00    0.00    0.00    0.00    0.00    0.00   98.02
16:10:53      15    0.00    0.00    0.00    0.00    0.00    0.00    0.00    0.00    0.00  100.00
16:10:53      16    1.00    0.00    0.00    0.00    0.00    0.00    0.00    0.00    0.00   99.00
16:10:53      17    0.00    0.00    0.00    0.00    0.00    0.00    0.00    0.00    0.00  100.00
16:10:53      18   10.10    0.00    8.08    1.01    0.00    0.00    0.00    0.00    0.00   80.81
16:10:53      19    2.02    0.00    1.01    3.03    0.00    0.00    0.00    0.00    0.00   93.94
16:10:53      20    1.01    0.00    1.01   16.16    0.00    0.00    0.00    0.00    0.00   81.82
16:10:53      21    1.00    0.00    0.00    0.00    0.00    0.00    0.00    0.00    0.00   99.00
16:10:53      22    8.00    0.00    2.00    0.00    0.00    0.00    0.00    0.00    0.00   90.00
16:10:53      23    2.02    0.00    1.01    0.00    0.00    0.00    0.00    0.00    0.00   96.97
16:10:53      24    3.03    0.00    1.01    0.00    0.00    0.00    0.00    0.00    0.00   95.96
16:10:53      25    1.00    0.00    1.00    0.00    0.00    0.00    0.00    0.00    0.00   98.00
16:10:53      26    9.09    0.00    1.01    0.00    0.00    0.00    0.00    0.00    0.00   89.90
16:10:53      27    1.00    0.00    0.00    0.00    0.00    0.00    0.00    0.00    0.00   99.00
16:10:53      28    3.00    0.00    0.00    0.00    0.00    0.00    0.00    0.00    0.00   97.00
16:10:53      29    2.02    0.00    1.01    0.00    0.00    0.00    0.00    0.00    0.00   96.97
16:10:53      30    3.00    0.00    1.00    0.00    0.00    0.00    0.00    0.00    0.00   96.00
16:10:53      31    1.00    0.00    1.00    0.00    0.00    0.00    0.00    0.00    0.00   98.00
16:10:53      32    0.00    0.00    0.00    0.00    0.00    0.00    0.00    0.00    0.00  100.00
16:10:53      33    0.00    0.00    0.00    0.00    0.00    0.00    0.00    0.00    0.00  100.00
16:10:53      34    3.00    0.00    1.00    1.00    0.00    0.00    0.00    0.00    0.00   95.00
16:10:53      35    2.00    0.00    0.00    0.00    0.00    0.00    0.00    0.00    0.00   98.00
16:10:53      36    2.02    0.00    0.00    0.00    0.00    0.00    0.00    0.00    0.00   97.98
16:10:53      37    1.00    0.00    0.00    0.00    0.00    0.00    0.00    0.00    0.00   99.00
16:10:53      38    1.00    0.00    0.00    0.00    0.00    0.00    0.00    0.00    0.00   99.00
16:10:53      39    1.98    0.00    0.00    0.00    0.00    0.00    0.00    0.00    0.00   98.02
16:10:53      40    1.01    0.00    0.00    0.00    0.00    1.01    0.00    0.00    0.00   97.98
16:10:53      41    0.00    0.00    0.99    0.00    0.00    0.00    0.00    0.00    0.00   99.01
16:10:53      42    1.00    0.00    1.00    1.00    0.00    0.00    0.00    0.00    0.00   97.00
16:10:53      43    0.00    0.00    1.00    0.00    0.00    0.00    0.00    0.00    0.00   99.00
16:10:53      44    1.02    0.00    0.00    0.00    0.00    0.00    0.00    0.00    0.00   98.98
16:10:53      45    1.00    0.00    0.00    0.00    0.00    0.00    0.00    0.00    0.00   99.00
16:10:53      46    0.00    0.00    0.00    0.00    0.00    0.00    0.00    0.00    0.00  100.00
16:10:53      47    1.00    0.00    1.00    0.00    0.00    0.00    0.00    0.00    0.00   98.00
16:10:53      48    0.00    0.00    0.00    0.00    0.00    0.00    0.00    0.00    0.00  100.00
16:10:53      49    1.00    0.00    0.00    0.00    0.00    0.00    0.00    0.00    0.00   99.00
16:10:53      50    1.00    0.00    0.00    0.00    0.00    0.00    0.00    0.00    0.00   99.00
16:10:53      51    2.00    0.00    0.00    0.00    0.00    0.00    0.00    0.00    0.00   98.00
16:10:53      52    0.00    0.00    0.00    0.00    0.00    0.00    0.00    0.00    0.00  100.00
16:10:53      53    1.01    0.00    0.00    0.00    0.00    0.00    0.00    0.00    0.00   98.99
16:10:53      54    0.00    0.00    0.00    0.00    0.00    0.00    0.00    0.00    0.00  100.00
16:10:53      55    0.00    0.00    0.00    0.00    0.00    0.00    0.00    0.00    0.00  100.00
16:10:53      56    0.00    0.00    0.00    0.00    0.00    0.00    0.00    0.00    0.00  100.00
16:10:53      57    0.00    0.00    0.00    0.00    0.00    0.00    0.00    0.00    0.00  100.00
16:10:53      58    3.03    0.00    0.00    0.00    0.00    0.00    0.00    0.00    0.00   96.97
16:10:53      59    0.00    0.00    0.00    0.00    0.00    0.00    0.00    0.00    0.00  100.00
16:10:53      60    0.00    0.00    0.00    0.00    0.00    0.00    0.00    0.00    0.00  100.00
16:10:53      61    0.00    0.00    0.00    0.00    0.00    0.00    0.00    0.00    0.00  100.00
16:10:53      62    0.00    0.00    0.00    0.00    0.00    0.00    0.00    0.00    0.00  100.00
16:10:53      63    0.00    0.00    0.00    0.00    0.00    0.00    0.00    0.00    0.00  100.00
16:10:53      64    0.00    0.00    0.00    0.00    0.00    0.00    0.00    0.00    0.00  100.00
16:10:53      65    1.00    0.00    0.00    0.00    0.00    0.00    0.00    0.00    0.00   99.00
16:10:53      66    1.00    0.00    1.00    0.00    0.00    0.00    0.00    0.00    0.00   98.00
16:10:53      67    0.99    0.00    0.00    0.00    0.00    0.00    0.00    0.00    0.00   99.01
16:10:53      68    1.00    0.00    0.00    0.00    0.00    0.00    0.00    0.00    0.00   99.00
16:10:53      69    1.00    0.00    0.00    0.00    0.00    0.00    0.00    0.00    0.00   99.00
16:10:53      70    1.00    0.00    0.00    0.00    0.00    0.00    0.00    0.00    0.00   99.00
16:10:53      71    1.00    0.00    1.00    0.00    0.00    0.00    0.00    0.00    0.00   98.00

16:10:53     CPU    %usr   %nice    %sys %iowait    %irq   %soft  %steal  %guest  %gnice   %idle
16:10:54     all    1.38    0.00    0.72    0.26    0.00    0.00    0.00    0.00    0.00   97.64
16:10:54       0    1.04    0.00    4.17    0.00    0.00    0.00    0.00    0.00    0.00   94.79
16:10:54       1    0.00    0.00    5.15    0.00    0.00    0.00    0.00    0.00    0.00   94.85
16:10:54       2    0.00    0.00    0.00    0.00    0.00    0.00    0.00    0.00    0.00  100.00
16:10:54       3    1.00    0.00    0.00    0.00    0.00    0.00    0.00    0.00    0.00   99.00
16:10:54       4    0.00    0.00    0.00    0.00    0.00    0.00    0.00    0.00    0.00  100.00
16:10:54       5    0.99    0.00    0.99    0.00    0.00    0.00    0.00    0.00    0.00   98.02
16:10:54       6    0.00    0.00    0.00    0.00    0.00    0.00    0.00    0.00    0.00  100.00
16:10:54       7    0.00    0.00    0.00    0.00    0.00    0.00    0.00    0.00    0.00  100.00
16:10:54       8    1.00    0.00    0.00    0.00    0.00    0.00    0.00    0.00    0.00   99.00
16:10:54       9    2.00    0.00    0.00    0.00    0.00    0.00    0.00    0.00    0.00   98.00
16:10:54      10    0.00    0.00    0.00    0.00    0.00    0.00    0.00    0.00    0.00  100.00
16:10:54      11    0.99    0.00    0.99    0.00    0.00    0.00    0.00    0.00    0.00   98.02
16:10:54      12    1.98    0.00    0.99    0.00    0.00    0.00    0.00    0.00    0.00   97.03
16:10:54      13    0.99    0.00    0.99    0.00    0.00    0.00    0.00    0.00    0.00   98.02
16:10:54      14    2.00    0.00    0.00    0.00    0.00    0.00    0.00    0.00    0.00   98.00
16:10:54      15    1.00    0.00    0.00    0.00    0.00    0.00    0.00    0.00    0.00   99.00
16:10:54      16    0.00    0.00    0.00    0.00    0.00    0.00    0.00    0.00    0.00  100.00
16:10:54      17    0.99    0.00    0.00    0.00    0.00    0.00    0.00    0.00    0.00   99.01
16:10:54      18    8.08    0.00    6.06    0.00    0.00    0.00    0.00    0.00    0.00   85.86
16:10:54      19    0.99    0.00    1.98   17.82    0.00    0.00    0.00    0.00    0.00   79.21
16:10:54      20    2.00    0.00    0.00    0.00    0.00    0.00    0.00    0.00    0.00   98.00
16:10:54      21    2.02    0.00    1.01    0.00    0.00    0.00    0.00    0.00    0.00   96.97
16:10:54      22    5.00    0.00    1.00    0.00    0.00    0.00    0.00    0.00    0.00   94.00
16:10:54      23    5.05    0.00    1.01    0.00    0.00    0.00    0.00    0.00    0.00   93.94
16:10:54      24    1.98    0.00    2.97    0.00    0.00    0.00    0.00    0.00    0.00   95.05
16:10:54      25    4.00    0.00    3.00    0.00    0.00    0.00    0.00    0.00    0.00   93.00
16:10:54      26    7.07    0.00    2.02    0.00    0.00    0.00    0.00    0.00    0.00   90.91
16:10:54      27    5.05    0.00    1.01    0.00    0.00    0.00    0.00    0.00    0.00   93.94
16:10:54      28    2.00    0.00    1.00    0.00    0.00    0.00    0.00    0.00    0.00   97.00
16:10:54      29    2.00    0.00    1.00    1.00    0.00    0.00    0.00    0.00    0.00   96.00
16:10:54      30    3.03    0.00    0.00    0.00    0.00    0.00    0.00    0.00    0.00   96.97
16:10:54      31    3.00    0.00    1.00    0.00    0.00    0.00    0.00    0.00    0.00   96.00
16:10:54      32    2.00    0.00    0.00    0.00    0.00    0.00    0.00    0.00    0.00   98.00
16:10:54      33    0.99    0.00    0.00    0.00    0.00    0.00    0.00    0.00    0.00   99.01
16:10:54      34    6.06    0.00    5.05    0.00    0.00    0.00    0.00    0.00    0.00   88.89
16:10:54      35    1.00    0.00    1.00    0.00    0.00    0.00    0.00    0.00    0.00   98.00
16:10:54      36    1.98    0.00    0.00    0.00    0.00    0.00    0.00    0.00    0.00   98.02
16:10:54      37    1.00    0.00    0.00    0.00    0.00    0.00    0.00    0.00    0.00   99.00
16:10:54      38    1.00    0.00    0.00    0.00    0.00    0.00    0.00    0.00    0.00   99.00
16:10:54      39    0.00    0.00    0.00    0.00    0.00    0.00    0.00    0.00    0.00  100.00
16:10:54      40    2.02    0.00    1.01    0.00    0.00    0.00    0.00    0.00    0.00   96.97
16:10:54      41    1.00    0.00    0.00    0.00    0.00    0.00    0.00    0.00    0.00   99.00
16:10:54      42    1.00    0.00    0.00    0.00    0.00    0.00    0.00    0.00    0.00   99.00
16:10:54      43    0.99    0.00    0.99    0.00    0.00    0.00    0.00    0.00    0.00   98.02
16:10:54      44    1.98    0.00    0.99    0.00    0.00    0.00    0.00    0.00    0.00   97.03
16:10:54      45    0.00    0.00    1.00    0.00    0.00    0.00    0.00    0.00    0.00   99.00
16:10:54      46    1.00    0.00    0.00    0.00    0.00    0.00    0.00    0.00    0.00   99.00
16:10:54      47    1.00    0.00    0.00    0.00    0.00    0.00    0.00    0.00    0.00   99.00
16:10:54      48    1.00    0.00    0.00    0.00    0.00    0.00    0.00    0.00    0.00   99.00
16:10:54      49    0.00    0.00    0.00    0.00    0.00    0.00    0.00    0.00    0.00  100.00
16:10:54      50    0.00    0.00    0.00    0.00    0.00    0.00    0.00    0.00    0.00  100.00
16:10:54      51    2.02    0.00    0.00    0.00    0.00    0.00    0.00    0.00    0.00   97.98
16:10:54      52    1.00    0.00    0.00    0.00    0.00    0.00    0.00    0.00    0.00   99.00
16:10:54      53    0.00    0.00    1.00    0.00    0.00    0.00    0.00    0.00    0.00   99.00
16:10:54      54    1.00    0.00    1.00    0.00    0.00    0.00    0.00    0.00    0.00   98.00
16:10:54      55    0.00    0.00    0.00    0.00    0.00    0.00    0.00    0.00    0.00  100.00
16:10:54      56    0.00    0.00    0.00    0.00    0.00    0.00    0.00    0.00    0.00  100.00
16:10:54      57    0.00    0.00    0.00    0.00    0.00    0.00    0.00    0.00    0.00  100.00
16:10:54      58    1.98    0.00    0.99    0.00    0.00    0.00    0.00    0.00    0.00   97.03
16:10:54      59    0.00    0.00    0.00    0.00    0.00    0.00    0.00    0.00    0.00  100.00
16:10:54      60    1.00    0.00    0.00    0.00    0.00    0.00    0.00    0.00    0.00   99.00
16:10:54      61    0.00    0.00    0.00    0.00    0.00    0.00    0.00    0.00    0.00  100.00
16:10:54      62    0.00    0.00    0.00    0.00    0.00    0.00    0.00    0.00    0.00  100.00
16:10:54      63    0.99    0.00    0.00    0.00    0.00    0.00    0.00    0.00    0.00   99.01
16:10:54      64    0.00    0.00    0.00    0.00    0.00    0.00    0.00    0.00    0.00  100.00
16:10:54      65    1.00    0.00    0.00    0.00    0.00    0.00    0.00    0.00    0.00   99.00
16:10:54      66    0.00    0.00    1.00    0.00    0.00    0.00    0.00    0.00    0.00   99.00
16:10:54      67    0.00    0.00    0.00    0.00    0.00    0.00    0.00    0.00    0.00  100.00
16:10:54      68    0.00    0.00    0.00    0.00    0.00    0.00    0.00    0.00    0.00  100.00
16:10:54      69    1.00    0.00    2.00    0.00    0.00    0.00    0.00    0.00    0.00   97.00
16:10:54      70    0.00    0.00    0.00    0.00    0.00    0.00    0.00    0.00    0.00  100.00
16:10:54      71    0.00    0.00    0.00    0.00    0.00    0.00    0.00    0.00    0.00  100.00

16:10:54     CPU    %usr   %nice    %sys %iowait    %irq   %soft  %steal  %guest  %gnice   %idle
16:10:55     all    1.06    0.00    0.53    0.31    0.00    0.00    0.00    0.00    0.00   98.11
16:10:55       0    1.04    0.00    3.12    0.00    0.00    0.00    0.00    0.00    0.00   95.83
16:10:55       1    0.00    0.00    0.00    0.00    0.00    0.00    0.00    0.00    0.00  100.00
16:10:55       2    0.00    0.00    0.00    0.00    0.00    0.00    0.00    0.00    0.00  100.00
16:10:55       3    0.00    0.00    1.01    0.00    0.00    0.00    0.00    0.00    0.00   98.99
16:10:55       4    1.00    0.00    0.00   19.00    0.00    0.00    0.00    0.00    0.00   80.00
16:10:55       5    1.00    0.00    0.00    0.00    0.00    0.00    0.00    0.00    0.00   99.00
16:10:55       6    0.00    0.00    0.00    0.00    0.00    0.00    0.00    0.00    0.00  100.00
16:10:55       7    0.00    0.00    0.00    0.00    0.00    0.00    0.00    0.00    0.00  100.00
16:10:55       8    0.00    0.00    0.00    0.00    0.00    0.00    0.00    0.00    0.00  100.00
16:10:55       9    0.00    0.00    0.00    0.00    0.00    0.00    0.00    0.00    0.00  100.00
16:10:55      10    1.01    0.00    1.01    0.00    0.00    0.00    0.00    0.00    0.00   97.98
16:10:55      11    0.00    0.00    0.00    0.00    0.00    0.00    0.00    0.00    0.00  100.00
16:10:55      12    0.00    0.00    0.00    0.00    0.00    0.00    0.00    0.00    0.00  100.00
16:10:55      13    0.00    0.00    0.00    0.00    0.00    0.00    0.00    0.00    0.00  100.00
16:10:55      14    0.00    0.00    0.00    0.00    0.00    0.00    0.00    0.00    0.00  100.00
16:10:55      15    0.00    0.00    1.00    0.00    0.00    0.00    0.00    0.00    0.00   99.00
16:10:55      16    1.00    0.00    0.00    0.00    0.00    0.00    0.00    0.00    0.00   99.00
16:10:55      17    0.00    0.00    0.00    0.00    0.00    0.00    0.00    0.00    0.00  100.00
16:10:55      18   14.00    0.00    7.00    1.00    0.00    0.00    0.00    0.00    0.00   78.00
16:10:55      19    1.01    0.00    0.00    0.00    0.00    0.00    0.00    0.00    0.00   98.99
16:10:55      20    5.00    0.00    2.00    0.00    0.00    0.00    0.00    0.00    0.00   93.00
16:10:55      21    1.01    0.00    0.00    0.00    0.00    0.00    0.00    0.00    0.00   98.99
16:10:55      22   11.11    0.00    4.04    1.01    0.00    0.00    0.00    0.00    0.00   83.84
16:10:55      23    3.00    0.00    1.00    0.00    0.00    0.00    0.00    0.00    0.00   96.00
16:10:55      24    3.00    0.00    2.00    0.00    0.00    0.00    0.00    0.00    0.00   95.00
16:10:55      25    2.00    0.00    0.00    0.00    0.00    0.00    0.00    0.00    0.00   98.00
16:10:55      26    5.10    0.00    1.02    0.00    0.00    0.00    0.00    0.00    0.00   93.88
16:10:55      27    1.00    0.00    1.00    0.00    0.00    0.00    0.00    0.00    0.00   98.00
16:10:55      28    1.01    0.00    0.00    0.00    0.00    0.00    0.00    0.00    0.00   98.99
16:10:55      29    1.00    0.00    1.00    0.00    0.00    0.00    0.00    0.00    0.00   98.00
16:10:55      30    2.97    0.00    0.99    0.00    0.00    0.00    0.00    0.00    0.00   96.04
16:10:55      31    1.01    0.00    0.00    0.00    0.00    0.00    0.00    0.00    0.00   98.99
16:10:55      32    1.00    0.00    1.00    0.00    0.00    0.00    0.00    0.00    0.00   98.00
16:10:55      33    1.00    0.00    0.00    0.00    0.00    0.00    0.00    0.00    0.00   99.00
16:10:55      34    3.00    0.00    4.00    1.00    0.00    0.00    0.00    0.00    0.00   92.00
16:10:55      35    0.00    0.00    0.00    0.00    0.00    0.00    0.00    0.00    0.00  100.00
16:10:55      36    0.00    0.00    1.00    0.00    0.00    0.00    0.00    0.00    0.00   99.00
16:10:55      37    0.00    0.00    1.00    0.00    0.00    0.00    0.00    0.00    0.00   99.00
16:10:55      38    0.00    0.00    0.00    0.00    0.00    0.00    0.00    0.00    0.00  100.00
16:10:55      39    0.00    0.00    1.00    0.00    0.00    0.00    0.00    0.00    0.00   99.00
16:10:55      40    0.00    0.00    0.00    0.00    0.00    0.00    0.00    0.00    0.00  100.00
16:10:55      41    0.00    0.00    0.00    0.00    0.00    0.00    0.00    0.00    0.00  100.00
16:10:55      42    0.00    0.00    0.00    0.00    0.00    0.00    0.00    0.00    0.00  100.00
16:10:55      43    1.01    0.00    0.00    0.00    0.00    0.00    0.00    0.00    0.00   98.99
16:10:55      44    0.00    0.00    0.00    0.00    0.00    0.00    0.00    0.00    0.00  100.00
16:10:55      45    0.99    0.00    0.00    0.00    0.00    0.00    0.00    0.00    0.00   99.01
16:10:55      46    0.00    0.00    1.01    0.00    0.00    0.00    0.00    0.00    0.00   98.99
16:10:55      47    0.99    0.00    0.99    0.00    0.00    0.00    0.00    0.00    0.00   98.02
16:10:55      48    0.00    0.00    0.00    0.00    0.00    0.00    0.00    0.00    0.00  100.00
16:10:55      49    0.00    0.00    0.00    0.00    0.00    0.00    0.00    0.00    0.00  100.00
16:10:55      50    0.00    0.00    0.00    0.00    0.00    0.00    0.00    0.00    0.00  100.00
16:10:55      51    0.99    0.00    0.99    0.00    0.00    0.00    0.00    0.00    0.00   98.02
16:10:55      52    1.00    0.00    0.00    0.00    0.00    0.00    0.00    0.00    0.00   99.00
16:10:55      53    1.98    0.00    0.00    0.00    0.00    0.00    0.00    0.00    0.00   98.02
16:10:55      54    0.00    0.00    0.00    0.00    0.00    0.00    0.00    0.00    0.00  100.00
16:10:55      55    0.00    0.00    0.00    0.00    0.00    0.00    0.00    0.00    0.00  100.00
16:10:55      56    0.99    0.00    0.00    0.00    0.00    0.00    0.00    0.00    0.00   99.01
16:10:55      57    0.00    0.00    0.99    0.00    0.00    0.00    0.00    0.00    0.00   99.01
16:10:55      58    2.02    0.00    0.00    0.00    0.00    0.00    0.00    0.00    0.00   97.98
16:10:55      59    0.99    0.00    0.00    0.00    0.00    0.00    0.00    0.00    0.00   99.01
16:10:55      60    0.00    0.00    0.00    0.00    0.00    0.00    0.00    0.00    0.00  100.00
16:10:55      61    0.00    0.00    0.00    0.00    0.00    0.00    0.00    0.00    0.00  100.00
16:10:55      62    0.99    0.00    0.00    0.00    0.00    0.00    0.00    0.00    0.00   99.01
16:10:55      63    0.00    0.00    0.00    0.00    0.00    0.00    0.00    0.00    0.00  100.00
16:10:55      64    0.00    0.00    0.00    0.00    0.00    0.00    0.00    0.00    0.00  100.00
16:10:55      65    1.00    0.00    0.00    0.00    0.00    0.00    0.00    0.00    0.00   99.00
16:10:55      66    0.00    0.00    0.00    0.00    0.00    0.00    0.00    0.00    0.00  100.00
16:10:55      67    0.00    0.00    0.00    0.00    0.00    0.00    0.00    0.00    0.00  100.00
16:10:55      68    0.00    0.00    0.00    0.00    0.00    0.00    0.00    0.00    0.00  100.00
16:10:55      69    0.00    0.00    0.00    0.00    0.00    0.00    0.00    0.00    0.00  100.00
16:10:55      70    0.99    0.00    0.00    0.00    0.00    0.00    0.00    0.00    0.00   99.01
16:10:55      71    0.00    0.00    0.00    0.00    0.00    0.00    0.00    0.00    0.00  100.00

16:10:55     CPU    %usr   %nice    %sys %iowait    %irq   %soft  %steal  %guest  %gnice   %idle
16:10:56     all    1.03    0.00    0.47    0.28    0.00    0.00    0.00    0.00    0.00   98.22
16:10:56       0    0.00    0.00    0.00    0.00    0.00    0.00    0.00    0.00    0.00  100.00
16:10:56       1    0.00    0.00    0.00    0.00    0.00    0.00    0.00    0.00    0.00  100.00
16:10:56       2    0.00    0.00    0.00    0.00    0.00    0.00    0.00    0.00    0.00  100.00
16:10:56       3    0.99    0.00    0.99    0.00    0.00    0.00    0.00    0.00    0.00   98.02
16:10:56       4    0.00    0.00    0.00   18.00    0.00    0.00    0.00    0.00    0.00   82.00
16:10:56       5    0.00    0.00    0.00    0.00    0.00    0.00    0.00    0.00    0.00  100.00
16:10:56       6    0.00    0.00    0.00    0.00    0.00    0.00    0.00    0.00    0.00  100.00
16:10:56       7    1.98    0.00    3.96    0.00    0.00    0.00    0.00    0.00    0.00   94.06
16:10:56       8    0.00    0.00    0.00    0.00    0.00    0.00    0.00    0.00    0.00  100.00
16:10:56       9    0.00    0.00    0.00    0.00    0.00    0.00    0.00    0.00    0.00  100.00
16:10:56      10    0.00    0.00    0.99    0.00    0.00    0.00    0.00    0.00    0.00   99.01
16:10:56      11    0.00    0.00    0.00    0.00    0.00    0.00    0.00    0.00    0.00  100.00
16:10:56      12    2.00    0.00    0.00    0.00    0.00    0.00    0.00    0.00    0.00   98.00
16:10:56      13    0.00    0.00    0.00    0.00    0.00    0.00    0.00    0.00    0.00  100.00
16:10:56      14    0.00    0.00    0.00    0.00    0.00    0.00    0.00    0.00    0.00  100.00
16:10:56      15    0.00    0.00    0.00    0.00    0.00    0.00    0.00    0.00    0.00  100.00
16:10:56      16    0.00    0.00    0.00    0.00    0.00    0.00    0.00    0.00    0.00  100.00
16:10:56      17    0.00    0.00    0.00    0.00    0.00    0.00    0.00    0.00    0.00  100.00
16:10:56      18    7.07    0.00    7.07    0.00    0.00    0.00    0.00    0.00    0.00   85.86
16:10:56      19    2.00    0.00    1.00    0.00    0.00    0.00    0.00    0.00    0.00   97.00
16:10:56      20    2.02    0.00    0.00    0.00    0.00    0.00    0.00    0.00    0.00   97.98
16:10:56      21    1.98    0.00    0.00    0.00    0.00    0.00    0.00    0.00    0.00   98.02
16:10:56      22   11.00    0.00    4.00    1.00    0.00    0.00    0.00    0.00    0.00   84.00
16:10:56      23    2.04    0.00    0.00    0.00    0.00    0.00    0.00    0.00    0.00   97.96
16:10:56      24    4.00    0.00    2.00    0.00    0.00    0.00    0.00    0.00    0.00   94.00
16:10:56      25    2.00    0.00    1.00    0.00    0.00    0.00    0.00    0.00    0.00   97.00
16:10:56      26   10.00    0.00    2.00    1.00    0.00    0.00    0.00    0.00    0.00   87.00
16:10:56      27    2.00    0.00    1.00    0.00    0.00    0.00    0.00    0.00    0.00   97.00
16:10:56      28    3.00    0.00    2.00    0.00    0.00    0.00    0.00    0.00    0.00   95.00
16:10:56      29    1.01    0.00    1.01    0.00    0.00    0.00    0.00    0.00    0.00   97.98
16:10:56      30    2.00    0.00    2.00    0.00    0.00    0.00    0.00    0.00    0.00   96.00
16:10:56      31    2.00    0.00    1.00    0.00    0.00    0.00    0.00    0.00    0.00   97.00
16:10:56      32    0.00    0.00    0.00    0.00    0.00    0.00    0.00    0.00    0.00  100.00
16:10:56      33    1.01    0.00    0.00    0.00    0.00    0.00    0.00    0.00    0.00   98.99
16:10:56      34    4.00    0.00    1.00    0.00    0.00    0.00    0.00    0.00    0.00   95.00
16:10:56      35    1.00    0.00    1.00    0.00    0.00    0.00    0.00    0.00    0.00   98.00
16:10:56      36    0.00    0.00    0.00    0.00    0.00    0.00    0.00    0.00    0.00  100.00
16:10:56      37    0.99    0.00    0.00    0.00    0.00    0.00    0.00    0.00    0.00   99.01
16:10:56      38    0.00    0.00    0.00    0.00    0.00    0.00    0.00    0.00    0.00  100.00
16:10:56      39    0.00    0.00    0.00    0.00    0.00    0.00    0.00    0.00    0.00  100.00
16:10:56      40    1.01    0.00    0.00    0.00    0.00    0.00    0.00    0.00    0.00   98.99
16:10:56      41    0.00    0.00    0.00    0.00    0.00    0.00    0.00    0.00    0.00  100.00
16:10:56      42    0.00    0.00    0.00    0.00    0.00    0.00    0.00    0.00    0.00  100.00
16:10:56      43    0.00    0.00    1.00    0.00    0.00    0.00    0.00    0.00    0.00   99.00
16:10:56      44    0.00    0.00    0.00    0.00    0.00    0.00    0.00    0.00    0.00  100.00
16:10:56      45    0.00    0.00    0.00    0.00    0.00    0.00    0.00    0.00    0.00  100.00
16:10:56      46    0.00    0.00    0.00    0.00    0.00    0.00    0.00    0.00    0.00  100.00
16:10:56      47    0.00    0.00    0.00    0.00    0.00    0.00    0.00    0.00    0.00  100.00
16:10:56      48    0.00    0.00    0.00    0.00    0.00    0.00    0.00    0.00    0.00  100.00
16:10:56      49    0.00    0.00    0.00    0.00    0.00    0.00    0.00    0.00    0.00  100.00
16:10:56      50    0.00    0.00    0.00    0.00    0.00    0.00    0.00    0.00    0.00  100.00
16:10:56      51    0.00    0.00    0.00    0.00    0.00    0.00    0.00    0.00    0.00  100.00
16:10:56      52    0.00    0.00    0.00    0.00    0.00    0.00    0.00    0.00    0.00  100.00
16:10:56      53    0.00    0.00    0.00    0.00    0.00    0.00    0.00    0.00    0.00  100.00
16:10:56      54    1.00    0.00    0.00    0.00    0.00    0.00    0.00    0.00    0.00   99.00
16:10:56      55    0.00    0.00    0.00    0.00    0.00    0.00    0.00    0.00    0.00  100.00
16:10:56      56    0.00    0.00    0.00    0.00    0.00    0.00    0.00    0.00    0.00  100.00
16:10:56      57    0.00    0.00    0.00    0.00    0.00    0.00    0.00    0.00    0.00  100.00
16:10:56      58    2.97    0.00    0.00    0.00    0.00    0.00    0.00    0.00    0.00   97.03
16:10:56      59    0.00    0.00    0.00    0.00    0.00    0.00    0.00    0.00    0.00  100.00
16:10:56      60    0.00    0.00    0.00    0.00    0.00    0.00    0.00    0.00    0.00  100.00
16:10:56      61    1.00    0.00    0.00    0.00    0.00    0.00    0.00    0.00    0.00   99.00
16:10:56      62    0.00    0.00    0.00    0.00    0.00    0.00    0.00    0.00    0.00  100.00
16:10:56      63    0.00    0.00    0.00    0.00    0.00    0.00    0.00    0.00    0.00  100.00
16:10:56      64    0.00    0.00    0.00    0.00    0.00    0.00    0.00    0.00    0.00  100.00
16:10:56      65    0.00    0.00    1.00    0.00    0.00    0.00    0.00    0.00    0.00   99.00
16:10:56      66    2.00    0.00    0.00    0.00    0.00    0.00    0.00    0.00    0.00   98.00
16:10:56      67    1.00    0.00    0.00    0.00    0.00    0.00    0.00    0.00    0.00   99.00
16:10:56      68    1.01    0.00    0.00    0.00    0.00    0.00    0.00    0.00    0.00   98.99
16:10:56      69    0.00    0.00    0.00    0.00    0.00    0.00    0.00    0.00    0.00  100.00
16:10:56      70    0.00    0.00    0.00    0.00    0.00    0.00    0.00    0.00    0.00  100.00
16:10:56      71    0.00    0.00    0.00    0.00    0.00    0.00    0.00    0.00    0.00  100.00

16:10:56     CPU    %usr   %nice    %sys %iowait    %irq   %soft  %steal  %guest  %gnice   %idle
16:10:57     all    0.96    0.00    0.47    0.26    0.00    0.00    0.00    0.00    0.00   98.30
16:10:57       0    0.00    0.00    0.00    0.00    0.00    0.00    0.00    0.00    0.00  100.00
16:10:57       1    0.00    0.00    0.00    0.00    0.00    0.00    0.00    0.00    0.00  100.00
16:10:57       2    0.00    0.00    0.00    0.00    0.00    0.00    0.00    0.00    0.00  100.00
16:10:57       3    0.00    0.00    0.00    0.00    0.00    0.00    0.00    0.00    0.00  100.00
16:10:57       4    0.00    0.00    1.00   18.00    0.00    0.00    0.00    0.00    0.00   81.00
16:10:57       5    0.99    0.00    0.00    0.00    0.00    0.00    0.00    0.00    0.00   99.01
16:10:57       6    0.00    0.00    0.99    0.00    0.00    0.00    0.00    0.00    0.00   99.01
16:10:57       7    0.00    0.00    0.00    0.00    0.00    0.00    0.00    0.00    0.00  100.00
16:10:57       8    0.00    0.00    0.00    0.00    0.00    0.00    0.00    0.00    0.00  100.00
16:10:57       9    0.00    0.00    0.00    0.00    0.00    0.00    0.00    0.00    0.00  100.00
16:10:57      10    0.00    0.00    0.00    0.00    0.00    0.00    0.00    0.00    0.00  100.00
16:10:57      11    0.00    0.00    0.00    0.00    0.00    0.00    0.00    0.00    0.00  100.00
16:10:57      12    0.00    0.00    0.00    0.00    0.00    0.00    0.00    0.00    0.00  100.00
16:10:57      13    0.99    0.00    0.00    0.00    0.00    0.00    0.00    0.00    0.00   99.01
16:10:57      14    0.00    0.00    0.00    0.00    0.00    0.00    0.00    0.00    0.00  100.00
16:10:57      15    0.00    0.00    0.00    0.00    0.00    0.00    0.00    0.00    0.00  100.00
16:10:57      16    0.00    0.00    0.00    0.00    0.00    0.00    0.00    0.00    0.00  100.00
16:10:57      17    0.00    0.00    0.00    0.00    0.00    0.00    0.00    0.00    0.00  100.00
16:10:57      18   10.00    0.00    9.00    1.00    0.00    0.00    0.00    0.00    0.00   80.00
16:10:57      19    2.04    0.00    0.00    0.00    0.00    0.00    0.00    0.00    0.00   97.96
16:10:57      20    1.00    0.00    0.00    0.00    0.00    0.00    0.00    0.00    0.00   99.00
16:10:57      21    2.00    0.00    2.00    0.00    0.00    0.00    0.00    0.00    0.00   96.00
16:10:57      22   10.10    0.00    2.02    0.00    0.00    0.00    0.00    0.00    0.00   87.88
16:10:57      23    4.00    0.00    1.00    0.00    0.00    0.00    0.00    0.00    0.00   95.00
16:10:57      24    3.03    0.00    0.00    0.00    0.00    0.00    0.00    0.00    0.00   96.97
16:10:57      25    1.00    0.00    1.00    0.00    0.00    0.00    0.00    0.00    0.00   98.00
16:10:57      26    7.07    0.00    3.03    0.00    0.00    0.00    0.00    0.00    0.00   89.90
16:10:57      27    1.98    0.00    0.99    0.00    0.00    0.00    0.00    0.00    0.00   97.03
16:10:57      28    1.01    0.00    0.00    0.00    0.00    0.00    0.00    0.00    0.00   98.99
16:10:57      29    1.00    0.00    0.00    0.00    0.00    0.00    0.00    0.00    0.00   99.00
16:10:57      30    2.97    0.00    0.99    0.00    0.00    0.00    0.00    0.00    0.00   96.04
16:10:57      31    0.00    0.00    0.00    0.00    0.00    0.00    0.00    0.00    0.00  100.00
16:10:57      32    1.98    0.00    0.99    0.00    0.00    0.00    0.00    0.00    0.00   97.03
16:10:57      33    0.00    0.00    0.99    0.00    0.00    0.00    0.00    0.00    0.00   99.01
16:10:57      34    8.08    0.00    2.02    0.00    0.00    0.00    0.00    0.00    0.00   89.90
16:10:57      35    2.00    0.00    0.00    0.00    0.00    0.00    0.00    0.00    0.00   98.00
16:10:57      36    0.99    0.00    0.00    0.00    0.00    0.00    0.00    0.00    0.00   99.01
16:10:57      37    0.00    0.00    0.00    0.00    0.00    0.00    0.00    0.00    0.00  100.00
16:10:57      38    0.99    0.00    0.00    0.00    0.00    0.00    0.00    0.00    0.00   99.01
16:10:57      39    1.00    0.00    0.00    0.00    0.00    0.00    0.00    0.00    0.00   99.00
16:10:57      40    0.00    0.00    1.01    0.00    0.00    0.00    0.00    0.00    0.00   98.99
16:10:57      41    0.00    0.00    0.00    0.00    0.00    0.00    0.00    0.00    0.00  100.00
16:10:57      42    0.00    0.00    0.00    0.00    0.00    0.00    0.00    0.00    0.00  100.00
16:10:57      43    0.00    0.00    0.00    0.00    0.00    0.00    0.00    0.00    0.00  100.00
16:10:57      44    0.00    0.00    0.00    0.00    0.00    0.00    0.00    0.00    0.00  100.00
16:10:57      45    0.00    0.00    0.00    0.00    0.00    0.00    0.00    0.00    0.00  100.00
16:10:57      46    0.00    0.00    0.00    0.00    0.00    0.00    0.00    0.00    0.00  100.00
16:10:57      47    0.00    0.00    0.00    0.00    0.00    0.00    0.00    0.00    0.00  100.00
16:10:57      48    0.00    0.00    0.00    0.00    0.00    0.00    0.00    0.00    0.00  100.00
16:10:57      49    0.00    0.00    0.00    0.00    0.00    0.00    0.00    0.00    0.00  100.00
16:10:57      50    0.00    0.00    0.00    0.00    0.00    0.00    0.00    0.00    0.00  100.00
16:10:57      51    0.00    0.00    0.00    0.00    0.00    0.00    0.00    0.00    0.00  100.00
16:10:57      52    0.00    0.00    0.00    0.00    0.00    0.00    0.00    0.00    0.00  100.00
16:10:57      53    0.00    0.00    0.00    0.00    0.00    0.00    0.00    0.00    0.00  100.00
16:10:57      54    2.00    0.00    1.00    0.00    0.00    0.00    0.00    0.00    0.00   97.00
16:10:57      55    0.00    0.00    0.00    0.00    0.00    0.00    0.00    0.00    0.00  100.00
16:10:57      56    0.00    0.00    0.99    0.00    0.00    0.00    0.00    0.00    0.00   99.01
16:10:57      57    0.00    0.00    0.00    0.00    0.00    0.00    0.00    0.00    0.00  100.00
16:10:57      58    1.01    0.00    0.00    0.00    0.00    0.00    0.00    0.00    0.00   98.99
16:10:57      59    0.00    0.00    0.99    0.00    0.00    0.00    0.00    0.00    0.00   99.01
16:10:57      60    0.00    0.00    0.00    0.00    0.00    0.00    0.00    0.00    0.00  100.00
16:10:57      61    0.00    0.00    0.00    0.00    0.00    0.00    0.00    0.00    0.00  100.00
16:10:57      62    0.00    0.00    0.00    0.00    0.00    0.00    0.00    0.00    0.00  100.00
16:10:57      63    0.00    0.00    0.00    0.00    0.00    0.00    0.00    0.00    0.00  100.00
16:10:57      64    0.00    0.00    0.00    0.00    0.00    0.00    0.00    0.00    0.00  100.00
16:10:57      65    0.00    0.00    1.00    0.00    0.00    0.00    0.00    0.00    0.00   99.00
16:10:57      66    1.00    0.00    2.00    0.00    0.00    0.00    0.00    0.00    0.00   97.00
16:10:57      67    0.00    0.00    0.00    0.00    0.00    0.00    0.00    0.00    0.00  100.00
16:10:57      68    0.00    0.00    0.99    0.00    0.00    0.00    0.00    0.00    0.00   99.01
16:10:57      69    1.00    0.00    0.00    0.00    0.00    0.00    0.00    0.00    0.00   99.00
16:10:57      70    0.00    0.00    0.00    0.00    0.00    0.00    0.00    0.00    0.00  100.00
16:10:57      71    0.00    0.00    0.00    0.00    0.00    0.00    0.00    0.00    0.00  100.00

16:10:57     CPU    %usr   %nice    %sys %iowait    %irq   %soft  %steal  %guest  %gnice   %idle
16:10:58     all    0.79    0.00    0.39    0.32    0.00    0.01    0.00    0.00    0.00   98.48
16:10:58       0    0.00    0.00    0.00    0.00    0.00    0.00    0.00    0.00    0.00  100.00
16:10:58       1    0.00    0.00    0.00    0.00    0.00    0.00    0.00    0.00    0.00  100.00
16:10:58       2    0.00    0.00    0.00    0.00    0.00    0.00    0.00    0.00    0.00  100.00
16:10:58       3    0.00    0.00    0.00    0.00    0.00    0.00    0.00    0.00    0.00  100.00
16:10:58       4    0.00    0.00    0.00   19.19    0.00    0.00    0.00    0.00    0.00   80.81
16:10:58       5    0.00    0.00    0.00    0.00    0.00    0.00    0.00    0.00    0.00  100.00
16:10:58       6    0.00    0.00    0.00    0.00    0.00    0.00    0.00    0.00    0.00  100.00
16:10:58       7    0.00    0.00    1.00    0.00    0.00    0.00    0.00    0.00    0.00   99.00
16:10:58       8    0.00    0.00    0.00    0.00    0.00    0.00    0.00    0.00    0.00  100.00
16:10:58       9    0.00    0.00    0.00    0.00    0.00    0.00    0.00    0.00    0.00  100.00
16:10:58      10    0.00    0.00    0.00    0.00    0.00    0.00    0.00    0.00    0.00  100.00
16:10:58      11    0.00    0.00    0.00    0.00    0.00    0.00    0.00    0.00    0.00  100.00
16:10:58      12    0.99    0.00    0.00    0.00    0.00    0.00    0.00    0.00    0.00   99.01
16:10:58      13    0.00    0.00    0.00    0.00    0.00    0.00    0.00    0.00    0.00  100.00
16:10:58      14    0.00    0.00    0.00    0.00    0.00    0.00    0.00    0.00    0.00  100.00
16:10:58      15    0.00    0.00    0.00    0.00    0.00    0.00    0.00    0.00    0.00  100.00
16:10:58      16    0.00    0.00    0.00    0.00    0.00    0.00    0.00    0.00    0.00  100.00
16:10:58      17    0.00    0.00    0.00    0.00    0.00    0.00    0.00    0.00    0.00  100.00
16:10:58      18    9.18    0.00    7.14    0.00    0.00    0.00    0.00    0.00    0.00   83.67
16:10:58      19    1.98    0.00    0.99    0.00    0.00    0.00    0.00    0.00    0.00   97.03
16:10:58      20    1.00    0.00    0.00    0.00    0.00    0.00    0.00    0.00    0.00   99.00
16:10:58      21    1.00    0.00    1.00    0.00    0.00    0.00    0.00    0.00    0.00   98.00
16:10:58      22    9.00    0.00    2.00    1.00    0.00    1.00    0.00    0.00    0.00   87.00
16:10:58      23    3.92    0.00    0.98    0.98    0.00    0.00    0.00    0.00    0.00   94.12
16:10:58      24    3.00    0.00    1.00    0.00    0.00    0.00    0.00    0.00    0.00   96.00
16:10:58      25    1.01    0.00    0.00    0.00    0.00    0.00    0.00    0.00    0.00   98.99
16:10:58      26    4.00    0.00    1.00    0.00    0.00    0.00    0.00    0.00    0.00   95.00
16:10:58      27    1.00    0.00    1.00    0.00    0.00    0.00    0.00    0.00    0.00   98.00
16:10:58      28    3.00    0.00    0.00    0.00    0.00    0.00    0.00    0.00    0.00   97.00
16:10:58      29    1.00    0.00    0.00    0.00    0.00    0.00    0.00    0.00    0.00   99.00
16:10:58      30    0.00    0.00    0.00    0.00    0.00    0.00    0.00    0.00    0.00  100.00
16:10:58      31    0.99    0.00    0.99    0.00    0.00    0.00    0.00    0.00    0.00   98.02
16:10:58      32    0.00    0.00    0.00    0.00    0.00    0.00    0.00    0.00    0.00  100.00
16:10:58      33    0.00    0.00    0.00    0.00    0.00    0.00    0.00    0.00    0.00  100.00
16:10:58      34    7.00    0.00    4.00    1.00    0.00    0.00    0.00    0.00    0.00   88.00
16:10:58      35    1.00    0.00    1.00    0.00    0.00    0.00    0.00    0.00    0.00   98.00
16:10:58      36    0.00    0.00    0.00    0.00    0.00    0.00    0.00    0.00    0.00  100.00
16:10:58      37    0.00    0.00    0.00    0.00    0.00    0.00    0.00    0.00    0.00  100.00
16:10:58      38    0.00    0.00    0.00    0.00    0.00    0.00    0.00    0.00    0.00  100.00
16:10:58      39    0.00    0.00    1.00    0.00    0.00    0.00    0.00    0.00    0.00   99.00
16:10:58      40    0.00    0.00    0.00    0.00    0.00    0.00    0.00    0.00    0.00  100.00
16:10:58      41    0.00    0.00    0.00    0.00    0.00    0.00    0.00    0.00    0.00  100.00
16:10:58      42    0.99    0.00    0.00    0.00    0.00    0.00    0.00    0.00    0.00   99.01
16:10:58      43    0.00    0.00    0.00    0.00    0.00    0.00    0.00    0.00    0.00  100.00
16:10:58      44    0.99    0.00    0.99    0.00    0.00    0.00    0.00    0.00    0.00   98.02
16:10:58      45    0.00    0.00    0.00    0.00    0.00    0.00    0.00    0.00    0.00  100.00
16:10:58      46    0.00    0.00    0.00    0.00    0.00    0.00    0.00    0.00    0.00  100.00
16:10:58      47    0.00    0.00    0.00    0.00    0.00    0.00    0.00    0.00    0.00  100.00
16:10:58      48    0.00    0.00    0.00    0.00    0.00    0.00    0.00    0.00    0.00  100.00
16:10:58      49    0.00    0.00    0.00    0.00    0.00    0.00    0.00    0.00    0.00  100.00
16:10:58      50    0.99    0.00    0.00    0.00    0.00    0.00    0.00    0.00    0.00   99.01
16:10:58      51    0.00    0.00    0.00    0.00    0.00    0.00    0.00    0.00    0.00  100.00
16:10:58      52    0.00    0.00    0.00    0.00    0.00    0.00    0.00    0.00    0.00  100.00
16:10:58      53    0.00    0.00    0.00    0.00    0.00    0.00    0.00    0.00    0.00  100.00
16:10:58      54    1.01    0.00    0.00    0.00    0.00    0.00    0.00    0.00    0.00   98.99
16:10:58      55    1.00    0.00    0.00    0.00    0.00    0.00    0.00    0.00    0.00   99.00
16:10:58      56    0.00    0.00    0.00    0.00    0.00    0.00    0.00    0.00    0.00  100.00
16:10:58      57    0.00    0.00    0.00    0.00    0.00    0.00    0.00    0.00    0.00  100.00
16:10:58      58    1.98    0.00    0.00    0.00    0.00    0.00    0.00    0.00    0.00   98.02
16:10:58      59    0.00    0.00    0.00    0.00    0.00    0.00    0.00    0.00    0.00  100.00
16:10:58      60    0.00    0.00    0.00    0.00    0.00    0.00    0.00    0.00    0.00  100.00
16:10:58      61    0.00    0.00    0.00    0.00    0.00    0.00    0.00    0.00    0.00  100.00
16:10:58      62    0.00    0.00    0.00    0.00    0.00    0.00    0.00    0.00    0.00  100.00
16:10:58      63    0.00    0.00    0.00    0.00    0.00    0.00    0.00    0.00    0.00  100.00
16:10:58      64    0.00    0.00    0.00    0.00    0.00    0.00    0.00    0.00    0.00  100.00
16:10:58      65    0.00    0.00    0.00    0.00    0.00    0.00    0.00    0.00    0.00  100.00
16:10:58      66    0.00    0.00    2.02    0.00    0.00    0.00    0.00    0.00    0.00   97.98
16:10:58      67    0.00    0.00    0.00    0.00    0.00    0.00    0.00    0.00    0.00  100.00
16:10:58      68    0.00    0.00    0.00    0.00    0.00    0.00    0.00    0.00    0.00  100.00
16:10:58      69    1.00    0.00    2.00    1.00    0.00    0.00    0.00    0.00    0.00   96.00
16:10:58      70    0.00    0.00    0.00    0.00    0.00    0.00    0.00    0.00    0.00  100.00
16:10:58      71    0.00    0.00    0.00    0.00    0.00    0.00    0.00    0.00    0.00  100.00

16:10:58     CPU    %usr   %nice    %sys %iowait    %irq   %soft  %steal  %guest  %gnice   %idle
16:10:59     all    0.88    0.00    0.46    0.28    0.00    0.00    0.00    0.00    0.00   98.39
16:10:59       0    1.03    0.00    1.03    0.00    0.00    0.00    0.00    0.00    0.00   97.94
16:10:59       1    0.00    0.00    0.00    0.00    0.00    0.00    0.00    0.00    0.00  100.00
16:10:59       2    0.00    0.00    0.00    0.00    0.00    0.00    0.00    0.00    0.00  100.00
16:10:59       3    0.99    0.00    0.99    0.00    0.00    0.00    0.00    0.00    0.00   98.02
16:10:59       4    1.00    0.00    1.00   19.00    0.00    0.00    0.00    0.00    0.00   79.00
16:10:59       5    0.00    0.00    0.00    0.00    0.00    0.00    0.00    0.00    0.00  100.00
16:10:59       6    0.00    0.00    0.00    0.00    0.00    0.00    0.00    0.00    0.00  100.00
16:10:59       7    1.00    0.00    0.00    0.00    0.00    0.00    0.00    0.00    0.00   99.00
16:10:59       8    0.00    0.00    0.00    0.00    0.00    0.00    0.00    0.00    0.00  100.00
16:10:59       9    0.00    0.00    0.99    0.00    0.00    0.00    0.00    0.00    0.00   99.01
16:10:59      10    0.00    0.00    0.00    0.00    0.00    0.00    0.00    0.00    0.00  100.00
16:10:59      11    0.00    0.00    0.00    0.00    0.00    0.00    0.00    0.00    0.00  100.00
16:10:59      12    0.00    0.00    0.00    0.00    0.00    0.00    0.00    0.00    0.00  100.00
16:10:59      13    0.00    0.00    0.00    0.00    0.00    0.00    0.00    0.00    0.00  100.00
16:10:59      14    0.00    0.00    0.00    0.00    0.00    0.00    0.00    0.00    0.00  100.00
16:10:59      15    0.00    0.00    0.00    0.00    0.00    0.00    0.00    0.00    0.00  100.00
16:10:59      16    1.98    0.00    0.00    0.00    0.00    0.00    0.00    0.00    0.00   98.02
16:10:59      17    0.00    0.00    0.00    0.00    0.00    0.00    0.00    0.00    0.00  100.00
16:10:59      18   17.82    0.00    6.93    0.99    0.00    0.00    0.00    0.00    0.00   74.26
16:10:59      19    2.02    0.00    0.00    0.00    0.00    0.00    0.00    0.00    0.00   97.98
16:10:59      20    0.00    0.00    1.00    0.00    0.00    0.00    0.00    0.00    0.00   99.00
16:10:59      21    0.00    0.00    0.00    0.00    0.00    0.00    0.00    0.00    0.00  100.00
16:10:59      22    9.28    0.00    2.06    0.00    0.00    0.00    0.00    0.00    0.00   88.66
16:10:59      23    2.00    0.00    1.00    0.00    0.00    0.00    0.00    0.00    0.00   97.00
16:10:59      24    4.04    0.00    1.01    0.00    0.00    0.00    0.00    0.00    0.00   94.95
16:10:59      25    3.96    0.00    3.96    0.00    0.00    0.00    0.00    0.00    0.00   92.08
16:10:59      26    3.03    0.00    1.01    0.00    0.00    0.00    0.00    0.00    0.00   95.96
16:10:59      27    1.02    0.00    1.02    0.00    0.00    0.00    0.00    0.00    0.00   97.96
16:10:59      28    1.00    0.00    1.00    0.00    0.00    0.00    0.00    0.00    0.00   98.00
16:10:59      29    2.00    0.00    2.00    0.00    0.00    0.00    0.00    0.00    0.00   96.00
16:10:59      30    0.00    0.00    0.00    0.00    0.00    0.00    0.00    0.00    0.00  100.00
16:10:59      31    1.01    0.00    0.00    0.00    0.00    0.00    0.00    0.00    0.00   98.99
16:10:59      32    0.00    0.00    0.99    0.00    0.00    0.00    0.00    0.00    0.00   99.01
16:10:59      33    0.00    0.00    0.00    0.00    0.00    0.00    0.00    0.00    0.00  100.00
16:10:59      34    5.05    0.00    1.01    0.00    0.00    0.00    0.00    0.00    0.00   93.94
16:10:59      35    0.00    0.00    0.00    0.00    0.00    0.00    0.00    0.00    0.00  100.00
16:10:59      36    1.00    0.00    0.00    0.00    0.00    0.00    0.00    0.00    0.00   99.00
16:10:59      37    0.00    0.00    0.00    0.00    0.00    0.00    0.00    0.00    0.00  100.00
16:10:59      38    0.00    0.00    0.00    0.00    0.00    0.00    0.00    0.00    0.00  100.00
16:10:59      39    0.00    0.00    0.00    0.00    0.00    0.00    0.00    0.00    0.00  100.00
16:10:59      40    0.00    0.00    0.00    0.00    0.00    0.00    0.00    0.00    0.00  100.00
16:10:59      41    0.00    0.00    0.00    0.00    0.00    0.00    0.00    0.00    0.00  100.00
16:10:59      42    0.00    0.00    0.00    0.00    0.00    0.00    0.00    0.00    0.00  100.00
16:10:59      43    0.00    0.00    0.00    0.00    0.00    0.00    0.00    0.00    0.00  100.00
16:10:59      44    0.00    0.00    0.99    0.00    0.00    0.00    0.00    0.00    0.00   99.01
16:10:59      45    0.00    0.00    0.00    0.00    0.00    0.00    0.00    0.00    0.00  100.00
16:10:59      46    0.00    0.00    0.00    0.00    0.00    0.00    0.00    0.00    0.00  100.00
16:10:59      47    0.00    0.00    0.00    0.00    0.00    0.00    0.00    0.00    0.00  100.00
16:10:59      48    0.00    0.00    0.00    0.00    0.00    0.00    0.00    0.00    0.00  100.00
16:10:59      49    0.00    0.00    0.00    0.00    0.00    0.00    0.00    0.00    0.00  100.00
16:10:59      50    0.00    0.00    0.00    0.00    0.00    0.00    0.00    0.00    0.00  100.00
16:10:59      51    0.00    0.00    0.00    0.00    0.00    0.00    0.00    0.00    0.00  100.00
16:10:59      52    0.00    0.00    0.00    0.00    0.00    0.00    0.00    0.00    0.00  100.00
16:10:59      53    0.00    0.00    0.00    0.00    0.00    0.00    0.00    0.00    0.00  100.00
16:10:59      54    0.00    0.00    0.00    0.00    0.00    0.00    0.00    0.00    0.00  100.00
16:10:59      55    0.00    0.00    0.00    0.00    0.00    0.00    0.00    0.00    0.00  100.00
16:10:59      56    0.00    0.00    0.00    0.00    0.00    0.00    0.00    0.00    0.00  100.00
16:10:59      57    0.00    0.00    0.00    0.00    0.00    0.00    0.00    0.00    0.00  100.00
16:10:59      58    2.00    0.00    0.00    0.00    0.00    0.00    0.00    0.00    0.00   98.00
16:10:59      59    0.99    0.00    0.99    0.00    0.00    0.00    0.00    0.00    0.00   98.02
16:10:59      60    0.00    0.00    1.00    0.00    0.00    0.00    0.00    0.00    0.00   99.00
16:10:59      61    0.00    0.00    0.00    0.00    0.00    0.00    0.00    0.00    0.00  100.00
16:10:59      62    0.00    0.00    0.00    0.00    0.00    0.00    0.00    0.00    0.00  100.00
16:10:59      63    0.00    0.00    0.00    0.00    0.00    0.00    0.00    0.00    0.00  100.00
16:10:59      64    0.00    0.00    0.00    0.00    0.00    0.00    0.00    0.00    0.00  100.00
16:10:59      65    0.00    0.00    0.00    0.00    0.00    0.00    0.00    0.00    0.00  100.00
16:10:59      66    1.00    0.00    3.00    0.00    0.00    0.00    0.00    0.00    0.00   96.00
16:10:59      67    0.00    0.00    0.00    0.00    0.00    0.00    0.00    0.00    0.00  100.00
16:10:59      68    0.00    0.00    0.00    0.00    0.00    0.00    0.00    0.00    0.00  100.00
16:10:59      69    0.00    0.00    0.00    0.00    0.00    0.00    0.00    0.00    0.00  100.00
16:10:59      70    0.00    0.00    0.00    0.00    0.00    0.00    0.00    0.00    0.00  100.00
16:10:59      71    0.00    0.00    0.00    0.00    0.00    0.00    0.00    0.00    0.00  100.00

16:10:59     CPU    %usr   %nice    %sys %iowait    %irq   %soft  %steal  %guest  %gnice   %idle
16:11:00     all    0.78    0.00    0.46    0.32    0.00    0.00    0.00    0.00    0.00   98.44
16:11:00       0    0.00    0.00    0.00    0.00    0.00    0.00    0.00    0.00    0.00  100.00
16:11:00       1    1.00    0.00    0.00    0.00    0.00    0.00    0.00    0.00    0.00   99.00
16:11:00       2    0.00    0.00    0.00    0.00    0.00    0.00    0.00    0.00    0.00  100.00
16:11:00       3    0.00    0.00    0.00    0.00    0.00    0.00    0.00    0.00    0.00  100.00
16:11:00       4    0.00    0.00    0.00   19.19    0.00    0.00    0.00    0.00    0.00   80.81
16:11:00       5    0.00    0.00    0.99    0.00    0.00    0.00    0.00    0.00    0.00   99.01
16:11:00       6    0.00    0.00    1.00    0.00    0.00    0.00    0.00    0.00    0.00   99.00
16:11:00       7    0.00    0.00    0.00    0.00    0.00    0.00    0.00    0.00    0.00  100.00
16:11:00       8    0.00    0.00    0.00    0.00    0.00    0.00    0.00    0.00    0.00  100.00
16:11:00       9    0.00    0.00    0.00    0.00    0.00    0.00    0.00    0.00    0.00  100.00
16:11:00      10    0.00    0.00    0.00    0.00    0.00    0.00    0.00    0.00    0.00  100.00
16:11:00      11    0.00    0.00    0.00    0.00    0.00    0.00    0.00    0.00    0.00  100.00
16:11:00      12    0.00    0.00    0.00    0.00    0.00    0.00    0.00    0.00    0.00  100.00
16:11:00      13    0.00    0.00    0.00    0.00    0.00    0.00    0.00    0.00    0.00  100.00
16:11:00      14    0.00    0.00    0.00    0.00    0.00    0.00    0.00    0.00    0.00  100.00
16:11:00      15    0.00    0.00    0.00    0.00    0.00    0.00    0.00    0.00    0.00  100.00
16:11:00      16    0.00    0.00    1.00    0.00    0.00    0.00    0.00    0.00    0.00   99.00
16:11:00      17    0.00    0.00    0.00    0.00    0.00    0.00    0.00    0.00    0.00  100.00
16:11:00      18    7.14    0.00    7.14    0.00    0.00    0.00    0.00    0.00    0.00   85.71
16:11:00      19    5.00    0.00    1.00    0.00    0.00    0.00    0.00    0.00    0.00   94.00
16:11:00      20    1.00    0.00    0.00    0.00    0.00    0.00    0.00    0.00    0.00   99.00
16:11:00      21    0.00    0.00    0.00    0.00    0.00    0.00    0.00    0.00    0.00  100.00
16:11:00      22    8.08    0.00    3.03    1.01    0.00    0.00    0.00    0.00    0.00   87.88
16:11:00      23    3.03    0.00    1.01    0.00    0.00    0.00    0.00    0.00    0.00   95.96
16:11:00      24    0.99    0.00    1.98    0.99    0.00    0.00    0.00    0.00    0.00   96.04
16:11:00      25    3.00    0.00    1.00    1.00    0.00    0.00    0.00    0.00    0.00   95.00
16:11:00      26    7.00    0.00    2.00    0.00    0.00    0.00    0.00    0.00    0.00   91.00
16:11:00      27    5.00    0.00    1.00    0.00    0.00    0.00    0.00    0.00    0.00   94.00
16:11:00      28    1.00    0.00    0.00    0.00    0.00    0.00    0.00    0.00    0.00   99.00
16:11:00      29    1.00    0.00    0.00    0.00    0.00    0.00    0.00    0.00    0.00   99.00
16:11:00      30    0.99    0.00    0.99    0.00    0.00    0.00    0.00    0.00    0.00   98.02
16:11:00      31    0.00    0.00    0.00    0.00    0.00    0.00    0.00    0.00    0.00  100.00
16:11:00      32    0.99    0.00    0.00    0.00    0.00    0.00    0.00    0.00    0.00   99.01
16:11:00      33    0.00    0.00    0.00    0.00    0.00    0.00    0.00    0.00    0.00  100.00
16:11:00      34    4.00    0.00    4.00    0.00    0.00    0.00    0.00    0.00    0.00   92.00
16:11:00      35    0.99    0.00    0.99    0.00    0.00    0.00    0.00    0.00    0.00   98.02
16:11:00      36    0.00    0.00    0.00    0.00    0.00    0.00    0.00    0.00    0.00  100.00
16:11:00      37    1.00    0.00    1.00    0.00    0.00    0.00    0.00    0.00    0.00   98.00
16:11:00      38    0.00    0.00    0.00    0.00    0.00    0.00    0.00    0.00    0.00  100.00
16:11:00      39    0.00    0.00    0.00    0.00    0.00    0.00    0.00    0.00    0.00  100.00
16:11:00      40    0.00    0.00    0.00    0.00    0.00    0.00    0.00    0.00    0.00  100.00
16:11:00      41    0.00    0.00    0.00    0.00    0.00    0.00    0.00    0.00    0.00  100.00
16:11:00      42    0.00    0.00    0.00    0.00    0.00    0.00    0.00    0.00    0.00  100.00
16:11:00      43    0.00    0.00    1.00    0.00    0.00    0.00    0.00    0.00    0.00   99.00
16:11:00      44    0.00    0.00    0.00    0.00    0.00    0.00    0.00    0.00    0.00  100.00
16:11:00      45    0.00    0.00    1.00    0.00    0.00    0.00    0.00    0.00    0.00   99.00
16:11:00      46    0.00    0.00    0.00    0.00    0.00    0.00    0.00    0.00    0.00  100.00
16:11:00      47    0.00    0.00    0.00    0.00    0.00    0.00    0.00    0.00    0.00  100.00
16:11:00      48    0.00    0.00    0.00    0.00    0.00    0.00    0.00    0.00    0.00  100.00
16:11:00      49    0.00    0.00    0.00    0.00    0.00    0.00    0.00    0.00    0.00  100.00
16:11:00      50    0.00    0.00    0.00    0.00    0.00    0.00    0.00    0.00    0.00  100.00
16:11:00      51    0.00    0.00    0.00    0.00    0.00    0.00    0.00    0.00    0.00  100.00
16:11:00      52    0.00    0.00    0.00    0.00    0.00    0.00    0.00    0.00    0.00  100.00
16:11:00      53    0.00    0.00    0.00    0.00    0.00    0.00    0.00    0.00    0.00  100.00
16:11:00      54    0.00    0.00    0.00    0.00    0.00    0.00    0.00    0.00    0.00  100.00
16:11:00      55    0.00    0.00    0.00    0.00    0.00    0.00    0.00    0.00    0.00  100.00
16:11:00      56    0.00    0.00    0.00    0.00    0.00    0.00    0.00    0.00    0.00  100.00
16:11:00      57    0.99    0.00    0.00    0.00    0.00    0.00    0.00    0.00    0.00   99.01
16:11:00      58    1.01    0.00    0.00    0.00    0.00    0.00    0.00    0.00    0.00   98.99
16:11:00      59    0.00    0.00    0.00    0.00    0.00    0.00    0.00    0.00    0.00  100.00
16:11:00      60    1.00    0.00    2.00    0.00    0.00    0.00    0.00    0.00    0.00   97.00
16:11:00      61    0.00    0.00    0.00    0.00    0.00    0.00    0.00    0.00    0.00  100.00
16:11:00      62    0.00    0.00    0.00    0.00    0.00    0.00    0.00    0.00    0.00  100.00
16:11:00      63    0.00    0.00    0.00    0.00    0.00    0.00    0.00    0.00    0.00  100.00
16:11:00      64    0.00    0.00    0.00    0.00    0.00    0.00    0.00    0.00    0.00  100.00
16:11:00      65    0.00    0.00    1.00    0.00    0.00    0.00    0.00    0.00    0.00   99.00
16:11:00      66    0.00    0.00    0.00    0.00    0.00    0.00    0.00    0.00    0.00  100.00
16:11:00      67    0.00    0.00    0.00    0.00    0.00    0.00    0.00    0.00    0.00  100.00
16:11:00      68    0.99    0.00    0.00    0.99    0.00    0.00    0.00    0.00    0.00   98.02
16:11:00      69    1.00    0.00    0.00    0.00    0.00    0.00    0.00    0.00    0.00   99.00
16:11:00      70    0.00    0.00    0.00    0.00    0.00    0.00    0.00    0.00    0.00  100.00
16:11:00      71    0.00    0.00    0.00    0.00    0.00    0.00    0.00    0.00    0.00  100.00

16:11:00     CPU    %usr   %nice    %sys %iowait    %irq   %soft  %steal  %guest  %gnice   %idle
16:11:01     all    0.85    0.00    0.43    0.33    0.00    0.00    0.00    0.00    0.00   98.39
16:11:01       0    0.00    0.00    0.00    0.00    0.00    0.00    0.00    0.00    0.00  100.00
16:11:01       1    0.00    0.00    0.00    0.00    0.00    0.00    0.00    0.00    0.00  100.00
16:11:01       2    0.00    0.00    0.00    0.00    0.00    0.00    0.00    0.00    0.00  100.00
16:11:01       3    0.00    0.00    0.00    0.00    0.00    0.00    0.00    0.00    0.00  100.00
16:11:01       4    0.00    0.00    0.99   19.80    0.00    0.00    0.00    0.00    0.00   79.21
16:11:01       5    0.00    0.00    0.00    0.00    0.00    0.00    0.00    0.00    0.00  100.00
16:11:01       6    0.00    0.00    1.00    0.00    0.00    0.00    0.00    0.00    0.00   99.00
16:11:01       7    0.99    0.00    1.98    0.00    0.00    0.00    0.00    0.00    0.00   97.03
16:11:01       8    0.00    0.00    1.00    0.00    0.00    0.00    0.00    0.00    0.00   99.00
16:11:01       9    1.01    0.00    0.00    0.00    0.00    0.00    0.00    0.00    0.00   98.99
16:11:01      10    1.00    0.00    0.00    0.00    0.00    0.00    0.00    0.00    0.00   99.00
16:11:01      11    0.00    0.00    0.00    0.00    0.00    0.00    0.00    0.00    0.00  100.00
16:11:01      12    0.00    0.00    1.00    0.00    0.00    0.00    0.00    0.00    0.00   99.00
16:11:01      13    1.00    0.00    0.00    0.00    0.00    0.00    0.00    0.00    0.00   99.00
16:11:01      14    1.98    0.00    0.99    0.00    0.00    0.00    0.00    0.00    0.00   97.03
16:11:01      15    0.99    0.00    0.00    0.00    0.00    0.00    0.00    0.00    0.00   99.01
16:11:01      16    1.00    0.00    0.00    0.00    0.00    0.00    0.00    0.00    0.00   99.00
16:11:01      17    0.00    0.00    0.00    0.00    0.00    0.00    0.00    0.00    0.00  100.00
16:11:01      18    6.93    0.00    6.93    0.99    0.00    0.00    0.00    0.00    0.00   85.15
16:11:01      19    1.00    0.00    1.00    0.00    0.00    0.00    0.00    0.00    0.00   98.00
16:11:01      20    0.00    0.00    0.00    0.00    0.00    0.00    0.00    0.00    0.00  100.00
16:11:01      21    1.00    0.00    0.00    0.00    0.00    0.00    0.00    0.00    0.00   99.00
16:11:01      22    5.05    0.00    1.01    0.00    0.00    0.00    0.00    0.00    0.00   93.94
16:11:01      23    4.00    0.00    1.00    0.00    0.00    0.00    0.00    0.00    0.00   95.00
16:11:01      24    4.04    0.00    1.01    0.00    0.00    0.00    0.00    0.00    0.00   94.95
16:11:01      25    1.00    0.00    0.00    0.00    0.00    0.00    0.00    0.00    0.00   99.00
16:11:01      26    5.00    0.00    2.00    1.00    0.00    0.00    0.00    0.00    0.00   92.00
16:11:01      27    4.00    0.00    1.00    0.00    0.00    0.00    0.00    0.00    0.00   95.00
16:11:01      28    1.00    0.00    0.00    0.00    0.00    0.00    0.00    0.00    0.00   99.00
16:11:01      29    1.00    0.00    0.00    0.00    0.00    0.00    0.00    0.00    0.00   99.00
16:11:01      30    0.00    0.00    0.00    0.00    0.00    0.00    0.00    0.00    0.00  100.00
16:11:01      31    0.99    0.00    0.99    0.00    0.00    0.00    0.00    0.00    0.00   98.02
16:11:01      32    0.00    0.00    0.00    0.00    0.00    0.00    0.00    0.00    0.00  100.00
16:11:01      33    0.00    0.00    0.00    0.00    0.00    0.00    0.00    0.00    0.00  100.00
16:11:01      34    5.00    0.00    1.00    1.00    0.00    0.00    0.00    0.00    0.00   93.00
16:11:01      35    0.00    0.00    0.00    0.00    0.00    0.00    0.00    0.00    0.00  100.00
16:11:01      36    0.00    0.00    0.00    0.00    0.00    0.00    0.00    0.00    0.00  100.00
16:11:01      37    0.00    0.00    0.00    0.00    0.00    0.00    0.00    0.00    0.00  100.00
16:11:01      38    0.00    0.00    0.00    0.00    0.00    0.00    0.00    0.00    0.00  100.00
16:11:01      39    0.00    0.00    0.00    0.00    0.00    0.00    0.00    0.00    0.00  100.00
16:11:01      40    0.00    0.00    0.00    0.00    0.00    0.00    0.00    0.00    0.00  100.00
16:11:01      41    1.00    0.00    0.00    0.00    0.00    0.00    0.00    0.00    0.00   99.00
16:11:01      42    0.00    0.00    0.00    0.00    0.00    0.00    0.00    0.00    0.00  100.00
16:11:01      43    1.01    0.00    0.00    0.00    0.00    0.00    0.00    0.00    0.00   98.99
16:11:01      44    0.00    0.00    0.00    0.00    0.00    0.00    0.00    0.00    0.00  100.00
16:11:01      45    0.00    0.00    1.00    0.00    0.00    0.00    0.00    0.00    0.00   99.00
16:11:01      46    1.00    0.00    3.00    0.00    0.00    0.00    0.00    0.00    0.00   96.00
16:11:01      47    0.00    0.00    0.00    0.00    0.00    0.00    0.00    0.00    0.00  100.00
16:11:01      48    0.00    0.00    0.00    0.00    0.00    0.00    0.00    0.00    0.00  100.00
16:11:01      49    0.00    0.00    0.00    0.00    0.00    0.00    0.00    0.00    0.00  100.00
16:11:01      50    0.00    0.00    1.00    0.00    0.00    0.00    0.00    0.00    0.00   99.00
16:11:01      51    0.00    0.00    0.00    0.00    0.00    0.00    0.00    0.00    0.00  100.00
16:11:01      52    0.00    0.00    0.00    0.00    0.00    0.00    0.00    0.00    0.00  100.00
16:11:01      53    0.00    0.00    0.00    0.00    0.00    0.00    0.00    0.00    0.00  100.00
16:11:01      54    0.00    0.00    0.00    0.00    0.00    0.00    0.00    0.00    0.00  100.00
16:11:01      55    0.00    0.00    0.00    0.00    0.00    0.00    0.00    0.00    0.00  100.00
16:11:01      56    0.00    0.00    0.00    0.00    0.00    0.00    0.00    0.00    0.00  100.00
16:11:01      57    0.00    0.00    0.00    0.00    0.00    0.00    0.00    0.00    0.00  100.00
16:11:01      58    1.00    0.00    0.00    0.00    0.00    0.00    0.00    0.00    0.00   99.00
16:11:01      59    0.00    0.00    0.00    0.00    0.00    0.00    0.00    0.00    0.00  100.00
16:11:01      60    0.00    0.00    0.00    0.00    0.00    0.00    0.00    0.00    0.00  100.00
16:11:01      61    1.01    0.00    0.00    0.00    0.00    0.00    0.00    0.00    0.00   98.99
16:11:01      62    0.00    0.00    0.00    0.00    0.00    0.00    0.00    0.00    0.00  100.00
16:11:01      63    0.00    0.00    0.00    0.00    0.00    0.00    0.00    0.00    0.00  100.00
16:11:01      64    0.00    0.00    0.00    0.00    0.00    0.00    0.00    0.00    0.00  100.00
16:11:01      65    3.00    0.00    2.00    0.00    0.00    0.00    0.00    0.00    0.00   95.00
16:11:01      66    4.00    0.00    1.00    1.00    0.00    0.00    0.00    0.00    0.00   94.00
16:11:01      67    0.00    0.00    0.00    0.00    0.00    0.00    0.00    0.00    0.00  100.00
16:11:01      68    1.00    0.00    0.00    0.00    0.00    0.00    0.00    0.00    0.00   99.00
16:11:01      69    0.00    0.00    0.00    0.00    0.00    0.00    0.00    0.00    0.00  100.00
16:11:01      70    0.00    0.00    0.00    0.00    0.00    0.00    0.00    0.00    0.00  100.00
16:11:01      71    0.00    0.00    0.00    0.00    0.00    0.00    0.00    0.00    0.00  100.00

16:11:01     CPU    %usr   %nice    %sys %iowait    %irq   %soft  %steal  %guest  %gnice   %idle
16:11:02     all    0.84    0.00    0.43    0.26    0.00    0.00    0.00    0.00    0.00   98.47
16:11:02       0    0.00    0.00    0.00    0.00    0.00    0.00    0.00    0.00    0.00  100.00
16:11:02       1    0.00    0.00    0.00    0.00    0.00    0.00    0.00    0.00    0.00  100.00
16:11:02       2    0.00    0.00    0.00    0.00    0.00    0.00    0.00    0.00    0.00  100.00
16:11:02       3    1.00    0.00    0.00    0.00    0.00    0.00    0.00    0.00    0.00   99.00
16:11:02       4    0.00    0.00    1.00   18.00    0.00    0.00    0.00    0.00    0.00   81.00
16:11:02       5    2.02    0.00    0.00    0.00    0.00    0.00    0.00    0.00    0.00   97.98
16:11:02       6    0.00    0.00    0.00    0.00    0.00    0.00    0.00    0.00    0.00  100.00
16:11:02       7    0.99    0.00    0.00    0.00    0.00    0.00    0.00    0.00    0.00   99.01
16:11:02       8    0.00    0.00    0.00    0.00    0.00    0.00    0.00    0.00    0.00  100.00
16:11:02       9    0.00    0.00    0.00    0.00    0.00    0.00    0.00    0.00    0.00  100.00
16:11:02      10    0.00    0.00    0.00    0.00    0.00    0.00    0.00    0.00    0.00  100.00
16:11:02      11    0.00    0.00    0.00    0.00    0.00    0.00    0.00    0.00    0.00  100.00
16:11:02      12    1.00    0.00    1.00    0.00    0.00    0.00    0.00    0.00    0.00   98.00
16:11:02      13    0.00    0.00    0.00    0.00    0.00    0.00    0.00    0.00    0.00  100.00
16:11:02      14    0.00    0.00    0.00    0.00    0.00    0.00    0.00    0.00    0.00  100.00
16:11:02      15    1.00    0.00    0.00    0.00    0.00    0.00    0.00    0.00    0.00   99.00
16:11:02      16    2.97    0.00    0.00    0.00    0.00    0.00    0.00    0.00    0.00   97.03
16:11:02      17    0.00    0.00    0.00    0.00    0.00    0.00    0.00    0.00    0.00  100.00
16:11:02      18    6.06    0.00    7.07    0.00    0.00    0.00    0.00    0.00    0.00   86.87
16:11:02      19    0.00    0.00    0.00    0.00    0.00    0.00    0.00    0.00    0.00  100.00
16:11:02      20    1.01    0.00    0.00    0.00    0.00    0.00    0.00    0.00    0.00   98.99
16:11:02      21    0.00    0.00    0.00    0.00    0.00    0.00    0.00    0.00    0.00  100.00
16:11:02      22   12.00    0.00    2.00    0.00    0.00    0.00    0.00    0.00    0.00   86.00
16:11:02      23    3.03    0.00    1.01    0.00    0.00    0.00    0.00    0.00    0.00   95.96
16:11:02      24    2.00    0.00    1.00    0.00    0.00    0.00    0.00    0.00    0.00   97.00
16:11:02      25    3.00    0.00    3.00    1.00    0.00    0.00    0.00    0.00    0.00   93.00
16:11:02      26    6.19    0.00    4.12    0.00    0.00    0.00    0.00    0.00    0.00   89.69
16:11:02      27    2.02    0.00    1.01    0.00    0.00    0.00    0.00    0.00    0.00   96.97
16:11:02      28    1.01    0.00    0.00    0.00    0.00    0.00    0.00    0.00    0.00   98.99
16:11:02      29    1.00    0.00    0.00    0.00    0.00    0.00    0.00    0.00    0.00   99.00
16:11:02      30    0.00    0.00    0.00    0.00    0.00    0.00    0.00    0.00    0.00  100.00
16:11:02      31    3.00    0.00    1.00    0.00    0.00    0.00    0.00    0.00    0.00   96.00
16:11:02      32    0.00    0.00    0.00    0.00    0.00    0.00    0.00    0.00    0.00  100.00
16:11:02      33    2.00    0.00    0.00    0.00    0.00    0.00    0.00    0.00    0.00   98.00
16:11:02      34    4.08    0.00    1.02    0.00    0.00    0.00    0.00    0.00    0.00   94.90
16:11:02      35    0.99    0.00    0.99    0.00    0.00    0.00    0.00    0.00    0.00   98.02
16:11:02      36    1.00    0.00    0.00    0.00    0.00    0.00    0.00    0.00    0.00   99.00
16:11:02      37    1.00    0.00    0.00    0.00    0.00    0.00    0.00    0.00    0.00   99.00
16:11:02      38    0.00    0.00    0.00    0.00    0.00    0.00    0.00    0.00    0.00  100.00
16:11:02      39    0.00    0.00    0.00    0.00    0.00    0.00    0.00    0.00    0.00  100.00
16:11:02      40    0.00    0.00    0.00    0.00    0.00    0.00    0.00    0.00    0.00  100.00
16:11:02      41    0.00    0.00    0.00    0.00    0.00    0.00    0.00    0.00    0.00  100.00
16:11:02      42    0.00    0.00    0.00    0.00    0.00    0.00    0.00    0.00    0.00  100.00
16:11:02      43    0.00    0.00    0.00    0.00    0.00    0.00    0.00    0.00    0.00  100.00
16:11:02      44    0.00    0.00    1.00    0.00    0.00    0.00    0.00    0.00    0.00   99.00
16:11:02      45    0.00    0.00    0.00    0.00    0.00    0.00    0.00    0.00    0.00  100.00
16:11:02      46    0.00    0.00    2.04    0.00    0.00    0.00    0.00    0.00    0.00   97.96
16:11:02      47    0.00    0.00    0.00    0.00    0.00    0.00    0.00    0.00    0.00  100.00
16:11:02      48    0.00    0.00    0.00    0.00    0.00    0.00    0.00    0.00    0.00  100.00
16:11:02      49    0.00    0.00    0.00    0.00    0.00    0.00    0.00    0.00    0.00  100.00
16:11:02      50    0.00    0.00    0.00    0.00    0.00    0.00    0.00    0.00    0.00  100.00
16:11:02      51    0.00    0.00    0.99    0.00    0.00    0.00    0.00    0.00    0.00   99.01
16:11:02      52    0.00    0.00    0.00    0.00    0.00    0.00    0.00    0.00    0.00  100.00
16:11:02      53    0.99    0.00    0.99    0.00    0.00    0.00    0.00    0.00    0.00   98.02
16:11:02      54    0.00    0.00    0.99    0.00    0.00    0.00    0.00    0.00    0.00   99.01
16:11:02      55    0.00    0.00    0.00    0.00    0.00    0.00    0.00    0.00    0.00  100.00
16:11:02      56    0.00    0.00    0.00    0.00    0.00    0.00    0.00    0.00    0.00  100.00
16:11:02      57    0.00    0.00    0.00    0.00    0.00    0.00    0.00    0.00    0.00  100.00
16:11:02      58    0.00    0.00    0.00    0.00    0.00    0.00    0.00    0.00    0.00  100.00
16:11:02      59    0.00    0.00    0.00    0.00    0.00    0.00    0.00    0.00    0.00  100.00
16:11:02      60    0.00    0.00    0.00    0.00    0.00    0.00    0.00    0.00    0.00  100.00
16:11:02      61    0.00    0.00    0.00    0.00    0.00    0.00    0.00    0.00    0.00  100.00
16:11:02      62    0.00    0.00    0.00    0.00    0.00    0.00    0.00    0.00    0.00  100.00
16:11:02      63    0.00    0.00    0.00    0.00    0.00    0.00    0.00    0.00    0.00  100.00
16:11:02      64    0.00    0.00    0.00    0.00    0.00    0.00    0.00    0.00    0.00  100.00
16:11:02      65    1.01    0.00    1.01    0.00    0.00    0.00    0.00    0.00    0.00   97.98
16:11:02      66    0.00    0.00    0.00    0.00    0.00    0.00    0.00    0.00    0.00  100.00
16:11:02      67    0.00    0.00    0.00    0.00    0.00    0.00    0.00    0.00    0.00  100.00
16:11:02      68    0.00    0.00    0.00    0.00    0.00    0.00    0.00    0.00    0.00  100.00
16:11:02      69    0.00    0.00    0.00    0.00    0.00    0.00    0.00    0.00    0.00  100.00
16:11:02      70    0.00    0.00    0.00    0.00    0.00    0.00    0.00    0.00    0.00  100.00
16:11:02      71    0.00    0.00    0.00    0.00    0.00    0.00    0.00    0.00    0.00  100.00

16:11:02     CPU    %usr   %nice    %sys %iowait    %irq   %soft  %steal  %guest  %gnice   %idle
16:11:03     all    0.82    0.00    0.38    0.36    0.00    0.00    0.00    0.00    0.00   98.44
16:11:03       0    0.00    0.00    0.00    0.00    0.00    0.00    0.00    0.00    0.00  100.00
16:11:03       1    0.00    0.00    0.00    0.00    0.00    0.00    0.00    0.00    0.00  100.00
16:11:03       2    0.00    0.00    0.00    0.00    0.00    0.00    0.00    0.00    0.00  100.00
16:11:03       3    0.99    0.00    0.00    0.00    0.00    0.00    0.00    0.00    0.00   99.01
16:11:03       4    0.00    0.00    0.00   21.00    0.00    0.00    0.00    0.00    0.00   79.00
16:11:03       5    0.00    0.00    0.00    0.00    0.00    0.00    0.00    0.00    0.00  100.00
16:11:03       6    1.00    0.00    0.00    0.00    0.00    0.00    0.00    0.00    0.00   99.00
16:11:03       7    0.00    0.00    0.00    0.00    0.00    0.00    0.00    0.00    0.00  100.00
16:11:03       8    0.00    0.00    1.00    0.00    0.00    0.00    0.00    0.00    0.00   99.00
16:11:03       9    0.00    0.00    0.00    0.00    0.00    0.00    0.00    0.00    0.00  100.00
16:11:03      10    0.00    0.00    0.00    0.00    0.00    0.00    0.00    0.00    0.00  100.00
16:11:03      11    0.00    0.00    0.00    0.00    0.00    0.00    0.00    0.00    0.00  100.00
16:11:03      12    0.00    0.00    0.00    0.00    0.00    0.00    0.00    0.00    0.00  100.00
16:11:03      13    0.00    0.00    0.00    0.00    0.00    0.00    0.00    0.00    0.00  100.00
16:11:03      14    0.00    0.00    0.00    0.00    0.00    0.00    0.00    0.00    0.00  100.00
16:11:03      15    1.01    0.00    0.00    0.00    0.00    0.00    0.00    0.00    0.00   98.99
16:11:03      16    0.00    0.00    0.00    0.00    0.00    0.00    0.00    0.00    0.00  100.00
16:11:03      17    0.00    0.00    0.00    0.00    0.00    0.00    0.00    0.00    0.00  100.00
16:11:03      18    8.08    0.00    7.07    1.01    0.00    0.00    0.00    0.00    0.00   83.84
16:11:03      19    0.00    0.00    0.99    0.00    0.00    0.00    0.00    0.00    0.00   99.01
16:11:03      20    0.99    0.00    0.00    0.00    0.00    0.00    0.00    0.00    0.00   99.01
16:11:03      21    0.00    0.00    0.99    0.00    0.00    0.00    0.00    0.00    0.00   99.01
16:11:03      22    6.06    0.00    2.02    1.01    0.00    0.00    0.00    0.00    0.00   90.91
16:11:03      23    5.00    0.00    2.00    1.00    0.00    0.00    0.00    0.00    0.00   92.00
16:11:03      24    2.00    0.00    1.00    0.00    0.00    0.00    0.00    0.00    0.00   97.00
16:11:03      25    2.00    0.00    1.00    0.00    0.00    0.00    0.00    0.00    0.00   97.00
16:11:03      26    2.97    0.00    2.97    0.99    0.00    0.00    0.00    0.00    0.00   93.07
16:11:03      27    2.00    0.00    0.00    1.00    0.00    0.00    0.00    0.00    0.00   97.00
16:11:03      28    2.00    0.00    0.00    0.00    0.00    0.00    0.00    0.00    0.00   98.00
16:11:03      29    1.01    0.00    0.00    0.00    0.00    0.00    0.00    0.00    0.00   98.99
16:11:03      30    2.00    0.00    0.00    0.00    0.00    0.00    0.00    0.00    0.00   98.00
16:11:03      31    1.01    0.00    0.00    0.00    0.00    0.00    0.00    0.00    0.00   98.99
16:11:03      32    0.00    0.00    0.00    0.00    0.00    0.00    0.00    0.00    0.00  100.00
16:11:03      33    0.99    0.00    0.99    0.00    0.00    0.00    0.00    0.00    0.00   98.02
16:11:03      34    5.05    0.00    2.02    0.00    0.00    0.00    0.00    0.00    0.00   92.93
16:11:03      35    1.01    0.00    0.00    0.00    0.00    0.00    0.00    0.00    0.00   98.99
16:11:03      36    0.00    0.00    0.00    0.00    0.00    0.00    0.00    0.00    0.00  100.00
16:11:03      37    0.00    0.00    0.00    0.00    0.00    0.00    0.00    0.00    0.00  100.00
16:11:03      38    0.00    0.00    0.00    0.00    0.00    0.00    0.00    0.00    0.00  100.00
16:11:03      39    1.00    0.00    0.00    0.00    0.00    0.00    0.00    0.00    0.00   99.00
16:11:03      40    1.03    0.00    0.00    0.00    0.00    0.00    0.00    0.00    0.00   98.97
16:11:03      41    0.00    0.00    0.00    0.00    0.00    0.00    0.00    0.00    0.00  100.00
16:11:03      42    0.00    0.00    0.00    0.00    0.00    0.00    0.00    0.00    0.00  100.00
16:11:03      43    0.00    0.00    2.04    0.00    0.00    0.00    0.00    0.00    0.00   97.96
16:11:03      44    0.00    0.00    0.00    0.00    0.00    0.00    0.00    0.00    0.00  100.00
16:11:03      45    1.00    0.00    0.00    0.00    0.00    0.00    0.00    0.00    0.00   99.00
16:11:03      46    0.00    0.00    0.00    0.00    0.00    0.00    0.00    0.00    0.00  100.00
16:11:03      47    1.00    0.00    0.00    0.00    0.00    0.00    0.00    0.00    0.00   99.00
16:11:03      48    0.00    0.00    0.00    0.00    0.00    0.00    0.00    0.00    0.00  100.00
16:11:03      49    0.00    0.00    0.00    0.00    0.00    0.00    0.00    0.00    0.00  100.00
16:11:03      50    0.99    0.00    0.00    0.00    0.00    0.00    0.00    0.00    0.00   99.01
16:11:03      51    0.00    0.00    0.00    0.00    0.00    0.00    0.00    0.00    0.00  100.00
16:11:03      52    0.00    0.00    0.00    0.00    0.00    0.00    0.00    0.00    0.00  100.00
16:11:03      53    0.00    0.00    0.00    0.00    0.00    0.00    0.00    0.00    0.00  100.00
16:11:03      54    0.00    0.00    0.00    0.00    0.00    0.00    0.00    0.00    0.00  100.00
16:11:03      55    0.00    0.00    0.00    0.00    0.00    0.00    0.00    0.00    0.00  100.00
16:11:03      56    0.00    0.00    0.00    0.00    0.00    0.00    0.00    0.00    0.00  100.00
16:11:03      57    0.00    0.00    0.00    0.00    0.00    0.00    0.00    0.00    0.00  100.00
16:11:03      58    3.00    0.00    0.00    0.00    0.00    0.00    0.00    0.00    0.00   97.00
16:11:03      59    0.00    0.00    0.00    0.00    0.00    0.00    0.00    0.00    0.00  100.00
16:11:03      60    0.00    0.00    0.00    0.00    0.00    0.00    0.00    0.00    0.00  100.00
16:11:03      61    0.99    0.00    0.99    0.00    0.00    0.00    0.00    0.00    0.00   98.02
16:11:03      62    0.00    0.00    0.00    0.00    0.00    0.00    0.00    0.00    0.00  100.00
16:11:03      63    0.00    0.00    0.00    0.00    0.00    0.00    0.00    0.00    0.00  100.00
16:11:03      64    0.99    0.00    0.00    0.00    0.00    0.00    0.00    0.00    0.00   99.01
16:11:03      65    1.00    0.00    0.00    0.00    0.00    0.00    0.00    0.00    0.00   99.00
16:11:03      66    0.00    0.00    0.00    0.00    0.00    0.00    0.00    0.00    0.00  100.00
16:11:03      67    0.00    0.00    0.00    0.00    0.00    0.00    0.00    0.00    0.00  100.00
16:11:03      68    0.00    0.00    0.99    0.00    0.00    0.00    0.00    0.00    0.00   99.01
16:11:03      69    0.00    0.00    0.00    0.00    0.00    0.00    0.00    0.00    0.00  100.00
16:11:03      70    2.97    0.00    0.99    0.00    0.00    0.00    0.00    0.00    0.00   96.04
16:11:03      71    0.00    0.00    0.00    0.00    0.00    0.00    0.00    0.00    0.00  100.00

16:11:03     CPU    %usr   %nice    %sys %iowait    %irq   %soft  %steal  %guest  %gnice   %idle
16:11:04     all    0.78    0.00    0.47    0.29    0.00    0.01    0.00    0.00    0.00   98.44
16:11:04       0    0.00    0.00    0.00    0.00    0.00    0.00    0.00    0.00    0.00  100.00
16:11:04       1    0.00    0.00    0.00    0.00    0.00    0.00    0.00    0.00    0.00  100.00
16:11:04       2    0.00    0.00    0.00    0.00    0.00    0.00    0.00    0.00    0.00  100.00
16:11:04       3    0.00    0.00    0.00    0.00    0.00    0.00    0.00    0.00    0.00  100.00
16:11:04       4    0.00    0.00    0.00   19.00    0.00    0.00    0.00    0.00    0.00   81.00
16:11:04       5    0.00    0.00    0.99    0.00    0.00    0.00    0.00    0.00    0.00   99.01
16:11:04       6    0.00    0.00    1.00    0.00    0.00    0.00    0.00    0.00    0.00   99.00
16:11:04       7    0.00    0.00    0.00    0.00    0.00    0.00    0.00    0.00    0.00  100.00
16:11:04       8    0.00    0.00    0.00    0.00    0.00    0.00    0.00    0.00    0.00  100.00
16:11:04       9    0.00    0.00    0.00    0.00    0.00    0.00    0.00    0.00    0.00  100.00
16:11:04      10    0.00    0.00    0.00    0.00    0.00    0.00    0.00    0.00    0.00  100.00
16:11:04      11    1.00    0.00    0.00    0.00    0.00    0.00    0.00    0.00    0.00   99.00
16:11:04      12    0.00    0.00    0.00    0.00    0.00    0.00    0.00    0.00    0.00  100.00
16:11:04      13    0.00    0.00    0.00    0.00    0.00    0.00    0.00    0.00    0.00  100.00
16:11:04      14    0.00    0.00    0.00    0.00    0.00    0.00    0.00    0.00    0.00  100.00
16:11:04      15    0.99    0.00    0.00    0.00    0.00    0.00    0.00    0.00    0.00   99.01
16:11:04      16    0.00    0.00    0.00    0.00    0.00    0.00    0.00    0.00    0.00  100.00
16:11:04      17    0.00    0.00    0.00    0.00    0.00    0.00    0.00    0.00    0.00  100.00
16:11:04      18    5.05    0.00    2.02    0.00    0.00    0.00    0.00    0.00    0.00   92.93
16:11:04      19    3.00    0.00    0.00    0.00    0.00    0.00    0.00    0.00    0.00   97.00
16:11:04      20    0.00    0.00    0.00    0.00    0.00    0.00    0.00    0.00    0.00  100.00
16:11:04      21    1.00    0.00    0.00    0.00    0.00    0.00    0.00    0.00    0.00   99.00
16:11:04      22    7.14    0.00    7.14    1.02    0.00    0.00    0.00    0.00    0.00   84.69
16:11:04      23    2.97    0.00    2.97    0.00    0.00    0.00    0.00    0.00    0.00   94.06
16:11:04      24    7.00    0.00    1.00    0.00    0.00    0.00    0.00    0.00    0.00   92.00
16:11:04      25    7.00    0.00    5.00    0.00    0.00    0.00    0.00    0.00    0.00   88.00
16:11:04      26    2.00    0.00    1.00    0.00    0.00    0.00    0.00    0.00    0.00   97.00
16:11:04      27    1.00    0.00    0.00    0.00    0.00    0.00    0.00    0.00    0.00   99.00
16:11:04      28    1.01    0.00    0.00    0.00    0.00    0.00    0.00    0.00    0.00   98.99
16:11:04      29    0.99    0.00    0.99    0.00    0.00    0.00    0.00    0.00    0.00   98.02
16:11:04      30    0.00    0.00    1.00    0.00    0.00    0.00    0.00    0.00    0.00   99.00
16:11:04      31    0.00    0.00    1.00    0.00    0.00    0.00    0.00    0.00    0.00   99.00
16:11:04      32    0.00    0.00    0.00    0.00    0.00    0.00    0.00    0.00    0.00  100.00
16:11:04      33    0.00    0.00    0.00    0.00    0.00    0.00    0.00    0.00    0.00  100.00
16:11:04      34    2.97    0.00    0.99    0.00    0.00    0.00    0.00    0.00    0.00   96.04
16:11:04      35    1.00    0.00    0.00    0.00    0.00    0.00    0.00    0.00    0.00   99.00
16:11:04      36    0.00    0.00    0.00    0.00    0.00    0.00    0.00    0.00    0.00  100.00
16:11:04      37    0.00    0.00    0.00    0.00    0.00    0.00    0.00    0.00    0.00  100.00
16:11:04      38    0.00    0.00    0.99    0.00    0.00    0.00    0.00    0.00    0.00   99.01
16:11:04      39    0.00    0.00    0.00    0.00    0.00    0.00    0.00    0.00    0.00  100.00
16:11:04      40    1.98    0.00    0.99    0.00    0.00    0.99    0.00    0.00    0.00   96.04
16:11:04      41    0.00    0.00    0.00    0.00    0.00    0.00    0.00    0.00    0.00  100.00
16:11:04      42    0.00    0.00    0.99    0.00    0.00    0.00    0.00    0.00    0.00   99.01
16:11:04      43    1.01    0.00    3.03    0.00    0.00    0.00    0.00    0.00    0.00   95.96
16:11:04      44    0.00    0.00    1.01    0.00    0.00    0.00    0.00    0.00    0.00   98.99
16:11:04      45    0.00    0.00    1.00    0.00    0.00    0.00    0.00    0.00    0.00   99.00
16:11:04      46    0.00    0.00    0.00    0.00    0.00    0.00    0.00    0.00    0.00  100.00
16:11:04      47    0.00    0.00    0.00    0.00    0.00    0.00    0.00    0.00    0.00  100.00
16:11:04      48    0.00    0.00    0.00    0.00    0.00    0.00    0.00    0.00    0.00  100.00
16:11:04      49    0.00    0.00    0.00    0.00    0.00    0.00    0.00    0.00    0.00  100.00
16:11:04      50    0.00    0.00    0.00    0.00    0.00    0.00    0.00    0.00    0.00  100.00
16:11:04      51    0.00    0.00    0.00    0.00    0.00    0.00    0.00    0.00    0.00  100.00
16:11:04      52    0.00    0.00    0.00    0.00    0.00    0.00    0.00    0.00    0.00  100.00
16:11:04      53    0.00    0.00    0.00    0.00    0.00    0.00    0.00    0.00    0.00  100.00
16:11:04      54    0.00    0.00    0.00    0.00    0.00    0.00    0.00    0.00    0.00  100.00
16:11:04      55    3.03    0.00    1.01    0.00    0.00    0.00    0.00    0.00    0.00   95.96
16:11:04      56    0.00    0.00    0.00    0.00    0.00    0.00    0.00    0.00    0.00  100.00
16:11:04      57    0.00    0.00    0.00    0.00    0.00    0.00    0.00    0.00    0.00  100.00
16:11:04      58    2.02    0.00    0.00    0.00    0.00    0.00    0.00    0.00    0.00   97.98
16:11:04      59    0.00    0.00    0.00    0.00    0.00    0.00    0.00    0.00    0.00  100.00
16:11:04      60    0.00    0.00    0.00    0.00    0.00    0.00    0.00    0.00    0.00  100.00
16:11:04      61    1.00    0.00    0.00    1.00    0.00    0.00    0.00    0.00    0.00   98.00
16:11:04      62    0.00    0.00    0.00    0.00    0.00    0.00    0.00    0.00    0.00  100.00
16:11:04      63    0.00    0.00    0.00    0.00    0.00    0.00    0.00    0.00    0.00  100.00
16:11:04      64    0.00    0.00    0.00    0.00    0.00    0.00    0.00    0.00    0.00  100.00
16:11:04      65    0.00    0.00    0.00    0.00    0.00    0.00    0.00    0.00    0.00  100.00
16:11:04      66    0.99    0.00    0.00    0.00    0.00    0.00    0.00    0.00    0.00   99.01
16:11:04      67    0.00    0.00    0.00    0.00    0.00    0.00    0.00    0.00    0.00  100.00
16:11:04      68    0.00    0.00    0.00    0.00    0.00    0.00    0.00    0.00    0.00  100.00
16:11:04      69    0.00    0.00    0.00    0.00    0.00    0.00    0.00    0.00    0.00  100.00
16:11:04      70    2.02    0.00    0.00    0.00    0.00    0.00    0.00    0.00    0.00   97.98
16:11:04      71    0.00    0.00    0.00    0.00    0.00    0.00    0.00    0.00    0.00  100.00

16:11:04     CPU    %usr   %nice    %sys %iowait    %irq   %soft  %steal  %guest  %gnice   %idle
16:11:05     all    0.71    0.00    0.46    0.28    0.00    0.00    0.00    0.00    0.00   98.55
16:11:05       0    0.00    0.00    0.00    0.00    0.00    0.00    0.00    0.00    0.00  100.00
16:11:05       1    0.00    0.00    0.00    0.00    0.00    0.00    0.00    0.00    0.00  100.00
16:11:05       2    1.00    0.00    0.00    0.00    0.00    0.00    0.00    0.00    0.00   99.00
16:11:05       3    0.00    0.00    0.99    0.00    0.00    0.00    0.00    0.00    0.00   99.01
16:11:05       4    0.00    0.00    0.00   20.20    0.00    0.00    0.00    0.00    0.00   79.80
16:11:05       5    0.00    0.00    0.00    0.00    0.00    0.00    0.00    0.00    0.00  100.00
16:11:05       6    0.00    0.00    0.00    0.00    0.00    0.00    0.00    0.00    0.00  100.00
16:11:05       7    1.00    0.00    2.00    0.00    0.00    0.00    0.00    0.00    0.00   97.00
16:11:05       8    0.00    0.00    0.00    0.00    0.00    0.00    0.00    0.00    0.00  100.00
16:11:05       9    0.00    0.00    0.00    0.00    0.00    0.00    0.00    0.00    0.00  100.00
16:11:05      10    0.00    0.00    0.00    0.00    0.00    0.00    0.00    0.00    0.00  100.00
16:11:05      11    0.00    0.00    0.00    0.00    0.00    0.00    0.00    0.00    0.00  100.00
16:11:05      12    1.00    0.00    1.00    0.00    0.00    0.00    0.00    0.00    0.00   98.00
16:11:05      13    0.00    0.00    1.00    0.00    0.00    0.00    0.00    0.00    0.00   99.00
16:11:05      14    0.00    0.00    0.00    0.00    0.00    0.00    0.00    0.00    0.00  100.00
16:11:05      15    0.00    0.00    0.00    0.00    0.00    0.00    0.00    0.00    0.00  100.00
16:11:05      16    1.00    0.00    0.00    0.00    0.00    0.00    0.00    0.00    0.00   99.00
16:11:05      17    0.00    0.00    0.00    0.00    0.00    0.00    0.00    0.00    0.00  100.00
16:11:05      18    6.12    0.00    5.10    0.00    0.00    0.00    0.00    0.00    0.00   88.78
16:11:05      19    4.04    0.00    3.03    0.00    0.00    0.00    0.00    0.00    0.00   92.93
16:11:05      20    1.00    0.00    1.00    0.00    0.00    0.00    0.00    0.00    0.00   98.00
16:11:05      21    0.00    0.00    0.00    0.00    0.00    0.00    0.00    0.00    0.00  100.00
16:11:05      22    7.07    0.00    5.05    0.00    0.00    0.00    0.00    0.00    0.00   87.88
16:11:05      23    2.02    0.00    1.01    0.00    0.00    0.00    0.00    0.00    0.00   96.97
16:11:05      24    3.06    0.00    1.02    0.00    0.00    0.00    0.00    0.00    0.00   95.92
16:11:05      25    1.01    0.00    0.00    0.00    0.00    0.00    0.00    0.00    0.00   98.99
16:11:05      26    6.12    0.00    1.02    0.00    0.00    0.00    0.00    0.00    0.00   92.86
16:11:05      27    1.00    0.00    2.00    0.00    0.00    0.00    0.00    0.00    0.00   97.00
16:11:05      28    1.00    0.00    0.00    0.00    0.00    0.00    0.00    0.00    0.00   99.00
16:11:05      29    0.00    0.00    0.00    0.00    0.00    0.00    0.00    0.00    0.00  100.00
16:11:05      30    1.01    0.00    0.00    0.00    0.00    0.00    0.00    0.00    0.00   98.99
16:11:05      31    0.00    0.00    0.00    0.00    0.00    0.00    0.00    0.00    0.00  100.00
16:11:05      32    1.01    0.00    1.01    0.00    0.00    0.00    0.00    0.00    0.00   97.98
16:11:05      33    0.99    0.00    0.00    0.00    0.00    0.00    0.00    0.00    0.00   99.01
16:11:05      34    1.01    0.00    2.02    0.00    0.00    0.00    0.00    0.00    0.00   96.97
16:11:05      35    3.00    0.00    1.00    0.00    0.00    0.00    0.00    0.00    0.00   96.00
16:11:05      36    0.00    0.00    0.00    0.00    0.00    0.00    0.00    0.00    0.00  100.00
16:11:05      37    0.00    0.00    0.99    0.00    0.00    0.00    0.00    0.00    0.00   99.01
16:11:05      38    0.99    0.00    0.00    0.00    0.00    0.00    0.00    0.00    0.00   99.01
16:11:05      39    0.00    0.00    0.00    0.00    0.00    0.00    0.00    0.00    0.00  100.00
16:11:05      40    0.00    0.00    0.00    0.00    0.00    0.00    0.00    0.00    0.00  100.00
16:11:05      41    0.00    0.00    0.00    0.00    0.00    0.00    0.00    0.00    0.00  100.00
16:11:05      42    1.00    0.00    0.00    0.00    0.00    0.00    0.00    0.00    0.00   99.00
16:11:05      43    0.00    0.00    0.00    0.00    0.00    0.00    0.00    0.00    0.00  100.00
16:11:05      44    0.00    0.00    0.00    0.00    0.00    0.00    0.00    0.00    0.00  100.00
16:11:05      45    0.00    0.00    2.02    0.00    0.00    0.00    0.00    0.00    0.00   97.98
16:11:05      46    0.00    0.00    0.00    0.00    0.00    0.00    0.00    0.00    0.00  100.00
16:11:05      47    0.00    0.00    0.99    0.00    0.00    0.00    0.00    0.00    0.00   99.01
16:11:05      48    0.00    0.00    0.00    0.00    0.00    0.00    0.00    0.00    0.00  100.00
16:11:05      49    0.00    0.00    0.00    0.00    0.00    0.00    0.00    0.00    0.00  100.00
16:11:05      50    0.00    0.00    0.00    0.00    0.00    0.00    0.00    0.00    0.00  100.00
16:11:05      51    0.00    0.00    0.00    0.00    0.00    0.00    0.00    0.00    0.00  100.00
16:11:05      52    0.00    0.00    0.00    0.00    0.00    0.00    0.00    0.00    0.00  100.00
16:11:05      53    0.00    0.00    0.00    0.00    0.00    0.00    0.00    0.00    0.00  100.00
16:11:05      54    1.00    0.00    0.00    0.00    0.00    0.00    0.00    0.00    0.00   99.00
16:11:05      55    0.00    0.00    0.00    0.00    0.00    0.00    0.00    0.00    0.00  100.00
16:11:05      56    0.00    0.00    0.00    0.00    0.00    0.00    0.00    0.00    0.00  100.00
16:11:05      57    0.00    0.00    0.00    0.00    0.00    0.00    0.00    0.00    0.00  100.00
16:11:05      58    1.98    0.00    0.99    0.00    0.00    0.00    0.00    0.00    0.00   97.03
16:11:05      59    0.00    0.00    0.00    0.00    0.00    0.00    0.00    0.00    0.00  100.00
16:11:05      60    0.00    0.00    0.00    0.00    0.00    0.00    0.00    0.00    0.00  100.00
16:11:05      61    0.00    0.00    0.00    0.00    0.00    0.00    0.00    0.00    0.00  100.00
16:11:05      62    0.00    0.00    0.00    0.00    0.00    0.00    0.00    0.00    0.00  100.00
16:11:05      63    0.00    0.00    0.00    0.00    0.00    0.00    0.00    0.00    0.00  100.00
16:11:05      64    0.00    0.00    0.00    0.00    0.00    0.00    0.00    0.00    0.00  100.00
16:11:05      65    0.00    0.00    0.00    0.00    0.00    0.00    0.00    0.00    0.00  100.00
16:11:05      66    0.00    0.00    0.00    0.00    0.00    0.00    0.00    0.00    0.00  100.00
16:11:05      67    0.00    0.00    0.00    0.00    0.00    0.00    0.00    0.00    0.00  100.00
16:11:05      68    0.00    0.00    0.00    0.00    0.00    0.00    0.00    0.00    0.00  100.00
16:11:05      69    0.00    0.00    0.00    0.00    0.00    0.00    0.00    0.00    0.00  100.00
16:11:05      70    3.00    0.00    0.00    0.00    0.00    0.00    0.00    0.00    0.00   97.00
16:11:05      71    0.00    0.00    0.00    0.00    0.00    0.00    0.00    0.00    0.00  100.00

16:11:05     CPU    %usr   %nice    %sys %iowait    %irq   %soft  %steal  %guest  %gnice   %idle
16:11:06     all    1.02    0.00    0.56    0.28    0.00    0.00    0.00    0.00    0.00   98.15
16:11:06       0    1.04    0.00    0.00    0.00    0.00    0.00    0.00    0.00    0.00   98.96
16:11:06       1    0.00    0.00    0.00    0.00    0.00    0.00    0.00    0.00    0.00  100.00
16:11:06       2    1.00    0.00    0.00    0.00    0.00    0.00    0.00    0.00    0.00   99.00
16:11:06       3    1.01    0.00    0.00    0.00    0.00    0.00    0.00    0.00    0.00   98.99
16:11:06       4    0.00    0.00    0.99   17.82    0.00    0.00    0.00    0.00    0.00   81.19
16:11:06       5    1.01    0.00    1.01    0.00    0.00    0.00    0.00    0.00    0.00   97.98
16:11:06       6    0.00    0.00    1.00    0.00    0.00    0.00    0.00    0.00    0.00   99.00
16:11:06       7    1.00    0.00    0.00    0.00    0.00    0.00    0.00    0.00    0.00   99.00
16:11:06       8    0.00    0.00    0.00    0.00    0.00    0.00    0.00    0.00    0.00  100.00
16:11:06       9    0.99    0.00    0.00    0.00    0.00    0.00    0.00    0.00    0.00   99.01
16:11:06      10    0.98    0.00    0.98    0.00    0.00    0.00    0.00    0.00    0.00   98.04
16:11:06      11    0.00    0.00    0.00    0.00    0.00    0.00    0.00    0.00    0.00  100.00
16:11:06      12    0.00    0.00    0.00    0.00    0.00    0.00    0.00    0.00    0.00  100.00
16:11:06      13    1.01    0.00    0.00    0.00    0.00    0.00    0.00    0.00    0.00   98.99
16:11:06      14    0.00    0.00    1.00    0.00    0.00    0.00    0.00    0.00    0.00   99.00
16:11:06      15    1.00    0.00    0.00    0.00    0.00    0.00    0.00    0.00    0.00   99.00
16:11:06      16    0.98    0.00    0.98    0.00    0.00    0.00    0.00    0.00    0.00   98.04
16:11:06      17    1.00    0.00    0.00    0.00    0.00    0.00    0.00    0.00    0.00   99.00
16:11:06      18    5.00    0.00    7.00    1.00    0.00    0.00    0.00    0.00    0.00   87.00
16:11:06      19    1.00    0.00    0.00    0.00    0.00    0.00    0.00    0.00    0.00   99.00
16:11:06      20    3.00    0.00    0.00    0.00    0.00    0.00    0.00    0.00    0.00   97.00
16:11:06      21    1.00    0.00    0.00    0.00    0.00    0.00    0.00    0.00    0.00   99.00
16:11:06      22    5.05    0.00    3.03    0.00    0.00    0.00    0.00    0.00    0.00   91.92
16:11:06      23    2.02    0.00    1.01    0.00    0.00    0.00    0.00    0.00    0.00   96.97
16:11:06      24    1.00    0.00    1.00    0.00    0.00    0.00    0.00    0.00    0.00   98.00
16:11:06      25    1.00    0.00    1.00    0.00    0.00    0.00    0.00    0.00    0.00   98.00
16:11:06      26    6.06    0.00    3.03    0.00    0.00    0.00    0.00    0.00    0.00   90.91
16:11:06      27    1.01    0.00    1.01    0.00    0.00    0.00    0.00    0.00    0.00   97.98
16:11:06      28    2.00    0.00    1.00    0.00    0.00    0.00    0.00    0.00    0.00   97.00
16:11:06      29    2.00    0.00    0.00    0.00    0.00    0.00    0.00    0.00    0.00   98.00
16:11:06      30    3.00    0.00    3.00    0.00    0.00    0.00    0.00    0.00    0.00   94.00
16:11:06      31    0.00    0.00    0.00    0.00    0.00    0.00    0.00    0.00    0.00  100.00
16:11:06      32    1.00    0.00    1.00    0.00    0.00    0.00    0.00    0.00    0.00   98.00
16:11:06      33    1.00    0.00    0.00    0.00    0.00    0.00    0.00    0.00    0.00   99.00
16:11:06      34    7.92    0.00    1.98    0.00    0.00    0.00    0.00    0.00    0.00   90.10
16:11:06      35    1.00    0.00    1.00    0.00    0.00    0.00    0.00    0.00    0.00   98.00
16:11:06      36    0.99    0.00    0.00    0.00    0.00    0.00    0.00    0.00    0.00   99.01
16:11:06      37    0.00    0.00    0.00    0.00    0.00    0.00    0.00    0.00    0.00  100.00
16:11:06      38    0.00    0.00    0.00    0.00    0.00    0.00    0.00    0.00    0.00  100.00
16:11:06      39    0.00    0.00    0.00    0.00    0.00    0.00    0.00    0.00    0.00  100.00
16:11:06      40    0.00    0.00    0.00    0.00    0.00    0.00    0.00    0.00    0.00  100.00
16:11:06      41    0.00    0.00    0.00    0.00    0.00    0.00    0.00    0.00    0.00  100.00
16:11:06      42    0.00    0.00    0.00    0.00    0.00    0.00    0.00    0.00    0.00  100.00
16:11:06      43    1.00    0.00    0.00    0.00    0.00    0.00    0.00    0.00    0.00   99.00
16:11:06      44    0.00    0.00    0.00    0.00    0.00    0.00    0.00    0.00    0.00  100.00
16:11:06      45    0.99    0.00    0.00    0.00    0.00    0.00    0.00    0.00    0.00   99.01
16:11:06      46    0.99    0.00    0.00    0.00    0.00    0.00    0.00    0.00    0.00   99.01
16:11:06      47    1.02    0.00    0.00    0.00    0.00    0.00    0.00    0.00    0.00   98.98
16:11:06      48    0.00    0.00    0.00    0.00    0.00    0.00    0.00    0.00    0.00  100.00
16:11:06      49    0.99    0.00    0.99    0.00    0.00    0.00    0.00    0.00    0.00   98.02
16:11:06      50    0.00    0.00    0.00    0.00    0.00    0.00    0.00    0.00    0.00  100.00
16:11:06      51    1.01    0.00    0.00    0.00    0.00    0.00    0.00    0.00    0.00   98.99
16:11:06      52    1.00    0.00    2.00    0.00    0.00    0.00    0.00    0.00    0.00   97.00
16:11:06      53    0.99    0.00    0.00    0.00    0.00    0.00    0.00    0.00    0.00   99.01
16:11:06      54    0.00    0.00    0.00    0.00    0.00    0.00    0.00    0.00    0.00  100.00
16:11:06      55    0.00    0.00    0.00    0.00    0.00    0.00    0.00    0.00    0.00  100.00
16:11:06      56    0.00    0.00    0.00    0.00    0.00    0.00    0.00    0.00    0.00  100.00
16:11:06      57    0.00    0.00    0.00    0.00    0.00    0.00    0.00    0.00    0.00  100.00
16:11:06      58    1.01    0.00    0.00    0.00    0.00    0.00    0.00    0.00    0.00   98.99
16:11:06      59    0.00    0.00    0.00    0.00    0.00    0.00    0.00    0.00    0.00  100.00
16:11:06      60    0.00    0.00    0.00    0.00    0.00    0.00    0.00    0.00    0.00  100.00
16:11:06      61    0.00    0.00    0.00    0.00    0.00    0.00    0.00    0.00    0.00  100.00
16:11:06      62    0.00    0.00    0.00    0.00    0.00    0.00    0.00    0.00    0.00  100.00
16:11:06      63    0.00    0.00    0.00    0.00    0.00    0.00    0.00    0.00    0.00  100.00
16:11:06      64    0.00    0.00    0.00    0.00    0.00    0.00    0.00    0.00    0.00  100.00
16:11:06      65    0.00    0.00    1.00    0.00    0.00    0.00    0.00    0.00    0.00   99.00
16:11:06      66    0.00    0.00    0.00    0.00    0.00    0.00    0.00    0.00    0.00  100.00
16:11:06      67    0.00    0.00    0.99    0.00    0.00    0.00    0.00    0.00    0.00   99.01
16:11:06      68    2.02    0.00    1.01    0.00    0.00    0.00    0.00    0.00    0.00   96.97
16:11:06      69    0.99    0.00    0.00    0.00    0.00    0.00    0.00    0.00    0.00   99.01
16:11:06      70    3.00    0.00    1.00    0.00    0.00    0.00    0.00    0.00    0.00   96.00
16:11:06      71    1.96    0.00    1.96    0.98    0.00    0.00    0.00    0.00    0.00   95.10

16:11:06     CPU    %usr   %nice    %sys %iowait    %irq   %soft  %steal  %guest  %gnice   %idle
16:11:07     all    1.05    0.00    0.46    0.32    0.00    0.01    0.00    0.00    0.00   98.16
16:11:07       0    0.00    0.00    0.00    0.00    0.00    0.00    0.00    0.00    0.00  100.00
16:11:07       1    0.00    0.00    0.00    0.00    0.00    0.00    0.00    0.00    0.00  100.00
16:11:07       2    0.00    0.00    0.00    0.00    0.00    0.00    0.00    0.00    0.00  100.00
16:11:07       3    0.00    0.00    0.00    0.00    0.00    0.00    0.00    0.00    0.00  100.00
16:11:07       4    0.00    0.00    0.00   18.37    0.00    0.00    0.00    0.00    0.00   81.63
16:11:07       5    1.00    0.00    0.00    0.00    0.00    0.00    0.00    0.00    0.00   99.00
16:11:07       6    0.00    0.00    1.00    0.00    0.00    0.00    0.00    0.00    0.00   99.00
16:11:07       7    1.00    0.00    1.00    0.00    0.00    0.00    0.00    0.00    0.00   98.00
16:11:07       8    2.00    0.00    1.00    0.00    0.00    0.00    0.00    0.00    0.00   97.00
16:11:07       9    0.00    0.00    0.00    0.00    0.00    0.00    0.00    0.00    0.00  100.00
16:11:07      10    0.00    0.00    0.00    0.00    0.00    0.00    0.00    0.00    0.00  100.00
16:11:07      11    0.00    0.00    0.00    0.00    0.00    0.00    0.00    0.00    0.00  100.00
16:11:07      12    0.99    0.00    0.99    0.00    0.00    0.00    0.00    0.00    0.00   98.02
16:11:07      13    0.00    0.00    1.00    0.00    0.00    0.00    0.00    0.00    0.00   99.00
16:11:07      14    1.01    0.00    0.00    0.00    0.00    0.00    0.00    0.00    0.00   98.99
16:11:07      15    1.00    0.00    1.00    0.00    0.00    0.00    0.00    0.00    0.00   98.00
16:11:07      16    0.00    0.00    0.00    0.00    0.00    0.00    0.00    0.00    0.00  100.00
16:11:07      17    0.00    0.00    0.00    0.00    0.00    0.00    0.00    0.00    0.00  100.00
16:11:07      18    6.12    0.00    6.12    0.00    0.00    0.00    0.00    0.00    0.00   87.76
16:11:07      19    3.03    0.00    1.01    1.01    0.00    0.00    0.00    0.00    0.00   94.95
16:11:07      20    1.94    0.00    0.97    0.97    0.00    0.97    0.00    0.00    0.00   95.15
16:11:07      21    2.00    0.00    0.00    0.00    0.00    0.00    0.00    0.00    0.00   98.00
16:11:07      22    7.92    0.00    1.98    0.99    0.00    0.00    0.00    0.00    0.00   89.11
16:11:07      23    5.05    0.00    2.02    0.00    0.00    0.00    0.00    0.00    0.00   92.93
16:11:07      24    1.00    0.00    0.00    0.00    0.00    0.00    0.00    0.00    0.00   99.00
16:11:07      25    2.02    0.00    0.00    0.00    0.00    0.00    0.00    0.00    0.00   97.98
16:11:07      26    4.04    0.00    2.02    0.00    0.00    0.00    0.00    0.00    0.00   93.94
16:11:07      27    4.04    0.00    2.02    0.00    0.00    0.00    0.00    0.00    0.00   93.94
16:11:07      28    1.01    0.00    0.00    0.00    0.00    0.00    0.00    0.00    0.00   98.99
16:11:07      29    1.01    0.00    0.00    0.00    0.00    0.00    0.00    0.00    0.00   98.99
16:11:07      30    2.02    0.00    2.02    1.01    0.00    0.00    0.00    0.00    0.00   94.95
16:11:07      31    1.00    0.00    0.00    0.00    0.00    0.00    0.00    0.00    0.00   99.00
16:11:07      32    1.00    0.00    0.00    0.00    0.00    0.00    0.00    0.00    0.00   99.00
16:11:07      33    1.01    0.00    0.00    0.00    0.00    0.00    0.00    0.00    0.00   98.99
16:11:07      34    2.04    0.00    1.02    0.00    0.00    0.00    0.00    0.00    0.00   96.94
16:11:07      35    1.01    0.00    0.00    0.00    0.00    0.00    0.00    0.00    0.00   98.99
16:11:07      36    0.00    0.00    1.00    0.00    0.00    0.00    0.00    0.00    0.00   99.00
16:11:07      37    0.00    0.00    0.00    0.00    0.00    0.00    0.00    0.00    0.00  100.00
16:11:07      38    1.00    0.00    0.00    0.00    0.00    0.00    0.00    0.00    0.00   99.00
16:11:07      39    0.00    0.00    0.00    0.00    0.00    0.00    0.00    0.00    0.00  100.00
16:11:07      40    1.00    0.00    1.00    0.00    0.00    0.00    0.00    0.00    0.00   98.00
16:11:07      41    1.01    0.00    0.00    0.00    0.00    0.00    0.00    0.00    0.00   98.99
16:11:07      42    1.00    0.00    0.00    0.00    0.00    0.00    0.00    0.00    0.00   99.00
16:11:07      43    0.00    0.00    0.00    0.00    0.00    0.00    0.00    0.00    0.00  100.00
16:11:07      44    0.99    0.00    0.99    0.00    0.00    0.00    0.00    0.00    0.00   98.02
16:11:07      45    0.00    0.00    0.00    0.00    0.00    0.00    0.00    0.00    0.00  100.00
16:11:07      46    0.00    0.00    0.00    0.00    0.00    0.00    0.00    0.00    0.00  100.00
16:11:07      47    1.00    0.00    0.00    0.00    0.00    0.00    0.00    0.00    0.00   99.00
16:11:07      48    0.99    0.00    0.99    0.00    0.00    0.00    0.00    0.00    0.00   98.02
16:11:07      49    0.00    0.00    0.00    0.00    0.00    0.00    0.00    0.00    0.00  100.00
16:11:07      50    0.00    0.00    0.00    0.00    0.00    0.00    0.00    0.00    0.00  100.00
16:11:07      51    0.00    0.00    0.00    0.00    0.00    0.00    0.00    0.00    0.00  100.00
16:11:07      52    1.00    0.00    2.00    0.00    0.00    0.00    0.00    0.00    0.00   97.00
16:11:07      53    0.00    0.00    0.00    0.00    0.00    0.00    0.00    0.00    0.00  100.00
16:11:07      54    0.00    0.00    0.00    0.00    0.00    0.00    0.00    0.00    0.00  100.00
16:11:07      55    0.00    0.00    0.00    0.00    0.00    0.00    0.00    0.00    0.00  100.00
16:11:07      56    0.98    0.00    0.00    0.98    0.00    0.00    0.00    0.00    0.00   98.04
16:11:07      57    0.00    0.00    0.00    0.00    0.00    0.00    0.00    0.00    0.00  100.00
16:11:07      58    1.98    0.00    0.00    0.00    0.00    0.00    0.00    0.00    0.00   98.02
16:11:07      59    0.00    0.00    0.00    0.00    0.00    0.00    0.00    0.00    0.00  100.00
16:11:07      60    0.99    0.00    0.00    0.00    0.00    0.00    0.00    0.00    0.00   99.01
16:11:07      61    0.99    0.00    0.00    0.00    0.00    0.00    0.00    0.00    0.00   99.01
16:11:07      62    0.00    0.00    0.00    0.00    0.00    0.00    0.00    0.00    0.00  100.00
16:11:07      63    0.99    0.00    0.00    0.00    0.00    0.00    0.00    0.00    0.00   99.01
16:11:07      64    1.02    0.00    0.00    0.00    0.00    0.00    0.00    0.00    0.00   98.98
16:11:07      65    1.00    0.00    0.00    0.00    0.00    0.00    0.00    0.00    0.00   99.00
16:11:07      66    0.00    0.00    0.00    0.00    0.00    0.00    0.00    0.00    0.00  100.00
16:11:07      67    1.00    0.00    0.00    0.00    0.00    0.00    0.00    0.00    0.00   99.00
16:11:07      68    0.00    0.00    0.99    0.00    0.00    0.00    0.00    0.00    0.00   99.01
16:11:07      69    0.00    0.00    1.00    0.00    0.00    0.00    0.00    0.00    0.00   99.00
16:11:07      70    2.04    0.00    0.00    0.00    0.00    0.00    0.00    0.00    0.00   97.96
16:11:07      71    2.00    0.00    0.00    0.00    0.00    0.00    0.00    0.00    0.00   98.00

16:11:07     CPU    %usr   %nice    %sys %iowait    %irq   %soft  %steal  %guest  %gnice   %idle
16:11:08     all    0.83    0.00    0.49    0.28    0.00    0.01    0.00    0.00    0.00   98.39
16:11:08       0    0.00    0.00    1.03    0.00    0.00    0.00    0.00    0.00    0.00   98.97
16:11:08       1    0.00    0.00    0.00    0.00    0.00    0.00    0.00    0.00    0.00  100.00
16:11:08       2    0.00    0.00    0.00    0.00    0.00    0.00    0.00    0.00    0.00  100.00
16:11:08       3    1.00    0.00    0.00    0.00    0.00    0.00    0.00    0.00    0.00   99.00
16:11:08       4    0.00    0.00    0.00   17.82    0.00    0.00    0.00    0.00    0.00   82.18
16:11:08       5    0.00    0.00    1.00    0.00    0.00    0.00    0.00    0.00    0.00   99.00
16:11:08       6    0.00    0.00    0.00    0.00    0.00    0.00    0.00    0.00    0.00  100.00
16:11:08       7    1.01    0.00    1.01    0.00    0.00    0.00    0.00    0.00    0.00   97.98
16:11:08       8    0.00    0.00    0.00    0.00    0.00    0.00    0.00    0.00    0.00  100.00
16:11:08       9    0.00    0.00    0.00    0.00    0.00    0.00    0.00    0.00    0.00  100.00
16:11:08      10    0.00    0.00    0.00    0.00    0.00    0.00    0.00    0.00    0.00  100.00
16:11:08      11    0.00    0.00    0.00    0.00    0.00    0.00    0.00    0.00    0.00  100.00
16:11:08      12    0.00    0.00    0.00    0.00    0.00    0.00    0.00    0.00    0.00  100.00
16:11:08      13    0.00    0.00    0.00    0.00    0.00    0.00    0.00    0.00    0.00  100.00
16:11:08      14    0.00    0.00    1.00    0.00    0.00    0.00    0.00    0.00    0.00   99.00
16:11:08      15    1.00    0.00    1.00    0.00    0.00    0.00    0.00    0.00    0.00   98.00
16:11:08      16    0.00    0.00    0.00    0.00    0.00    0.00    0.00    0.00    0.00  100.00
16:11:08      17    0.00    0.00    0.00    0.00    0.00    0.00    0.00    0.00    0.00  100.00
16:11:08      18    7.92    0.00    7.92    0.99    0.00    0.99    0.00    0.00    0.00   82.18
16:11:08      19    2.00    0.00    0.00    0.00    0.00    0.00    0.00    0.00    0.00   98.00
16:11:08      20    1.01    0.00    1.01    0.00    0.00    0.00    0.00    0.00    0.00   97.98
16:11:08      21    2.02    0.00    0.00    0.00    0.00    0.00    0.00    0.00    0.00   97.98
16:11:08      22    5.10    0.00    1.02    0.00    0.00    0.00    0.00    0.00    0.00   93.88
16:11:08      23    3.96    0.00    1.98    0.00    0.00    0.00    0.00    0.00    0.00   94.06
16:11:08      24    1.01    0.00    0.00    0.00    0.00    0.00    0.00    0.00    0.00   98.99
16:11:08      25    2.97    0.00    0.99    0.99    0.00    0.00    0.00    0.00    0.00   95.05
16:11:08      26    5.05    0.00    1.01    0.00    0.00    0.00    0.00    0.00    0.00   93.94
16:11:08      27    3.03    0.00    1.01    0.00    0.00    0.00    0.00    0.00    0.00   95.96
16:11:08      28    4.00    0.00    2.00    0.00    0.00    0.00    0.00    0.00    0.00   94.00
16:11:08      29    2.00    0.00    1.00    0.00    0.00    0.00    0.00    0.00    0.00   97.00
16:11:08      30    0.99    0.00    0.99    0.00    0.00    0.00    0.00    0.00    0.00   98.02
16:11:08      31    1.00    0.00    1.00    0.00    0.00    0.00    0.00    0.00    0.00   98.00
16:11:08      32    0.00    0.00    0.00    0.00    0.00    0.00    0.00    0.00    0.00  100.00
16:11:08      33    0.00    0.00    0.00    0.00    0.00    0.00    0.00    0.00    0.00  100.00
16:11:08      34    7.00    0.00    3.00    0.00    0.00    0.00    0.00    0.00    0.00   90.00
16:11:08      35    1.98    0.00    0.00    0.00    0.00    0.00    0.00    0.00    0.00   98.02
16:11:08      36    0.00    0.00    0.00    0.00    0.00    0.00    0.00    0.00    0.00  100.00
16:11:08      37    0.99    0.00    0.00    0.00    0.00    0.00    0.00    0.00    0.00   99.01
16:11:08      38    0.00    0.00    0.00    0.00    0.00    0.00    0.00    0.00    0.00  100.00
16:11:08      39    0.00    0.00    0.99    0.00    0.00    0.00    0.00    0.00    0.00   99.01
16:11:08      40    0.00    0.00    0.00    0.00    0.00    0.00    0.00    0.00    0.00  100.00
16:11:08      41    0.00    0.00    0.00    0.00    0.00    0.00    0.00    0.00    0.00  100.00
16:11:08      42    0.00    0.00    0.00    0.00    0.00    0.00    0.00    0.00    0.00  100.00
16:11:08      43    0.00    0.00    1.00    0.00    0.00    0.00    0.00    0.00    0.00   99.00
16:11:08      44    0.00    0.00    0.00    0.00    0.00    0.00    0.00    0.00    0.00  100.00
16:11:08      45    0.00    0.00    0.00    0.00    0.00    0.00    0.00    0.00    0.00  100.00
16:11:08      46    0.00    0.00    0.00    0.00    0.00    0.00    0.00    0.00    0.00  100.00
16:11:08      47    0.00    0.00    0.00    0.00    0.00    0.00    0.00    0.00    0.00  100.00
16:11:08      48    0.00    0.00    0.00    0.00    0.00    0.00    0.00    0.00    0.00  100.00
16:11:08      49    0.00    0.00    0.00    0.00    0.00    0.00    0.00    0.00    0.00  100.00
16:11:08      50    0.00    0.00    0.00    0.00    0.00    0.00    0.00    0.00    0.00  100.00
16:11:08      51    0.00    0.00    0.00    0.00    0.00    0.00    0.00    0.00    0.00  100.00
16:11:08      52    0.00    0.00    0.00    0.00    0.00    0.00    0.00    0.00    0.00  100.00
16:11:08      53    0.00    0.00    0.99    0.00    0.00    0.00    0.00    0.00    0.00   99.01
16:11:08      54    0.00    0.00    0.00    0.00    0.00    0.00    0.00    0.00    0.00  100.00
16:11:08      55    0.00    0.00    0.00    0.00    0.00    0.00    0.00    0.00    0.00  100.00
16:11:08      56    0.00    0.00    0.00    0.00    0.00    0.00    0.00    0.00    0.00  100.00
16:11:08      57    0.00    0.00    0.00    0.00    0.00    0.00    0.00    0.00    0.00  100.00
16:11:08      58    0.00    0.00    1.00    0.00    0.00    0.00    0.00    0.00    0.00   99.00
16:11:08      59    1.00    0.00    1.00    0.00    0.00    0.00    0.00    0.00    0.00   98.00
16:11:08      60    0.00    0.00    0.00    0.00    0.00    0.00    0.00    0.00    0.00  100.00
16:11:08      61    0.00    0.00    0.00    0.00    0.00    0.00    0.00    0.00    0.00  100.00
16:11:08      62    0.00    0.00    0.00    0.00    0.00    0.00    0.00    0.00    0.00  100.00
16:11:08      63    0.00    0.00    0.00    0.00    0.00    0.00    0.00    0.00    0.00  100.00
16:11:08      64    0.00    0.00    0.00    0.00    0.00    0.00    0.00    0.00    0.00  100.00
16:11:08      65    0.00    0.00    0.99    0.00    0.00    0.00    0.00    0.00    0.00   99.01
16:11:08      66    0.99    0.00    0.99    0.00    0.00    0.00    0.00    0.00    0.00   98.02
16:11:08      67    0.00    0.00    0.00    0.00    0.00    0.00    0.00    0.00    0.00  100.00
16:11:08      68    1.01    0.00    0.00    0.00    0.00    0.00    0.00    0.00    0.00   98.99
16:11:08      69    0.00    0.00    0.00    0.00    0.00    0.00    0.00    0.00    0.00  100.00
16:11:08      70    0.99    0.00    0.00    0.00    0.00    0.00    0.00    0.00    0.00   99.01
16:11:08      71    1.00    0.00    0.00    0.00    0.00    0.00    0.00    0.00    0.00   99.00

16:11:08     CPU    %usr   %nice    %sys %iowait    %irq   %soft  %steal  %guest  %gnice   %idle
16:11:09     all    0.72    0.00    0.53    0.31    0.00    0.03    0.00    0.00    0.00   98.41
16:11:09       0    0.00    0.00    0.00    0.00    0.00    0.00    0.00    0.00    0.00  100.00
16:11:09       1    0.00    0.00    1.00    0.00    0.00    0.00    0.00    0.00    0.00   99.00
16:11:09       2    0.00    0.00    0.00    0.00    0.00    0.00    0.00    0.00    0.00  100.00
16:11:09       3    0.99    0.00    0.99    0.00    0.00    0.00    0.00    0.00    0.00   98.02
16:11:09       4    0.00    0.00    1.00   20.00    0.00    0.00    0.00    0.00    0.00   79.00
16:11:09       5    0.00    0.00    0.00    0.00    0.00    0.00    0.00    0.00    0.00  100.00
16:11:09       6    0.00    0.00    1.00    0.00    0.00    0.00    0.00    0.00    0.00   99.00
16:11:09       7    0.00    0.00    0.00    0.00    0.00    0.00    0.00    0.00    0.00  100.00
16:11:09       8    0.00    0.00    0.00    0.00    0.00    0.00    0.00    0.00    0.00  100.00
16:11:09       9    0.00    0.00    0.00    0.00    0.00    0.00    0.00    0.00    0.00  100.00
16:11:09      10    0.00    0.00    0.00    0.00    0.00    0.00    0.00    0.00    0.00  100.00
16:11:09      11    0.00    0.00    0.00    0.00    0.00    0.00    0.00    0.00    0.00  100.00
16:11:09      12    0.00    0.00    0.00    0.00    0.00    0.00    0.00    0.00    0.00  100.00
16:11:09      13    0.00    0.00    0.00    0.00    0.00    0.00    0.00    0.00    0.00  100.00
16:11:09      14    0.00    0.00    1.00    0.00    0.00    0.00    0.00    0.00    0.00   99.00
16:11:09      15    1.00    0.00    5.00    0.00    0.00    0.00    0.00    0.00    0.00   94.00
16:11:09      16    0.00    0.00    0.00    0.00    0.00    0.00    0.00    0.00    0.00  100.00
16:11:09      17    0.00    0.00    0.00    0.00    0.00    0.00    0.00    0.00    0.00  100.00
16:11:09      18    6.00    0.00    8.00    0.00    0.00    0.00    0.00    0.00    0.00   86.00
16:11:09      19    2.00    0.00    1.00    0.00    0.00    0.00    0.00    0.00    0.00   97.00
16:11:09      20    3.00    0.00    2.00    0.00    0.00    0.00    0.00    0.00    0.00   95.00
16:11:09      21    2.00    0.00    0.00    0.00    0.00    0.00    0.00    0.00    0.00   98.00
16:11:09      22    5.00    0.00    2.00    0.00    0.00    0.00    0.00    0.00    0.00   93.00
16:11:09      23    1.00    0.00    1.00    0.00    0.00    0.00    0.00    0.00    0.00   98.00
16:11:09      24    1.00    0.00    2.00    0.00    0.00    0.00    0.00    0.00    0.00   97.00
16:11:09      25    1.00    0.00    0.00    0.00    0.00    0.00    0.00    0.00    0.00   99.00
16:11:09      26    5.00    0.00    2.00    1.00    0.00    1.00    0.00    0.00    0.00   91.00
16:11:09      27    1.98    0.00    0.99    0.00    0.00    0.00    0.00    0.00    0.00   97.03
16:11:09      28    3.00    0.00    1.00    0.00    0.00    0.00    0.00    0.00    0.00   96.00
16:11:09      29    2.97    0.00    0.00    0.00    0.00    0.00    0.00    0.00    0.00   97.03
16:11:09      30    2.00    0.00    1.00    0.00    0.00    0.00    0.00    0.00    0.00   97.00
16:11:09      31    0.00    0.00    1.00    0.00    0.00    0.00    0.00    0.00    0.00   99.00
16:11:09      32    1.01    0.00    1.01    0.00    0.00    0.00    0.00    0.00    0.00   97.98
16:11:09      33    1.00    0.00    0.00    0.00    0.00    0.00    0.00    0.00    0.00   99.00
16:11:09      34    5.00    0.00    3.00    1.00    0.00    0.00    0.00    0.00    0.00   91.00
16:11:09      35    2.00    0.00    0.00    0.00    0.00    0.00    0.00    0.00    0.00   98.00
16:11:09      36    0.00    0.00    0.00    0.00    0.00    0.00    0.00    0.00    0.00  100.00
16:11:09      37    0.00    0.00    0.00    0.00    0.00    0.00    0.00    0.00    0.00  100.00
16:11:09      38    0.00    0.00    0.00    0.00    0.00    0.00    0.00    0.00    0.00  100.00
16:11:09      39    0.00    0.00    0.00    0.00    0.00    0.00    0.00    0.00    0.00  100.00
16:11:09      40    0.00    0.00    0.00    0.00    0.00    1.01    0.00    0.00    0.00   98.99
16:11:09      41    1.96    0.00    0.98    0.00    0.00    0.00    0.00    0.00    0.00   97.06
16:11:09      42    0.00    0.00    0.00    0.00    0.00    0.00    0.00    0.00    0.00  100.00
16:11:09      43    1.00    0.00    0.00    0.00    0.00    0.00    0.00    0.00    0.00   99.00
16:11:09      44    0.00    0.00    0.00    0.00    0.00    0.00    0.00    0.00    0.00  100.00
16:11:09      45    0.00    0.00    0.00    0.00    0.00    0.00    0.00    0.00    0.00  100.00
16:11:09      46    0.00    0.00    0.00    0.00    0.00    0.00    0.00    0.00    0.00  100.00
16:11:09      47    0.00    0.00    0.00    0.00    0.00    0.00    0.00    0.00    0.00  100.00
16:11:09      48    0.00    0.00    0.00    0.00    0.00    0.00    0.00    0.00    0.00  100.00
16:11:09      49    0.00    0.00    0.00    0.00    0.00    0.00    0.00    0.00    0.00  100.00
16:11:09      50    0.00    0.00    0.00    0.00    0.00    0.00    0.00    0.00    0.00  100.00
16:11:09      51    0.00    0.00    0.00    0.00    0.00    0.00    0.00    0.00    0.00  100.00
16:11:09      52    0.00    0.00    0.00    0.00    0.00    0.00    0.00    0.00    0.00  100.00
16:11:09      53    0.00    0.00    0.00    0.00    0.00    0.00    0.00    0.00    0.00  100.00
16:11:09      54    0.00    0.00    0.00    0.00    0.00    0.00    0.00    0.00    0.00  100.00
16:11:09      55    0.00    0.00    0.00    0.00    0.00    0.00    0.00    0.00    0.00  100.00
16:11:09      56    0.00    0.00    0.00    0.00    0.00    0.00    0.00    0.00    0.00  100.00
16:11:09      57    0.00    0.00    0.00    0.00    0.00    0.00    0.00    0.00    0.00  100.00
16:11:09      58    1.00    0.00    0.00    0.00    0.00    0.00    0.00    0.00    0.00   99.00
16:11:09      59    0.00    0.00    0.00    0.00    0.00    0.00    0.00    0.00    0.00  100.00
16:11:09      60    0.00    0.00    0.00    0.00    0.00    0.00    0.00    0.00    0.00  100.00
16:11:09      61    1.00    0.00    0.00    0.00    0.00    0.00    0.00    0.00    0.00   99.00
16:11:09      62    0.00    0.00    0.00    0.00    0.00    0.00    0.00    0.00    0.00  100.00
16:11:09      63    0.00    0.00    0.00    0.00    0.00    0.00    0.00    0.00    0.00  100.00
16:11:09      64    0.00    0.00    1.00    0.00    0.00    0.00    0.00    0.00    0.00   99.00
16:11:09      65    0.00    0.00    0.00    0.00    0.00    0.00    0.00    0.00    0.00  100.00
16:11:09      66    0.00    0.00    0.00    0.00    0.00    0.00    0.00    0.00    0.00  100.00
16:11:09      67    0.00    0.00    0.00    0.00    0.00    0.00    0.00    0.00    0.00  100.00
16:11:09      68    0.00    0.00    0.00    0.00    0.00    0.00    0.00    0.00    0.00  100.00
16:11:09      69    0.00    0.00    0.00    0.00    0.00    0.00    0.00    0.00    0.00  100.00
16:11:09      70    0.00    0.00    0.00    0.00    0.00    0.00    0.00    0.00    0.00  100.00
16:11:09      71    0.00    0.00    0.00    0.00    0.00    0.00    0.00    0.00    0.00  100.00

16:11:09     CPU    %usr   %nice    %sys %iowait    %irq   %soft  %steal  %guest  %gnice   %idle
16:11:10     all    0.89    0.00    0.40    0.26    0.00    0.00    0.00    0.00    0.00   98.44
16:11:10       0    2.06    0.00    1.03    0.00    0.00    0.00    0.00    0.00    0.00   96.91
16:11:10       1    0.00    0.00    0.00    0.00    0.00    0.00    0.00    0.00    0.00  100.00
16:11:10       2    0.00    0.00    0.00    0.00    0.00    0.00    0.00    0.00    0.00  100.00
16:11:10       3    0.00    0.00    0.00    0.00    0.00    0.00    0.00    0.00    0.00  100.00
16:11:10       4    0.00    0.00    0.00   16.00    0.00    0.00    0.00    0.00    0.00   84.00
16:11:10       5    0.00    0.00    0.00    0.00    0.00    0.00    0.00    0.00    0.00  100.00
16:11:10       6    0.00    0.00    0.00    0.00    0.00    0.00    0.00    0.00    0.00  100.00
16:11:10       7    0.00    0.00    0.00    0.00    0.00    0.00    0.00    0.00    0.00  100.00
16:11:10       8    0.00    0.00    0.00    0.00    0.00    0.00    0.00    0.00    0.00  100.00
16:11:10       9    0.00    0.00    1.00    0.00    0.00    0.00    0.00    0.00    0.00   99.00
16:11:10      10    0.00    0.00    0.00    0.00    0.00    0.00    0.00    0.00    0.00  100.00
16:11:10      11    0.00    0.00    0.00    0.00    0.00    0.00    0.00    0.00    0.00  100.00
16:11:10      12    0.00    0.00    0.99    0.00    0.00    0.00    0.00    0.00    0.00   99.01
16:11:10      13    0.00    0.00    0.00    0.00    0.00    0.00    0.00    0.00    0.00  100.00
16:11:10      14    0.00    0.00    0.99    0.00    0.00    0.00    0.00    0.00    0.00   99.01
16:11:10      15    1.01    0.00    1.01    0.00    0.00    0.00    0.00    0.00    0.00   97.98
16:11:10      16    0.00    0.00    0.00    0.00    0.00    0.00    0.00    0.00    0.00  100.00
16:11:10      17    0.00    0.00    0.00    0.00    0.00    0.00    0.00    0.00    0.00  100.00
16:11:10      18   11.11    0.00    7.07    1.01    0.00    0.00    0.00    0.00    0.00   80.81
16:11:10      19    3.00    0.00    1.00    0.00    0.00    0.00    0.00    0.00    0.00   96.00
16:11:10      20    1.01    0.00    0.00    0.00    0.00    0.00    0.00    0.00    0.00   98.99
16:11:10      21    2.00    0.00    0.00    0.00    0.00    0.00    0.00    0.00    0.00   98.00
16:11:10      22    6.06    0.00    2.02    1.01    0.00    0.00    0.00    0.00    0.00   90.91
16:11:10      23    1.01    0.00    0.00    0.00    0.00    0.00    0.00    0.00    0.00   98.99
16:11:10      24    7.07    0.00    1.01    0.00    0.00    0.00    0.00    0.00    0.00   91.92
16:11:10      25    2.00    0.00    2.00    0.00    0.00    0.00    0.00    0.00    0.00   96.00
16:11:10      26    3.03    0.00    1.01    0.00    0.00    0.00    0.00    0.00    0.00   95.96
16:11:10      27    3.03    0.00    1.01    0.00    0.00    0.00    0.00    0.00    0.00   95.96
16:11:10      28    2.02    0.00    0.00    0.00    0.00    0.00    0.00    0.00    0.00   97.98
16:11:10      29    1.00    0.00    1.00    0.00    0.00    0.00    0.00    0.00    0.00   98.00
16:11:10      30    0.00    0.00    0.00    0.00    0.00    0.00    0.00    0.00    0.00  100.00
16:11:10      31    3.03    0.00    1.01    0.00    0.00    0.00    0.00    0.00    0.00   95.96
16:11:10      32    1.00    0.00    2.00    0.00    0.00    0.00    0.00    0.00    0.00   97.00
16:11:10      33    0.99    0.00    0.99    0.00    0.00    0.00    0.00    0.00    0.00   98.02
16:11:10      34    5.10    0.00    1.02    0.00    0.00    0.00    0.00    0.00    0.00   93.88
16:11:10      35    1.00    0.00    1.00    0.00    0.00    0.00    0.00    0.00    0.00   98.00
16:11:10      36    1.00    0.00    0.00    0.00    0.00    0.00    0.00    0.00    0.00   99.00
16:11:10      37    0.00    0.00    0.00    0.00    0.00    0.00    0.00    0.00    0.00  100.00
16:11:10      38    0.00    0.00    0.00    0.00    0.00    0.00    0.00    0.00    0.00  100.00
16:11:10      39    0.00    0.00    0.00    0.00    0.00    0.00    0.00    0.00    0.00  100.00
16:11:10      40    0.00    0.00    0.00    0.00    0.00    0.00    0.00    0.00    0.00  100.00
16:11:10      41    0.00    0.00    0.00    0.00    0.00    0.00    0.00    0.00    0.00  100.00
16:11:10      42    0.00    0.00    0.00    0.00    0.00    0.00    0.00    0.00    0.00  100.00
16:11:10      43    0.00    0.00    0.00    0.00    0.00    0.00    0.00    0.00    0.00  100.00
16:11:10      44    0.00    0.00    0.00    0.00    0.00    0.00    0.00    0.00    0.00  100.00
16:11:10      45    0.00    0.00    0.00    0.00    0.00    0.00    0.00    0.00    0.00  100.00
16:11:10      46    0.00    0.00    0.00    0.00    0.00    0.00    0.00    0.00    0.00  100.00
16:11:10      47    0.98    0.00    0.98    0.00    0.00    0.00    0.00    0.00    0.00   98.04
16:11:10      48    0.00    0.00    0.00    0.00    0.00    0.00    0.00    0.00    0.00  100.00
16:11:10      49    0.00    0.00    0.00    0.00    0.00    0.00    0.00    0.00    0.00  100.00
16:11:10      50    0.00    0.00    0.00    0.00    0.00    0.00    0.00    0.00    0.00  100.00
16:11:10      51    0.00    0.00    0.00    0.00    0.00    0.00    0.00    0.00    0.00  100.00
16:11:10      52    0.00    0.00    0.00    0.00    0.00    0.00    0.00    0.00    0.00  100.00
16:11:10      53    0.00    0.00    0.00    0.00    0.00    0.00    0.00    0.00    0.00  100.00
16:11:10      54    0.00    0.00    0.00    0.00    0.00    0.00    0.00    0.00    0.00  100.00
16:11:10      55    0.00    0.00    0.00    0.00    0.00    0.00    0.00    0.00    0.00  100.00
16:11:10      56    0.00    0.00    0.00    0.00    0.00    0.00    0.00    0.00    0.00  100.00
16:11:10      57    0.00    0.00    0.00    0.00    0.00    0.00    0.00    0.00    0.00  100.00
16:11:10      58    0.00    0.00    0.00    0.00    0.00    0.00    0.00    0.00    0.00  100.00
16:11:10      59    0.00    0.00    0.00    0.00    0.00    0.00    0.00    0.00    0.00  100.00
16:11:10      60    0.00    0.00    0.00    0.00    0.00    0.00    0.00    0.00    0.00  100.00
16:11:10      61    0.00    0.00    0.00    0.00    0.00    0.00    0.00    0.00    0.00  100.00
16:11:10      62    0.00    0.00    0.00    0.00    0.00    0.00    0.00    0.00    0.00  100.00
16:11:10      63    0.00    0.00    0.00    0.00    0.00    0.00    0.00    0.00    0.00  100.00
16:11:10      64    1.98    0.00    0.99    0.99    0.00    0.00    0.00    0.00    0.00   96.04
16:11:10      65    1.01    0.00    0.00    0.00    0.00    0.00    0.00    0.00    0.00   98.99
16:11:10      66    2.04    0.00    0.00    0.00    0.00    0.00    0.00    0.00    0.00   97.96
16:11:10      67    0.00    0.00    0.00    0.00    0.00    0.00    0.00    0.00    0.00  100.00
16:11:10      68    0.00    0.00    0.00    0.00    0.00    0.00    0.00    0.00    0.00  100.00
16:11:10      69    0.00    0.00    0.00    0.00    0.00    0.00    0.00    0.00    0.00  100.00
16:11:10      70    0.99    0.00    0.00    0.00    0.00    0.00    0.00    0.00    0.00   99.01
16:11:10      71    0.00    0.00    0.00    0.00    0.00    0.00    0.00    0.00    0.00  100.00

16:11:10     CPU    %usr   %nice    %sys %iowait    %irq   %soft  %steal  %guest  %gnice   %idle
16:11:11     all    1.09    0.00    0.47    0.35    0.00    0.00    0.00    0.00    0.00   98.09
16:11:11       0    0.00    0.00    0.00    0.00    0.00    0.00    0.00    0.00    0.00  100.00
16:11:11       1    0.00    0.00    0.00    0.00    0.00    0.00    0.00    0.00    0.00  100.00
16:11:11       2    0.00    0.00    0.00    0.00    0.00    0.00    0.00    0.00    0.00  100.00
16:11:11       3    0.00    0.00    0.00    0.00    0.00    0.00    0.00    0.00    0.00  100.00
16:11:11       4    0.00    0.00    1.00   22.00    0.00    0.00    0.00    0.00    0.00   77.00
16:11:11       5    0.00    0.00    0.00    0.00    0.00    0.00    0.00    0.00    0.00  100.00
16:11:11       6    0.00    0.00    1.00    0.00    0.00    0.00    0.00    0.00    0.00   99.00
16:11:11       7    0.00    0.00    0.00    0.00    0.00    0.00    0.00    0.00    0.00  100.00
16:11:11       8    0.00    0.00    0.00    0.00    0.00    0.00    0.00    0.00    0.00  100.00
16:11:11       9    0.00    0.00    0.00    0.00    0.00    0.00    0.00    0.00    0.00  100.00
16:11:11      10    0.00    0.00    0.00    0.00    0.00    0.00    0.00    0.00    0.00  100.00
16:11:11      11    0.00    0.00    0.00    0.00    0.00    0.00    0.00    0.00    0.00  100.00
16:11:11      12    0.00    0.00    0.00    0.00    0.00    0.00    0.00    0.00    0.00  100.00
16:11:11      13    0.00    0.00    0.00    0.00    0.00    0.00    0.00    0.00    0.00  100.00
16:11:11      14    0.00    0.00    0.00    0.00    0.00    0.00    0.00    0.00    0.00  100.00
16:11:11      15    0.00    0.00    0.99    0.00    0.00    0.00    0.00    0.00    0.00   99.01
16:11:11      16    0.00    0.00    0.00    0.00    0.00    0.00    0.00    0.00    0.00  100.00
16:11:11      17    0.00    0.00    1.00    0.00    0.00    0.00    0.00    0.00    0.00   99.00
16:11:11      18   21.00    0.00    6.00    0.00    0.00    0.00    0.00    0.00    0.00   73.00
16:11:11      19    1.01    0.00    0.00    0.00    0.00    0.00    0.00    0.00    0.00   98.99
16:11:11      20    2.02    0.00    0.00    0.00    0.00    0.00    0.00    0.00    0.00   97.98
16:11:11      21    0.99    0.00    0.99    0.00    0.00    0.00    0.00    0.00    0.00   98.02
16:11:11      22    5.05    0.00    2.02    1.01    0.00    0.00    0.00    0.00    0.00   91.92
16:11:11      23    3.06    0.00    0.00    0.00    0.00    0.00    0.00    0.00    0.00   96.94
16:11:11      24    3.00    0.00    1.00    0.00    0.00    0.00    0.00    0.00    0.00   96.00
16:11:11      25    4.04    0.00    4.04    0.00    0.00    0.00    0.00    0.00    0.00   91.92
16:11:11      26    6.06    0.00    3.03    1.01    0.00    0.00    0.00    0.00    0.00   89.90
16:11:11      27    7.00    0.00    1.00    0.00    0.00    0.00    0.00    0.00    0.00   92.00
16:11:11      28    1.00    0.00    0.00    0.00    0.00    0.00    0.00    0.00    0.00   99.00
16:11:11      29    0.00    0.00    0.00    0.00    0.00    0.00    0.00    0.00    0.00  100.00
16:11:11      30    1.00    0.00    1.00    0.00    0.00    0.00    0.00    0.00    0.00   98.00
16:11:11      31    2.00    0.00    1.00    0.00    0.00    0.00    0.00    0.00    0.00   97.00
16:11:11      32    1.00    0.00    4.00    0.00    0.00    0.00    0.00    0.00    0.00   95.00
16:11:11      33    1.01    0.00    0.00    0.00    0.00    0.00    0.00    0.00    0.00   98.99
16:11:11      34    5.94    0.00    2.97    0.99    0.00    0.00    0.00    0.00    0.00   90.10
16:11:11      35    1.00    0.00    0.00    0.00    0.00    0.00    0.00    0.00    0.00   99.00
16:11:11      36    0.00    0.00    0.00    0.00    0.00    0.00    0.00    0.00    0.00  100.00
16:11:11      37    0.00    0.00    0.00    0.00    0.00    0.00    0.00    0.00    0.00  100.00
16:11:11      38    0.99    0.00    0.00    0.00    0.00    0.00    0.00    0.00    0.00   99.01
16:11:11      39    0.99    0.00    0.00    0.00    0.00    0.00    0.00    0.00    0.00   99.01
16:11:11      40    0.00    0.00    0.00    0.00    0.00    0.00    0.00    0.00    0.00  100.00
16:11:11      41    1.00    0.00    0.00    0.00    0.00    0.00    0.00    0.00    0.00   99.00
16:11:11      42    0.00    0.00    0.00    0.00    0.00    0.00    0.00    0.00    0.00  100.00
16:11:11      43    0.00    0.00    0.00    0.00    0.00    0.00    0.00    0.00    0.00  100.00
16:11:11      44    0.00    0.00    0.00    0.00    0.00    0.00    0.00    0.00    0.00  100.00
16:11:11      45    0.00    0.00    0.00    0.00    0.00    0.00    0.00    0.00    0.00  100.00
16:11:11      46    0.00    0.00    0.00    0.00    0.00    0.00    0.00    0.00    0.00  100.00
16:11:11      47    0.00    0.00    0.00    0.00    0.00    0.00    0.00    0.00    0.00  100.00
16:11:11      48    0.00    0.00    0.00    0.00    0.00    0.00    0.00    0.00    0.00  100.00
16:11:11      49    0.00    0.00    0.00    0.00    0.00    0.00    0.00    0.00    0.00  100.00
16:11:11      50    0.99    0.00    0.00    0.00    0.00    0.00    0.00    0.00    0.00   99.01
16:11:11      51    0.00    0.00    0.00    0.00    0.00    0.00    0.00    0.00    0.00  100.00
16:11:11      52    0.00    0.00    0.00    0.00    0.00    0.00    0.00    0.00    0.00  100.00
16:11:11      53    0.00    0.00    0.00    0.00    0.00    0.00    0.00    0.00    0.00  100.00
16:11:11      54    0.99    0.00    0.99    0.00    0.00    0.00    0.00    0.00    0.00   98.02
16:11:11      55    0.00    0.00    0.00    0.00    0.00    0.00    0.00    0.00    0.00  100.00
16:11:11      56    0.00    0.00    0.00    0.00    0.00    0.00    0.00    0.00    0.00  100.00
16:11:11      57    0.00    0.00    0.00    0.00    0.00    0.00    0.00    0.00    0.00  100.00
16:11:11      58    2.02    0.00    0.00    0.00    0.00    0.00    0.00    0.00    0.00   97.98
16:11:11      59    0.00    0.00    0.00    0.00    0.00    0.00    0.00    0.00    0.00  100.00
16:11:11      60    0.00    0.00    0.00    0.00    0.00    0.00    0.00    0.00    0.00  100.00
16:11:11      61    0.00    0.00    0.00    0.00    0.00    0.00    0.00    0.00    0.00  100.00
16:11:11      62    0.00    0.00    0.00    0.00    0.00    0.00    0.00    0.00    0.00  100.00
16:11:11      63    0.00    0.00    0.00    0.00    0.00    0.00    0.00    0.00    0.00  100.00
16:11:11      64    0.00    0.00    0.00    0.00    0.00    0.00    0.00    0.00    0.00  100.00
16:11:11      65    0.00    0.00    1.00    0.00    0.00    0.00    0.00    0.00    0.00   99.00
16:11:11      66    2.00    0.00    1.00    0.00    0.00    0.00    0.00    0.00    0.00   97.00
16:11:11      67    0.00    0.00    0.00    0.00    0.00    0.00    0.00    0.00    0.00  100.00
16:11:11      68    1.00    0.00    0.00    0.00    0.00    0.00    0.00    0.00    0.00   99.00
16:11:11      69    0.99    0.00    0.00    0.00    0.00    0.00    0.00    0.00    0.00   99.01
16:11:11      70    1.01    0.00    0.00    0.00    0.00    0.00    0.00    0.00    0.00   98.99
16:11:11      71    0.00    0.00    0.00    0.00    0.00    0.00    0.00    0.00    0.00  100.00

16:11:11     CPU    %usr   %nice    %sys %iowait    %irq   %soft  %steal  %guest  %gnice   %idle
16:11:12     all    0.92    0.00    0.39    0.22    0.00    0.00    0.00    0.00    0.00   98.47
16:11:12       0    0.00    0.00    0.00    0.00    0.00    0.00    0.00    0.00    0.00  100.00
16:11:12       1    0.00    0.00    0.00    0.00    0.00    0.00    0.00    0.00    0.00  100.00
16:11:12       2    0.00    0.00    0.00    0.00    0.00    0.00    0.00    0.00    0.00  100.00
16:11:12       3    0.00    0.00    1.00    0.00    0.00    0.00    0.00    0.00    0.00   99.00
16:11:12       4    0.00    0.00    0.00   15.15    0.00    0.00    0.00    0.00    0.00   84.85
16:11:12       5    0.99    0.00    0.00    0.00    0.00    0.00    0.00    0.00    0.00   99.01
16:11:12       6    0.00    0.00    0.00    0.00    0.00    0.00    0.00    0.00    0.00  100.00
16:11:12       7    0.98    0.00    0.98    0.00    0.00    0.00    0.00    0.00    0.00   98.04
16:11:12       8    1.00    0.00    0.00    0.00    0.00    0.00    0.00    0.00    0.00   99.00
16:11:12       9    0.00    0.00    0.00    0.00    0.00    0.00    0.00    0.00    0.00  100.00
16:11:12      10    0.00    0.00    0.00    0.00    0.00    0.00    0.00    0.00    0.00  100.00
16:11:12      11    0.98    0.00    1.96    0.00    0.00    0.00    0.00    0.00    0.00   97.06
16:11:12      12    0.00    0.00    1.00    0.00    0.00    0.00    0.00    0.00    0.00   99.00
16:11:12      13    0.00    0.00    0.00    0.00    0.00    0.00    0.00    0.00    0.00  100.00
16:11:12      14    0.00    0.00    0.00    0.00    0.00    0.00    0.00    0.00    0.00  100.00
16:11:12      15    1.00    0.00    0.00    0.00    0.00    0.00    0.00    0.00    0.00   99.00
16:11:12      16    0.00    0.00    0.00    0.00    0.00    0.00    0.00    0.00    0.00  100.00
16:11:12      17    0.99    0.00    0.00    0.00    0.00    0.00    0.00    0.00    0.00   99.01
16:11:12      18   13.13    0.00    6.06    0.00    0.00    0.00    0.00    0.00    0.00   80.81
16:11:12      19    2.00    0.00    0.00    0.00    0.00    0.00    0.00    0.00    0.00   98.00
16:11:12      20    1.00    0.00    0.00    0.00    0.00    0.00    0.00    0.00    0.00   99.00
16:11:12      21    1.00    0.00    0.00    0.00    0.00    0.00    0.00    0.00    0.00   99.00
16:11:12      22    6.12    0.00    2.04    1.02    0.00    0.00    0.00    0.00    0.00   90.82
16:11:12      23    1.98    0.00    1.98    0.00    0.00    0.00    0.00    0.00    0.00   96.04
16:11:12      24    2.00    0.00    0.00    0.00    0.00    0.00    0.00    0.00    0.00   98.00
16:11:12      25    3.00    0.00    2.00    0.00    0.00    0.00    0.00    0.00    0.00   95.00
16:11:12      26    5.00    0.00    1.00    0.00    0.00    0.00    0.00    0.00    0.00   94.00
16:11:12      27    3.03    0.00    1.01    0.00    0.00    0.00    0.00    0.00    0.00   95.96
16:11:12      28    0.99    0.00    0.00    0.00    0.00    0.00    0.00    0.00    0.00   99.01
16:11:12      29    1.02    0.00    0.00    0.00    0.00    0.00    0.00    0.00    0.00   98.98
16:11:12      30    3.00    0.00    2.00    0.00    0.00    0.00    0.00    0.00    0.00   95.00
16:11:12      31    0.00    0.00    1.01    0.00    0.00    0.00    0.00    0.00    0.00   98.99
16:11:12      32    1.01    0.00    3.03    0.00    0.00    0.00    0.00    0.00    0.00   95.96
16:11:12      33    0.00    0.00    0.00    0.00    0.00    0.00    0.00    0.00    0.00  100.00
16:11:12      34    2.04    0.00    1.02    0.00    0.00    0.00    0.00    0.00    0.00   96.94
16:11:12      35    2.00    0.00    1.00    0.00    0.00    0.00    0.00    0.00    0.00   97.00
16:11:12      36    1.00    0.00    0.00    0.00    0.00    0.00    0.00    0.00    0.00   99.00
16:11:12      37    1.00    0.00    0.00    0.00    0.00    0.00    0.00    0.00    0.00   99.00
16:11:12      38    0.00    0.00    0.00    0.00    0.00    0.00    0.00    0.00    0.00  100.00
16:11:12      39    0.00    0.00    0.00    0.00    0.00    0.00    0.00    0.00    0.00  100.00
16:11:12      40    0.00    0.00    0.00    0.00    0.00    0.00    0.00    0.00    0.00  100.00
16:11:12      41    1.00    0.00    0.00    0.00    0.00    0.00    0.00    0.00    0.00   99.00
16:11:12      42    0.00    0.00    0.00    0.00    0.00    0.00    0.00    0.00    0.00  100.00
16:11:12      43    0.00    0.00    0.00    0.00    0.00    0.00    0.00    0.00    0.00  100.00
16:11:12      44    0.00    0.00    0.00    0.00    0.00    0.00    0.00    0.00    0.00  100.00
16:11:12      45    0.00    0.00    0.00    0.00    0.00    0.00    0.00    0.00    0.00  100.00
16:11:12      46    0.00    0.00    0.00    0.00    0.00    0.00    0.00    0.00    0.00  100.00
16:11:12      47    0.00    0.00    0.00    0.00    0.00    0.00    0.00    0.00    0.00  100.00
16:11:12      48    0.00    0.00    0.00    0.00    0.00    0.00    0.00    0.00    0.00  100.00
16:11:12      49    0.00    0.00    0.00    0.00    0.00    0.00    0.00    0.00    0.00  100.00
16:11:12      50    0.00    0.00    0.00    0.00    0.00    0.00    0.00    0.00    0.00  100.00
16:11:12      51    0.00    0.00    0.00    0.00    0.00    0.00    0.00    0.00    0.00  100.00
16:11:12      52    0.00    0.00    0.00    0.00    0.00    0.00    0.00    0.00    0.00  100.00
16:11:12      53    0.00    0.00    0.00    0.00    0.00    0.00    0.00    0.00    0.00  100.00
16:11:12      54    0.00    0.00    0.00    0.00    0.00    0.00    0.00    0.00    0.00  100.00
16:11:12      55    0.00    0.00    0.00    0.00    0.00    0.00    0.00    0.00    0.00  100.00
16:11:12      56    0.00    0.00    0.00    0.00    0.00    0.00    0.00    0.00    0.00  100.00
16:11:12      57    0.00    0.00    0.00    0.00    0.00    0.00    0.00    0.00    0.00  100.00
16:11:12      58    0.99    0.00    0.00    0.00    0.00    0.00    0.00    0.00    0.00   99.01
16:11:12      59    0.00    0.00    0.00    0.00    0.00    0.00    0.00    0.00    0.00  100.00
16:11:12      60    0.00    0.00    0.00    0.00    0.00    0.00    0.00    0.00    0.00  100.00
16:11:12      61    0.00    0.00    0.00    0.00    0.00    0.00    0.00    0.00    0.00  100.00
16:11:12      62    0.00    0.00    0.00    0.00    0.00    0.00    0.00    0.00    0.00  100.00
16:11:12      63    0.00    0.00    0.00    0.00    0.00    0.00    0.00    0.00    0.00  100.00
16:11:12      64    2.00    0.00    1.00    0.00    0.00    0.00    0.00    0.00    0.00   97.00
16:11:12      65    0.00    0.00    0.00    0.00    0.00    0.00    0.00    0.00    0.00  100.00
16:11:12      66    0.00    0.00    0.00    0.00    0.00    0.00    0.00    0.00    0.00  100.00
16:11:12      67    0.00    0.00    0.00    0.00    0.00    0.00    0.00    0.00    0.00  100.00
16:11:12      68    0.00    0.00    0.00    0.00    0.00    0.00    0.00    0.00    0.00  100.00
16:11:12      69    0.00    0.00    0.00    0.00    0.00    0.00    0.00    0.00    0.00  100.00
16:11:12      70    3.00    0.00    0.00    0.00    0.00    0.00    0.00    0.00    0.00   97.00
16:11:12      71    3.03    0.00    0.00    0.00    0.00    0.00    0.00    0.00    0.00   96.97

16:11:12     CPU    %usr   %nice    %sys %iowait    %irq   %soft  %steal  %guest  %gnice   %idle
16:11:13     all    0.92    0.00    0.43    0.35    0.00    0.00    0.00    0.00    0.00   98.30
16:11:13       0    1.04    0.00    0.00    0.00    0.00    0.00    0.00    0.00    0.00   98.96
16:11:13       1    0.00    0.00    0.00    0.00    0.00    0.00    0.00    0.00    0.00  100.00
16:11:13       2    0.00    0.00    0.00    0.00    0.00    0.00    0.00    0.00    0.00  100.00
16:11:13       3    0.00    0.00    0.00    0.00    0.00    0.00    0.00    0.00    0.00  100.00
16:11:13       4    0.00    0.00    0.00   21.00    0.00    0.00    0.00    0.00    0.00   79.00
16:11:13       5    0.00    0.00    0.00    0.00    0.00    0.00    0.00    0.00    0.00  100.00
16:11:13       6    0.00    0.00    0.00    0.00    0.00    0.00    0.00    0.00    0.00  100.00
16:11:13       7    0.00    0.00    0.00    0.00    0.00    0.00    0.00    0.00    0.00  100.00
16:11:13       8    0.00    0.00    0.00    0.00    0.00    0.00    0.00    0.00    0.00  100.00
16:11:13       9    0.00    0.00    0.00    0.00    0.00    0.00    0.00    0.00    0.00  100.00
16:11:13      10    0.00    0.00    0.00    0.00    0.00    0.00    0.00    0.00    0.00  100.00
16:11:13      11    0.00    0.00    0.00    0.00    0.00    0.00    0.00    0.00    0.00  100.00
16:11:13      12    1.01    0.00    0.00    0.00    0.00    0.00    0.00    0.00    0.00   98.99
16:11:13      13    0.99    0.00    0.99    0.00    0.00    0.00    0.00    0.00    0.00   98.02
16:11:13      14    0.00    0.00    1.00    0.00    0.00    0.00    0.00    0.00    0.00   99.00
16:11:13      15    0.00    0.00    0.00    0.00    0.00    0.00    0.00    0.00    0.00  100.00
16:11:13      16    0.99    0.00    0.00    0.00    0.00    0.00    0.00    0.00    0.00   99.01
16:11:13      17    0.00    0.00    0.00    0.00    0.00    0.00    0.00    0.00    0.00  100.00
16:11:13      18    8.00    0.00    7.00    1.00    0.00    0.00    0.00    0.00    0.00   84.00
16:11:13      19    2.00    0.00    1.00    0.00    0.00    0.00    0.00    0.00    0.00   97.00
16:11:13      20    2.00    0.00    0.00    0.00    0.00    0.00    0.00    0.00    0.00   98.00
16:11:13      21    2.02    0.00    0.00    0.00    0.00    0.00    0.00    0.00    0.00   97.98
16:11:13      22   13.27    0.00    5.10    1.02    0.00    0.00    0.00    0.00    0.00   80.61
16:11:13      23    2.00    0.00    1.00    0.00    0.00    0.00    0.00    0.00    0.00   97.00
16:11:13      24    3.03    0.00    1.01    0.00    0.00    0.00    0.00    0.00    0.00   95.96
16:11:13      25    3.00    0.00    1.00    1.00    0.00    0.00    0.00    0.00    0.00   95.00
16:11:13      26    5.05    0.00    1.01    0.00    0.00    0.00    0.00    0.00    0.00   93.94
16:11:13      27    4.00    0.00    1.00    0.00    0.00    0.00    0.00    0.00    0.00   95.00
16:11:13      28    2.00    0.00    1.00    0.00    0.00    0.00    0.00    0.00    0.00   97.00
16:11:13      29    1.00    0.00    1.00    0.00    0.00    0.00    0.00    0.00    0.00   98.00
16:11:13      30    0.00    0.00    0.00    0.00    0.00    0.00    0.00    0.00    0.00  100.00
16:11:13      31    2.00    0.00    0.00    0.00    0.00    0.00    0.00    0.00    0.00   98.00
16:11:13      32    1.01    0.00    4.04    0.00    0.00    0.00    0.00    0.00    0.00   94.95
16:11:13      33    0.00    0.00    0.00    0.00    0.00    0.00    0.00    0.00    0.00  100.00
16:11:13      34    5.05    0.00    1.01    0.00    0.00    0.00    0.00    0.00    0.00   93.94
16:11:13      35    1.01    0.00    0.00    1.01    0.00    0.00    0.00    0.00    0.00   97.98
16:11:13      36    0.00    0.00    0.00    0.00    0.00    0.00    0.00    0.00    0.00  100.00
16:11:13      37    0.00    0.00    0.00    0.00    0.00    0.00    0.00    0.00    0.00  100.00
16:11:13      38    0.00    0.00    0.00    0.00    0.00    0.00    0.00    0.00    0.00  100.00
16:11:13      39    0.00    0.00    0.00    0.00    0.00    0.00    0.00    0.00    0.00  100.00
16:11:13      40    0.00    0.00    0.00    0.00    0.00    0.00    0.00    0.00    0.00  100.00
16:11:13      41    0.00    0.00    0.00    0.00    0.00    0.00    0.00    0.00    0.00  100.00
16:11:13      42    0.00    0.00    0.99    0.00    0.00    0.00    0.00    0.00    0.00   99.01
16:11:13      43    0.00    0.00    0.00    0.00    0.00    0.00    0.00    0.00    0.00  100.00
16:11:13      44    0.00    0.00    0.00    0.00    0.00    0.00    0.00    0.00    0.00  100.00
16:11:13      45    0.00    0.00    0.99    0.00    0.00    0.00    0.00    0.00    0.00   99.01
16:11:13      46    0.00    0.00    0.00    0.00    0.00    0.00    0.00    0.00    0.00  100.00
16:11:13      47    0.00    0.00    0.00    0.00    0.00    0.00    0.00    0.00    0.00  100.00
16:11:13      48    0.00    0.00    0.00    0.00    0.00    0.00    0.00    0.00    0.00  100.00
16:11:13      49    1.01    0.00    0.00    0.00    0.00    0.00    0.00    0.00    0.00   98.99
16:11:13      50    0.00    0.00    0.00    0.00    0.00    0.00    0.00    0.00    0.00  100.00
16:11:13      51    0.00    0.00    0.00    0.00    0.00    0.00    0.00    0.00    0.00  100.00
16:11:13      52    0.00    0.00    0.00    0.00    0.00    0.00    0.00    0.00    0.00  100.00
16:11:13      53    0.99    0.00    0.00    0.00    0.00    0.00    0.00    0.00    0.00   99.01
16:11:13      54    0.00    0.00    0.00    0.00    0.00    0.00    0.00    0.00    0.00  100.00
16:11:13      55    0.00    0.00    0.00    0.00    0.00    0.00    0.00    0.00    0.00  100.00
16:11:13      56    0.00    0.00    0.00    0.00    0.00    0.00    0.00    0.00    0.00  100.00
16:11:13      57    0.00    0.00    0.00    0.00    0.00    0.00    0.00    0.00    0.00  100.00
16:11:13      58    1.01    0.00    0.00    0.00    0.00    0.00    0.00    0.00    0.00   98.99
16:11:13      59    0.00    0.00    0.00    0.00    0.00    0.00    0.00    0.00    0.00  100.00
16:11:13      60    0.00    0.00    0.00    0.00    0.00    0.00    0.00    0.00    0.00  100.00
16:11:13      61    0.00    0.00    0.00    0.00    0.00    0.00    0.00    0.00    0.00  100.00
16:11:13      62    0.00    0.00    0.00    0.00    0.00    0.00    0.00    0.00    0.00  100.00
16:11:13      63    0.00    0.00    0.00    0.00    0.00    0.00    0.00    0.00    0.00  100.00
16:11:13      64    0.00    0.00    0.99    0.00    0.00    0.00    0.00    0.00    0.00   99.01
16:11:13      65    1.00    0.00    0.00    0.00    0.00    0.00    0.00    0.00    0.00   99.00
16:11:13      66    2.00    0.00    1.00    0.00    0.00    0.00    0.00    0.00    0.00   97.00
16:11:13      67    0.00    0.00    0.00    0.00    0.00    0.00    0.00    0.00    0.00  100.00
16:11:13      68    0.00    0.00    0.00    0.00    0.00    0.00    0.00    0.00    0.00  100.00
16:11:13      69    0.00    0.00    0.00    0.00    0.00    0.00    0.00    0.00    0.00  100.00
16:11:13      70    0.00    0.00    0.00    0.00    0.00    0.00    0.00    0.00    0.00  100.00
16:11:13      71    0.00    0.00    0.00    0.00    0.00    0.00    0.00    0.00    0.00  100.00

16:11:13     CPU    %usr   %nice    %sys %iowait    %irq   %soft  %steal  %guest  %gnice   %idle
16:11:14     all    0.82    0.00    0.49    0.26    0.00    0.00    0.00    0.00    0.00   98.43
16:11:14       0    0.00    0.00    1.04    0.00    0.00    0.00    0.00    0.00    0.00   98.96
16:11:14       1    0.00    0.00    0.00    0.00    0.00    0.00    0.00    0.00    0.00  100.00
16:11:14       2    0.00    0.00    0.00    0.00    0.00    0.00    0.00    0.00    0.00  100.00
16:11:14       3    0.00    0.00    0.00    0.00    0.00    0.00    0.00    0.00    0.00  100.00
16:11:14       4    0.00    0.00    0.00   17.17    0.00    0.00    0.00    0.00    0.00   82.83
16:11:14       5    0.00    0.00    0.00    0.00    0.00    0.00    0.00    0.00    0.00  100.00
16:11:14       6    0.00    0.00    0.99    0.00    0.00    0.00    0.00    0.00    0.00   99.01
16:11:14       7    0.00    0.00    0.00    0.00    0.00    0.00    0.00    0.00    0.00  100.00
16:11:14       8    0.00    0.00    0.00    0.00    0.00    0.00    0.00    0.00    0.00  100.00
16:11:14       9    0.00    0.00    0.00    0.00    0.00    0.00    0.00    0.00    0.00  100.00
16:11:14      10    1.00    0.00    0.00    0.00    0.00    0.00    0.00    0.00    0.00   99.00
16:11:14      11    1.00    0.00    0.00    0.00    0.00    0.00    0.00    0.00    0.00   99.00
16:11:14      12    0.00    0.00    0.00    0.00    0.00    0.00    0.00    0.00    0.00  100.00
16:11:14      13    8.08    0.00    4.04    1.01    0.00    0.00    0.00    0.00    0.00   86.87
16:11:14      14    0.99    0.00    0.00    0.00    0.00    0.00    0.00    0.00    0.00   99.01
16:11:14      15    0.00    0.00    0.00    0.00    0.00    0.00    0.00    0.00    0.00  100.00
16:11:14      16    0.00    0.00    0.00    0.00    0.00    0.00    0.00    0.00    0.00  100.00
16:11:14      17    0.00    0.00    0.00    0.00    0.00    0.00    0.00    0.00    0.00  100.00
16:11:14      18   14.14    0.00    6.06    0.00    0.00    0.00    0.00    0.00    0.00   79.80
16:11:14      19    1.00    0.00    0.00    0.00    0.00    0.00    0.00    0.00    0.00   99.00
16:11:14      20    1.00    0.00    1.00    0.00    0.00    0.00    0.00    0.00    0.00   98.00
16:11:14      21    1.00    0.00    0.00    0.00    0.00    0.00    0.00    0.00    0.00   99.00
16:11:14      22    7.07    0.00    3.03    1.01    0.00    0.00    0.00    0.00    0.00   88.89
16:11:14      23    2.00    0.00    1.00    0.00    0.00    0.00    0.00    0.00    0.00   97.00
16:11:14      24    1.01    0.00    0.00    0.00    0.00    0.00    0.00    0.00    0.00   98.99
16:11:14      25    0.00    0.00    1.00    0.00    0.00    0.00    0.00    0.00    0.00   99.00
16:11:14      26    6.00    0.00    4.00    0.00    0.00    0.00    0.00    0.00    0.00   90.00
16:11:14      27    3.03    0.00    0.00    0.00    0.00    0.00    0.00    0.00    0.00   96.97
16:11:14      28    1.01    0.00    0.00    0.00    0.00    0.00    0.00    0.00    0.00   98.99
16:11:14      29    0.00    0.00    0.00    0.00    0.00    0.00    0.00    0.00    0.00  100.00
16:11:14      30    0.99    0.00    0.99    0.00    0.00    0.00    0.00    0.00    0.00   98.02
16:11:14      31    0.00    0.00    1.00    0.00    0.00    0.00    0.00    0.00    0.00   99.00
16:11:14      32    0.00    0.00    0.99    0.00    0.00    0.00    0.00    0.00    0.00   99.01
16:11:14      33    0.99    0.00    0.99    0.00    0.00    0.00    0.00    0.00    0.00   98.02
16:11:14      34    4.00    0.00    2.00    0.00    0.00    0.00    0.00    0.00    0.00   94.00
16:11:14      35    0.99    0.00    2.97    0.00    0.00    0.00    0.00    0.00    0.00   96.04
16:11:14      36    0.00    0.00    0.00    0.00    0.00    0.00    0.00    0.00    0.00  100.00
16:11:14      37    0.00    0.00    0.00    0.00    0.00    0.00    0.00    0.00    0.00  100.00
16:11:14      38    1.00    0.00    0.00    0.00    0.00    0.00    0.00    0.00    0.00   99.00
16:11:14      39    0.00    0.00    0.00    0.00    0.00    0.00    0.00    0.00    0.00  100.00
16:11:14      40    0.00    0.00    0.00    0.00    0.00    0.00    0.00    0.00    0.00  100.00
16:11:14      41    0.00    0.00    0.00    0.00    0.00    0.00    0.00    0.00    0.00  100.00
16:11:14      42    0.00    0.00    0.00    0.00    0.00    0.00    0.00    0.00    0.00  100.00
16:11:14      43    1.00    0.00    0.00    0.00    0.00    0.00    0.00    0.00    0.00   99.00
16:11:14      44    0.00    0.00    1.01    0.00    0.00    0.00    0.00    0.00    0.00   98.99
16:11:14      45    0.00    0.00    0.00    0.00    0.00    0.00    0.00    0.00    0.00  100.00
16:11:14      46    0.00    0.00    0.00    0.00    0.00    0.00    0.00    0.00    0.00  100.00
16:11:14      47    0.00    0.00    0.00    0.00    0.00    0.00    0.00    0.00    0.00  100.00
16:11:14      48    0.00    0.00    0.00    0.00    0.00    0.00    0.00    0.00    0.00  100.00
16:11:14      49    0.00    0.00    0.00    0.00    0.00    0.00    0.00    0.00    0.00  100.00
16:11:14      50    0.00    0.00    0.00    0.00    0.00    0.00    0.00    0.00    0.00  100.00
16:11:14      51    0.99    0.00    0.99    0.00    0.00    0.00    0.00    0.00    0.00   98.02
16:11:14      52    0.00    0.00    0.00    0.00    0.00    0.00    0.00    0.00    0.00  100.00
16:11:14      53    0.00    0.00    0.00    0.00    0.00    0.00    0.00    0.00    0.00  100.00
16:11:14      54    0.00    0.00    0.00    0.00    0.00    0.00    0.00    0.00    0.00  100.00
16:11:14      55    0.00    0.00    0.00    0.00    0.00    0.00    0.00    0.00    0.00  100.00
16:11:14      56    0.00    0.00    0.00    0.00    0.00    0.00    0.00    0.00    0.00  100.00
16:11:14      57    0.00    0.00    0.00    0.00    0.00    0.00    0.00    0.00    0.00  100.00
16:11:14      58    0.99    0.00    0.00    0.00    0.00    0.00    0.00    0.00    0.00   99.01
16:11:14      59    0.00    0.00    0.00    0.00    0.00    0.00    0.00    0.00    0.00  100.00
16:11:14      60    0.00    0.00    0.00    0.00    0.00    0.00    0.00    0.00    0.00  100.00
16:11:14      61    0.00    0.00    0.00    0.00    0.00    0.00    0.00    0.00    0.00  100.00
16:11:14      62    0.00    0.00    0.00    0.00    0.00    0.00    0.00    0.00    0.00  100.00
16:11:14      63    0.00    0.00    0.00    0.00    0.00    0.00    0.00    0.00    0.00  100.00
16:11:14      64    0.00    0.00    0.00    0.00    0.00    0.00    0.00    0.00    0.00  100.00
16:11:14      65    0.00    0.00    0.00    0.00    0.00    0.00    0.00    0.00    0.00  100.00
16:11:14      66    0.00    0.00    1.00    0.00    0.00    0.00    0.00    0.00    0.00   99.00
16:11:14      67    0.00    0.00    0.00    0.00    0.00    0.00    0.00    0.00    0.00  100.00
16:11:14      68    0.00    0.00    0.00    0.00    0.00    0.00    0.00    0.00    0.00  100.00
16:11:14      69    0.00    0.00    1.00    0.00    0.00    0.00    0.00    0.00    0.00   99.00
16:11:14      70    0.00    0.00    0.00    0.00    0.00    0.00    0.00    0.00    0.00  100.00
16:11:14      71    0.00    0.00    0.00    0.00    0.00    0.00    0.00    0.00    0.00  100.00

16:11:14     CPU    %usr   %nice    %sys %iowait    %irq   %soft  %steal  %guest  %gnice   %idle
16:11:15     all    1.11    0.00    0.47    0.29    0.00    0.01    0.00    0.00    0.00   98.11
16:11:15       0    1.04    0.00    0.00    0.00    0.00    0.00    0.00    0.00    0.00   98.96
16:11:15       1    0.00    0.00    0.00    0.00    0.00    0.00    0.00    0.00    0.00  100.00
16:11:15       2    0.00    0.00    0.00    0.00    0.00    0.00    0.00    0.00    0.00  100.00
16:11:15       3    1.00    0.00    0.00    0.00    0.00    0.00    0.00    0.00    0.00   99.00
16:11:15       4    0.00    0.00    0.99   20.79    0.00    0.00    0.00    0.00    0.00   78.22
16:11:15       5    0.99    0.00    0.00    0.00    0.00    0.00    0.00    0.00    0.00   99.01
16:11:15       6    0.00    0.00    0.00    0.00    0.00    0.00    0.00    0.00    0.00  100.00
16:11:15       7    0.00    0.00    1.00    0.00    0.00    0.00    0.00    0.00    0.00   99.00
16:11:15       8    1.00    0.00    0.00    0.00    0.00    0.00    0.00    0.00    0.00   99.00
16:11:15       9    1.00    0.00    0.00    0.00    0.00    0.00    0.00    0.00    0.00   99.00
16:11:15      10    0.00    0.00    0.00    0.00    0.00    0.00    0.00    0.00    0.00  100.00
16:11:15      11    0.00    0.00    0.00    0.00    0.00    0.00    0.00    0.00    0.00  100.00
16:11:15      12    0.99    0.00    0.99    0.00    0.00    0.00    0.00    0.00    0.00   98.02
16:11:15      13    0.00    0.00    0.00    0.00    0.00    0.00    0.00    0.00    0.00  100.00
16:11:15      14    0.00    0.00    0.00    0.00    0.00    0.00    0.00    0.00    0.00  100.00
16:11:15      15    0.99    0.00    0.99    0.00    0.00    0.00    0.00    0.00    0.00   98.02
16:11:15      16    0.00    0.00    0.00    0.00    0.00    0.00    0.00    0.00    0.00  100.00
16:11:15      17    0.00    0.00    0.00    0.00    0.00    0.00    0.00    0.00    0.00  100.00
16:11:15      18    6.06    0.00    6.06    0.00    0.00    0.00    0.00    0.00    0.00   87.88
16:11:15      19    3.00    0.00    0.00    0.00    0.00    0.00    0.00    0.00    0.00   97.00
16:11:15      20    2.00    0.00    1.00    0.00    0.00    0.00    0.00    0.00    0.00   97.00
16:11:15      21    1.98    0.00    0.00    0.00    0.00    0.00    0.00    0.00    0.00   98.02
16:11:15      22    8.08    0.00    3.03    0.00    0.00    1.01    0.00    0.00    0.00   87.88
16:11:15      23    2.04    0.00    0.00    0.00    0.00    0.00    0.00    0.00    0.00   97.96
16:11:15      24    2.97    0.00    0.99    0.00    0.00    0.00    0.00    0.00    0.00   96.04
16:11:15      25    5.00    0.00    2.00    0.00    0.00    0.00    0.00    0.00    0.00   93.00
16:11:15      26    8.16    0.00    3.06    0.00    0.00    0.00    0.00    0.00    0.00   88.78
16:11:15      27    3.03    0.00    0.00    0.00    0.00    0.00    0.00    0.00    0.00   96.97
16:11:15      28    2.00    0.00    1.00    0.00    0.00    0.00    0.00    0.00    0.00   97.00
16:11:15      29    1.00    0.00    0.00    0.00    0.00    0.00    0.00    0.00    0.00   99.00
16:11:15      30    1.00    0.00    0.00    0.00    0.00    0.00    0.00    0.00    0.00   99.00
16:11:15      31    1.00    0.00    1.00    0.00    0.00    0.00    0.00    0.00    0.00   98.00
16:11:15      32    1.00    0.00    0.00    0.00    0.00    0.00    0.00    0.00    0.00   99.00
16:11:15      33    1.00    0.00    0.00    0.00    0.00    0.00    0.00    0.00    0.00   99.00
16:11:15      34    4.08    0.00    2.04    0.00    0.00    0.00    0.00    0.00    0.00   93.88
16:11:15      35    2.02    0.00    0.00    0.00    0.00    0.00    0.00    0.00    0.00   97.98
16:11:15      36    0.00    0.00    0.00    0.00    0.00    0.00    0.00    0.00    0.00  100.00
16:11:15      37    0.00    0.00    0.00    0.00    0.00    0.00    0.00    0.00    0.00  100.00
16:11:15      38    1.00    0.00    1.00    0.00    0.00    0.00    0.00    0.00    0.00   98.00
16:11:15      39    0.00    0.00    0.00    0.00    0.00    0.00    0.00    0.00    0.00  100.00
16:11:15      40    3.00    0.00    1.00    0.00    0.00    0.00    0.00    0.00    0.00   96.00
16:11:15      41    0.99    0.00    0.99    0.00    0.00    0.00    0.00    0.00    0.00   98.02
16:11:15      42    0.99    0.00    0.00    0.00    0.00    0.00    0.00    0.00    0.00   99.01
16:11:15      43    0.00    0.00    1.00    0.00    0.00    0.00    0.00    0.00    0.00   99.00
16:11:15      44    1.00    0.00    0.00    0.00    0.00    0.00    0.00    0.00    0.00   99.00
16:11:15      45    0.99    0.00    0.99    0.00    0.00    0.00    0.00    0.00    0.00   98.02
16:11:15      46    1.00    0.00    1.00    0.00    0.00    0.00    0.00    0.00    0.00   98.00
16:11:15      47    1.01    0.00    0.00    0.00    0.00    0.00    0.00    0.00    0.00   98.99
16:11:15      48    0.00    0.00    0.00    0.00    0.00    0.00    0.00    0.00    0.00  100.00
16:11:15      49    0.99    0.00    0.00    0.00    0.00    0.00    0.00    0.00    0.00   99.01
16:11:15      50    1.00    0.00    0.00    0.00    0.00    0.00    0.00    0.00    0.00   99.00
16:11:15      51    0.00    0.00    0.00    0.00    0.00    0.00    0.00    0.00    0.00  100.00
16:11:15      52    0.00    0.00    0.00    0.00    0.00    0.00    0.00    0.00    0.00  100.00
16:11:15      53    0.00    0.00    0.00    0.00    0.00    0.00    0.00    0.00    0.00  100.00
16:11:15      54    0.00    0.00    0.00    0.00    0.00    0.00    0.00    0.00    0.00  100.00
16:11:15      55    0.00    0.00    1.00    0.00    0.00    0.00    0.00    0.00    0.00   99.00
16:11:15      56    1.00    0.00    0.00    0.00    0.00    0.00    0.00    0.00    0.00   99.00
16:11:15      57    0.00    0.00    0.00    0.00    0.00    0.00    0.00    0.00    0.00  100.00
16:11:15      58    0.00    0.00    0.00    0.00    0.00    0.00    0.00    0.00    0.00  100.00
16:11:15      59    0.00    0.00    0.00    0.00    0.00    0.00    0.00    0.00    0.00  100.00
16:11:15      60    0.00    0.00    0.00    0.00    0.00    0.00    0.00    0.00    0.00  100.00
16:11:15      61    0.00    0.00    0.00    0.00    0.00    0.00    0.00    0.00    0.00  100.00
16:11:15      62    0.99    0.00    0.00    0.00    0.00    0.00    0.00    0.00    0.00   99.01
16:11:15      63    0.00    0.00    0.00    0.00    0.00    0.00    0.00    0.00    0.00  100.00
16:11:15      64    0.00    0.00    0.00    0.00    0.00    0.00    0.00    0.00    0.00  100.00
16:11:15      65    0.99    0.00    0.99    0.00    0.00    0.00    0.00    0.00    0.00   98.02
16:11:15      66    0.99    0.00    0.00    0.00    0.00    0.00    0.00    0.00    0.00   99.01
16:11:15      67    0.00    0.00    0.00    0.00    0.00    0.00    0.00    0.00    0.00  100.00
16:11:15      68    0.00    0.00    0.00    0.00    0.00    0.00    0.00    0.00    0.00  100.00
16:11:15      69    0.00    0.00    0.00    0.00    0.00    0.00    0.00    0.00    0.00  100.00
16:11:15      70    1.00    0.00    0.00    0.00    0.00    0.00    0.00    0.00    0.00   99.00
16:11:15      71    0.99    0.00    1.98    0.00    0.00    0.00    0.00    0.00    0.00   97.03

16:11:15     CPU    %usr   %nice    %sys %iowait    %irq   %soft  %steal  %guest  %gnice   %idle
16:11:16     all    0.77    0.00    0.45    0.25    0.00    0.01    0.00    0.00    0.00   98.52
16:11:16       0    0.00    0.00    0.00    0.00    0.00    0.00    0.00    0.00    0.00  100.00
16:11:16       1    0.00    0.00    0.00    0.00    0.00    0.00    0.00    0.00    0.00  100.00
16:11:16       2    0.00    0.00    0.00    0.00    0.00    0.00    0.00    0.00    0.00  100.00
16:11:16       3    0.00    0.00    0.00    0.00    0.00    0.00    0.00    0.00    0.00  100.00
16:11:16       4    0.00    0.00    0.00   16.33    0.00    0.00    0.00    0.00    0.00   83.67
16:11:16       5    0.00    0.00    0.00    0.00    0.00    0.00    0.00    0.00    0.00  100.00
16:11:16       6    0.00    0.00    0.00    0.00    0.00    0.00    0.00    0.00    0.00  100.00
16:11:16       7    0.00    0.00    0.00    0.00    0.00    0.00    0.00    0.00    0.00  100.00
16:11:16       8    0.00    0.00    0.00    0.00    0.00    0.00    0.00    0.00    0.00  100.00
16:11:16       9    0.00    0.00    0.00    0.00    0.00    0.00    0.00    0.00    0.00  100.00
16:11:16      10    0.00    0.00    1.00    0.00    0.00    0.00    0.00    0.00    0.00   99.00
16:11:16      11    0.00    0.00    0.00    0.00    0.00    0.00    0.00    0.00    0.00  100.00
16:11:16      12    0.00    0.00    0.00    0.00    0.00    0.00    0.00    0.00    0.00  100.00
16:11:16      13    0.00    0.00    1.00    0.00    0.00    0.00    0.00    0.00    0.00   99.00
16:11:16      14    0.00    0.00    0.00    0.00    0.00    0.00    0.00    0.00    0.00  100.00
16:11:16      15    0.00    0.00    0.00    0.00    0.00    0.00    0.00    0.00    0.00  100.00
16:11:16      16    0.99    0.00    0.00    0.00    0.00    0.00    0.00    0.00    0.00   99.01
16:11:16      17    0.00    0.00    0.00    0.00    0.00    0.00    0.00    0.00    0.00  100.00
16:11:16      18    9.00    0.00    8.00    0.00    0.00    0.00    0.00    0.00    0.00   83.00
16:11:16      19    1.01    0.00    1.01    0.00    0.00    0.00    0.00    0.00    0.00   97.98
16:11:16      20    1.01    0.00    0.00    0.00    0.00    0.00    0.00    0.00    0.00   98.99
16:11:16      21    0.00    0.00    1.00    0.00    0.00    0.00    0.00    0.00    0.00   99.00
16:11:16      22    7.00    0.00    3.00    1.00    0.00    0.00    0.00    0.00    0.00   89.00
16:11:16      23    0.00    0.00    1.01    0.00    0.00    0.00    0.00    0.00    0.00   98.99
16:11:16      24    2.00    0.00    0.00    0.00    0.00    1.00    0.00    0.00    0.00   97.00
16:11:16      25    1.98    0.00    0.99    0.00    0.00    0.00    0.00    0.00    0.00   97.03
16:11:16      26    9.09    0.00    1.01    1.01    0.00    0.00    0.00    0.00    0.00   88.89
16:11:16      27    3.03    0.00    1.01    0.00    0.00    0.00    0.00    0.00    0.00   95.96
16:11:16      28    5.00    0.00    1.00    0.00    0.00    0.00    0.00    0.00    0.00   94.00
16:11:16      29    1.00    0.00    1.00    0.00    0.00    0.00    0.00    0.00    0.00   98.00
16:11:16      30    0.00    0.00    0.00    0.00    0.00    0.00    0.00    0.00    0.00  100.00
16:11:16      31    0.00    0.00    0.00    0.00    0.00    0.00    0.00    0.00    0.00  100.00
16:11:16      32    0.00    0.00    0.00    0.00    0.00    0.00    0.00    0.00    0.00  100.00
16:11:16      33    0.00    0.00    0.00    0.00    0.00    0.00    0.00    0.00    0.00  100.00
16:11:16      34    3.96    0.00    1.98    0.00    0.00    0.00    0.00    0.00    0.00   94.06
16:11:16      35    2.00    0.00    0.00    0.00    0.00    0.00    0.00    0.00    0.00   98.00
16:11:16      36    0.00    0.00    0.00    0.00    0.00    0.00    0.00    0.00    0.00  100.00
16:11:16      37    1.00    0.00    0.00    0.00    0.00    0.00    0.00    0.00    0.00   99.00
16:11:16      38    0.00    0.00    0.00    0.00    0.00    0.00    0.00    0.00    0.00  100.00
16:11:16      39    0.00    0.00    0.00    0.00    0.00    0.00    0.00    0.00    0.00  100.00
16:11:16      40    0.00    0.00    0.00    0.00    0.00    0.00    0.00    0.00    0.00  100.00
16:11:16      41    0.00    0.00    0.00    0.00    0.00    0.00    0.00    0.00    0.00  100.00
16:11:16      42    0.00    0.00    0.00    0.00    0.00    0.00    0.00    0.00    0.00  100.00
16:11:16      43    0.00    0.00    0.00    0.00    0.00    0.00    0.00    0.00    0.00  100.00
16:11:16      44    0.00    0.00    2.02    0.00    0.00    0.00    0.00    0.00    0.00   97.98
16:11:16      45    0.00    0.00    1.01    0.00    0.00    0.00    0.00    0.00    0.00   98.99
16:11:16      46    0.00    0.00    0.00    0.00    0.00    0.00    0.00    0.00    0.00  100.00
16:11:16      47    0.00    0.00    0.00    0.00    0.00    0.00    0.00    0.00    0.00  100.00
16:11:16      48    0.00    0.00    0.00    0.00    0.00    0.00    0.00    0.00    0.00  100.00
16:11:16      49    0.00    0.00    0.00    0.00    0.00    0.00    0.00    0.00    0.00  100.00
16:11:16      50    0.00    0.00    0.00    0.00    0.00    0.00    0.00    0.00    0.00  100.00
16:11:16      51    0.00    0.00    0.00    0.00    0.00    0.00    0.00    0.00    0.00  100.00
16:11:16      52    0.00    0.00    0.00    0.00    0.00    0.00    0.00    0.00    0.00  100.00
16:11:16      53    0.00    0.00    0.00    0.00    0.00    0.00    0.00    0.00    0.00  100.00
16:11:16      54    0.00    0.00    0.00    0.00    0.00    0.00    0.00    0.00    0.00  100.00
16:11:16      55    0.00    0.00    0.00    0.00    0.00    0.00    0.00    0.00    0.00  100.00
16:11:16      56    0.00    0.00    0.00    0.00    0.00    0.00    0.00    0.00    0.00  100.00
16:11:16      57    0.00    0.00    0.00    0.00    0.00    0.00    0.00    0.00    0.00  100.00
16:11:16      58    0.00    0.00    0.00    0.00    0.00    0.00    0.00    0.00    0.00  100.00
16:11:16      59    0.00    0.00    1.00    0.00    0.00    0.00    0.00    0.00    0.00   99.00
16:11:16      60    0.00    0.00    0.00    0.00    0.00    0.00    0.00    0.00    0.00  100.00
16:11:16      61    1.00    0.00    1.00    0.00    0.00    0.00    0.00    0.00    0.00   98.00
16:11:16      62    0.00    0.00    0.00    0.00    0.00    0.00    0.00    0.00    0.00  100.00
16:11:16      63    0.00    0.00    0.00    0.00    0.00    0.00    0.00    0.00    0.00  100.00
16:11:16      64    0.00    0.00    0.00    0.00    0.00    0.00    0.00    0.00    0.00  100.00
16:11:16      65    1.01    0.00    0.00    0.00    0.00    0.00    0.00    0.00    0.00   98.99
16:11:16      66    4.04    0.00    2.02    0.00    0.00    0.00    0.00    0.00    0.00   93.94
16:11:16      67    0.00    0.00    0.00    0.00    0.00    0.00    0.00    0.00    0.00  100.00
16:11:16      68    0.00    0.00    0.00    0.00    0.00    0.00    0.00    0.00    0.00  100.00
16:11:16      69    0.00    0.00    1.00    0.00    0.00    0.00    0.00    0.00    0.00   99.00
16:11:16      70    1.00    0.00    0.00    0.00    0.00    0.00    0.00    0.00    0.00   99.00
16:11:16      71    0.00    0.00    1.00    0.00    0.00    0.00    0.00    0.00    0.00   99.00

16:11:16     CPU    %usr   %nice    %sys %iowait    %irq   %soft  %steal  %guest  %gnice   %idle
16:11:17     all    0.71    0.00    0.49    0.31    0.00    0.01    0.00    0.00    0.00   98.48
16:11:17       0    0.00    0.00    0.00    0.00    0.00    0.00    0.00    0.00    0.00  100.00
16:11:17       1    0.00    0.00    0.00    0.00    0.00    0.00    0.00    0.00    0.00  100.00
16:11:17       2    0.00    0.00    0.00    0.00    0.00    0.00    0.00    0.00    0.00  100.00
16:11:17       3    0.00    0.00    0.00    0.00    0.00    0.00    0.00    0.00    0.00  100.00
16:11:17       4    0.00    0.00    0.99   18.81    0.00    0.00    0.00    0.00    0.00   80.20
16:11:17       5    0.00    0.00    0.00    0.00    0.00    0.00    0.00    0.00    0.00  100.00
16:11:17       6    0.00    0.00    0.00    0.00    0.00    0.00    0.00    0.00    0.00  100.00
16:11:17       7    0.00    0.00    0.00    0.00    0.00    0.00    0.00    0.00    0.00  100.00
16:11:17       8    0.00    0.00    0.00    0.00    0.00    0.00    0.00    0.00    0.00  100.00
16:11:17       9    0.00    0.00    0.00    0.00    0.00    0.00    0.00    0.00    0.00  100.00
16:11:17      10    0.00    0.00    0.00    0.00    0.00    0.00    0.00    0.00    0.00  100.00
16:11:17      11    0.00    0.00    0.00    0.00    0.00    0.00    0.00    0.00    0.00  100.00
16:11:17      12    0.00    0.00    0.00    0.00    0.00    0.00    0.00    0.00    0.00  100.00
16:11:17      13    0.99    0.00    0.00    0.00    0.00    0.00    0.00    0.00    0.00   99.01
16:11:17      14    0.00    0.00    0.00    0.00    0.00    0.00    0.00    0.00    0.00  100.00
16:11:17      15    0.00    0.00    0.00    0.00    0.00    0.00    0.00    0.00    0.00  100.00
16:11:17      16    1.00    0.00    1.00    0.00    0.00    0.00    0.00    0.00    0.00   98.00
16:11:17      17    0.00    0.00    0.00    0.00    0.00    0.00    0.00    0.00    0.00  100.00
16:11:17      18    7.14    0.00    6.12    0.00    0.00    0.00    0.00    0.00    0.00   86.73
16:11:17      19    3.00    0.00    1.00    0.00    0.00    0.00    0.00    0.00    0.00   96.00
16:11:17      20    1.00    0.00    0.00    0.00    0.00    0.00    0.00    0.00    0.00   99.00
16:11:17      21    0.99    0.00    0.00    0.00    0.00    0.00    0.00    0.00    0.00   99.01
16:11:17      22    2.02    0.00    3.03    0.00    0.00    0.00    0.00    0.00    0.00   94.95
16:11:17      23    4.90    0.00    2.94    0.98    0.00    0.00    0.00    0.00    0.00   91.18
16:11:17      24    1.00    0.00    1.00    0.00    0.00    0.00    0.00    0.00    0.00   98.00
16:11:17      25    4.00    0.00    4.00    1.00    0.00    1.00    0.00    0.00    0.00   90.00
16:11:17      26    1.01    0.00    1.01    0.00    0.00    0.00    0.00    0.00    0.00   97.98
16:11:17      27    5.00    0.00    1.00    0.00    0.00    0.00    0.00    0.00    0.00   94.00
16:11:17      28    0.00    0.00    3.03    0.00    0.00    0.00    0.00    0.00    0.00   96.97
16:11:17      29    1.00    0.00    0.00    0.00    0.00    0.00    0.00    0.00    0.00   99.00
16:11:17      30    0.00    0.00    0.00    0.00    0.00    0.00    0.00    0.00    0.00  100.00
16:11:17      31    1.01    0.00    0.00    0.00    0.00    0.00    0.00    0.00    0.00   98.99
16:11:17      32    0.00    0.00    0.00    0.00    0.00    0.00    0.00    0.00    0.00  100.00
16:11:17      33    1.00    0.00    0.00    0.00    0.00    0.00    0.00    0.00    0.00   99.00
16:11:17      34    6.06    0.00    1.01    1.01    0.00    0.00    0.00    0.00    0.00   91.92
16:11:17      35    1.00    0.00    1.00    0.00    0.00    0.00    0.00    0.00    0.00   98.00
16:11:17      36    3.00    0.00    0.00    0.00    0.00    0.00    0.00    0.00    0.00   97.00
16:11:17      37    0.99    0.00    0.99    0.00    0.00    0.00    0.00    0.00    0.00   98.02
16:11:17      38    1.00    0.00    2.00    0.00    0.00    0.00    0.00    0.00    0.00   97.00
16:11:17      39    0.00    0.00    0.00    0.00    0.00    0.00    0.00    0.00    0.00  100.00
16:11:17      40    0.00    0.00    0.00    0.00    0.00    0.00    0.00    0.00    0.00  100.00
16:11:17      41    0.00    0.00    0.00    0.00    0.00    0.00    0.00    0.00    0.00  100.00
16:11:17      42    0.00    0.00    0.00    0.00    0.00    0.00    0.00    0.00    0.00  100.00
16:11:17      43    0.00    0.00    1.01    0.00    0.00    0.00    0.00    0.00    0.00   98.99
16:11:17      44    0.99    0.00    1.98    0.00    0.00    0.00    0.00    0.00    0.00   97.03
16:11:17      45    0.00    0.00    0.00    0.00    0.00    0.00    0.00    0.00    0.00  100.00
16:11:17      46    0.00    0.00    0.00    0.00    0.00    0.00    0.00    0.00    0.00  100.00
16:11:17      47    0.00    0.00    0.00    0.00    0.00    0.00    0.00    0.00    0.00  100.00
16:11:17      48    0.00    0.00    0.00    0.00    0.00    0.00    0.00    0.00    0.00  100.00
16:11:17      49    0.00    0.00    0.00    0.00    0.00    0.00    0.00    0.00    0.00  100.00
16:11:17      50    0.00    0.00    0.00    0.00    0.00    0.00    0.00    0.00    0.00  100.00
16:11:17      51    0.00    0.00    0.00    0.00    0.00    0.00    0.00    0.00    0.00  100.00
16:11:17      52    0.00    0.00    0.00    0.00    0.00    0.00    0.00    0.00    0.00  100.00
16:11:17      53    0.00    0.00    0.00    0.00    0.00    0.00    0.00    0.00    0.00  100.00
16:11:17      54    0.00    0.00    0.00    0.00    0.00    0.00    0.00    0.00    0.00  100.00
16:11:17      55    0.00    0.00    0.00    0.00    0.00    0.00    0.00    0.00    0.00  100.00
16:11:17      56    0.00    0.00    0.00    0.00    0.00    0.00    0.00    0.00    0.00  100.00
16:11:17      57    0.00    0.00    0.00    0.00    0.00    0.00    0.00    0.00    0.00  100.00
16:11:17      58    0.00    0.00    0.00    0.00    0.00    0.00    0.00    0.00    0.00  100.00
16:11:17      59    0.00    0.00    0.00    0.00    0.00    0.00    0.00    0.00    0.00  100.00
16:11:17      60    0.00    0.00    0.00    0.00    0.00    0.00    0.00    0.00    0.00  100.00
16:11:17      61    1.01    0.00    0.00    0.00    0.00    0.00    0.00    0.00    0.00   98.99
16:11:17      62    0.00    0.00    0.00    0.00    0.00    0.00    0.00    0.00    0.00  100.00
16:11:17      63    0.00    0.00    0.00    0.00    0.00    0.00    0.00    0.00    0.00  100.00
16:11:17      64    0.99    0.00    0.99    0.00    0.00    0.00    0.00    0.00    0.00   98.02
16:11:17      65    0.00    0.00    0.99    0.00    0.00    0.00    0.00    0.00    0.00   99.01
16:11:17      66    0.00    0.00    0.00    0.00    0.00    0.00    0.00    0.00    0.00  100.00
16:11:17      67    0.00    0.00    0.00    0.00    0.00    0.00    0.00    0.00    0.00  100.00
16:11:17      68    0.00    0.00    0.00    0.00    0.00    0.00    0.00    0.00    0.00  100.00
16:11:17      69    0.00    0.00    0.00    0.00    0.00    0.00    0.00    0.00    0.00  100.00
16:11:17      70    1.00    0.00    0.00    0.00    0.00    0.00    0.00    0.00    0.00   99.00
16:11:17      71    0.00    0.00    0.00    0.00    0.00    0.00    0.00    0.00    0.00  100.00

16:11:17     CPU    %usr   %nice    %sys %iowait    %irq   %soft  %steal  %guest  %gnice   %idle
16:11:18     all    0.78    0.00    0.43    0.40    0.00    0.00    0.00    0.00    0.00   98.39
16:11:18       0    0.00    0.00    0.00    0.00    0.00    0.00    0.00    0.00    0.00  100.00
16:11:18       1    0.00    0.00    0.00    0.00    0.00    0.00    0.00    0.00    0.00  100.00
16:11:18       2    0.00    0.00    0.00    0.00    0.00    0.00    0.00    0.00    0.00  100.00
16:11:18       3    0.00    0.00    0.00    0.00    0.00    0.00    0.00    0.00    0.00  100.00
16:11:18       4    0.00    0.00    0.00   26.26    0.00    0.00    0.00    0.00    0.00   73.74
16:11:18       5    0.00    0.00    0.00    0.00    0.00    0.00    0.00    0.00    0.00  100.00
16:11:18       6    0.00    0.00    0.00    0.00    0.00    0.00    0.00    0.00    0.00  100.00
16:11:18       7    0.00    0.00    0.00    0.00    0.00    0.00    0.00    0.00    0.00  100.00
16:11:18       8    0.00    0.00    1.00    0.00    0.00    0.00    0.00    0.00    0.00   99.00
16:11:18       9    0.00    0.00    0.00    0.00    0.00    0.00    0.00    0.00    0.00  100.00
16:11:18      10    0.00    0.00    0.00    0.00    0.00    0.00    0.00    0.00    0.00  100.00
16:11:18      11    0.00    0.00    0.00    0.00    0.00    0.00    0.00    0.00    0.00  100.00
16:11:18      12    0.00    0.00    0.00    0.00    0.00    0.00    0.00    0.00    0.00  100.00
16:11:18      13    0.00    0.00    0.00    0.00    0.00    0.00    0.00    0.00    0.00  100.00
16:11:18      14    0.00    0.00    0.00    0.00    0.00    0.00    0.00    0.00    0.00  100.00
16:11:18      15    0.00    0.00    0.00    0.00    0.00    0.00    0.00    0.00    0.00  100.00
16:11:18      16    0.00    0.00    0.00    0.00    0.00    0.00    0.00    0.00    0.00  100.00
16:11:18      17    1.00    0.00    0.00    0.00    0.00    0.00    0.00    0.00    0.00   99.00
16:11:18      18    8.00    0.00    7.00    1.00    0.00    0.00    0.00    0.00    0.00   84.00
16:11:18      19    2.04    0.00    0.00    0.00    0.00    0.00    0.00    0.00    0.00   97.96
16:11:18      20    1.00    0.00    0.00    0.00    0.00    0.00    0.00    0.00    0.00   99.00
16:11:18      21    2.02    0.00    0.00    0.00    0.00    0.00    0.00    0.00    0.00   97.98
16:11:18      22    7.14    0.00    1.02    1.02    0.00    0.00    0.00    0.00    0.00   90.82
16:11:18      23    2.02    0.00    1.01    0.00    0.00    0.00    0.00    0.00    0.00   96.97
16:11:18      24    2.00    0.00    1.00    1.00    0.00    0.00    0.00    0.00    0.00   96.00
16:11:18      25    1.00    0.00    0.00    0.00    0.00    0.00    0.00    0.00    0.00   99.00
16:11:18      26    4.04    0.00    1.01    0.00    0.00    0.00    0.00    0.00    0.00   94.95
16:11:18      27    1.00    0.00    0.00    0.00    0.00    0.00    0.00    0.00    0.00   99.00
16:11:18      28    1.00    0.00    0.00    0.00    0.00    0.00    0.00    0.00    0.00   99.00
16:11:18      29    0.00    0.00    0.00    0.00    0.00    0.00    0.00    0.00    0.00  100.00
16:11:18      30    0.00    0.00    1.00    0.00    0.00    0.00    0.00    0.00    0.00   99.00
16:11:18      31    0.99    0.00    0.99    0.00    0.00    0.00    0.00    0.00    0.00   98.02
16:11:18      32    0.99    0.00    0.00    0.00    0.00    0.00    0.00    0.00    0.00   99.01
16:11:18      33    2.02    0.00    1.01    0.00    0.00    0.00    0.00    0.00    0.00   96.97
16:11:18      34    6.93    0.00    0.99    0.00    0.00    0.00    0.00    0.00    0.00   92.08
16:11:18      35    1.00    0.00    0.00    0.00    0.00    0.00    0.00    0.00    0.00   99.00
16:11:18      36    0.00    0.00    0.00    0.00    0.00    0.00    0.00    0.00    0.00  100.00
16:11:18      37    1.00    0.00    0.00    0.00    0.00    0.00    0.00    0.00    0.00   99.00
16:11:18      38    0.00    0.00    0.00    0.00    0.00    0.00    0.00    0.00    0.00  100.00
16:11:18      39    0.99    0.00    0.00    0.00    0.00    0.00    0.00    0.00    0.00   99.01
16:11:18      40    0.00    0.00    0.00    0.00    0.00    0.00    0.00    0.00    0.00  100.00
16:11:18      41    0.00    0.00    0.00    0.00    0.00    0.00    0.00    0.00    0.00  100.00
16:11:18      42    0.00    0.00    0.00    0.00    0.00    0.00    0.00    0.00    0.00  100.00
16:11:18      43    0.00    0.00    0.00    0.00    0.00    0.00    0.00    0.00    0.00  100.00
16:11:18      44    0.00    0.00    0.00    0.00    0.00    0.00    0.00    0.00    0.00  100.00
16:11:18      45    0.00    0.00    0.00    0.00    0.00    0.00    0.00    0.00    0.00  100.00
16:11:18      46    0.00    0.00    1.00    0.00    0.00    0.00    0.00    0.00    0.00   99.00
16:11:18      47    0.00    0.00    1.00    0.00    0.00    0.00    0.00    0.00    0.00   99.00
16:11:18      48    0.00    0.00    0.00    0.00    0.00    0.00    0.00    0.00    0.00  100.00
16:11:18      49    0.00    0.00    0.00    0.00    0.00    0.00    0.00    0.00    0.00  100.00
16:11:18      50    0.00    0.00    0.99    0.00    0.00    0.00    0.00    0.00    0.00   99.01
16:11:18      51    0.00    0.00    0.00    0.00    0.00    0.00    0.00    0.00    0.00  100.00
16:11:18      52    0.00    0.00    0.00    0.00    0.00    0.00    0.00    0.00    0.00  100.00
16:11:18      53    0.00    0.00    0.00    0.00    0.00    0.00    0.00    0.00    0.00  100.00
16:11:18      54    0.00    0.00    0.00    0.00    0.00    0.00    0.00    0.00    0.00  100.00
16:11:18      55    0.00    0.00    0.00    0.00    0.00    0.00    0.00    0.00    0.00  100.00
16:11:18      56    0.00    0.00    0.00    0.00    0.00    0.00    0.00    0.00    0.00  100.00
16:11:18      57    1.00    0.00    1.00    0.00    0.00    0.00    0.00    0.00    0.00   98.00
16:11:18      58    0.98    0.00    0.98    0.00    0.00    0.00    0.00    0.00    0.00   98.04
16:11:18      59    0.00    0.00    0.00    0.00    0.00    0.00    0.00    0.00    0.00  100.00
16:11:18      60    0.00    0.00    0.00    0.00    0.00    0.00    0.00    0.00    0.00  100.00
16:11:18      61    4.00    0.00    3.00    0.00    0.00    0.00    0.00    0.00    0.00   93.00
16:11:18      62    0.00    0.00    0.00    0.00    0.00    0.00    0.00    0.00    0.00  100.00
16:11:18      63    0.00    0.00    0.00    0.00    0.00    0.00    0.00    0.00    0.00  100.00
16:11:18      64    0.00    0.00    0.00    0.00    0.00    0.00    0.00    0.00    0.00  100.00
16:11:18      65    0.00    0.00    0.00    0.00    0.00    0.00    0.00    0.00    0.00  100.00
16:11:18      66    0.00    0.00    0.00    0.00    0.00    0.00    0.00    0.00    0.00  100.00
16:11:18      67    0.00    0.00    0.00    0.00    0.00    0.00    0.00    0.00    0.00  100.00
16:11:18      68    0.00    0.00    0.00    0.00    0.00    0.00    0.00    0.00    0.00  100.00
16:11:18      69    1.98    0.00    1.98    0.00    0.00    0.00    0.00    0.00    0.00   96.04
16:11:18      70    1.00    0.00    0.00    0.00    0.00    0.00    0.00    0.00    0.00   99.00
16:11:18      71    0.99    0.00    4.95    0.00    0.00    0.00    0.00    0.00    0.00   94.06

16:11:18     CPU    %usr   %nice    %sys %iowait    %irq   %soft  %steal  %guest  %gnice   %idle
16:11:19     all    0.71    0.00    0.45    0.28    0.00    0.00    0.00    0.00    0.00   98.57
16:11:19       0    0.00    0.00    0.00    0.00    0.00    0.00    0.00    0.00    0.00  100.00
16:11:19       1    1.00    0.00    0.00    0.00    0.00    0.00    0.00    0.00    0.00   99.00
16:11:19       2    0.00    0.00    0.00    0.00    0.00    0.00    0.00    0.00    0.00  100.00
16:11:19       3    0.00    0.00    0.00    0.00    0.00    0.00    0.00    0.00    0.00  100.00
16:11:19       4    0.00    0.00    0.99   17.82    0.00    0.00    0.00    0.00    0.00   81.19
16:11:19       5    0.00    0.00    0.00    0.00    0.00    0.00    0.00    0.00    0.00  100.00
16:11:19       6    0.00    0.00    0.00    0.00    0.00    0.00    0.00    0.00    0.00  100.00
16:11:19       7    0.00    0.00    0.00    0.00    0.00    0.00    0.00    0.00    0.00  100.00
16:11:19       8    0.99    0.00    0.00    0.00    0.00    0.00    0.00    0.00    0.00   99.01
16:11:19       9    0.00    0.00    0.00    0.00    0.00    0.00    0.00    0.00    0.00  100.00
16:11:19      10    0.00    0.00    0.00    0.00    0.00    0.00    0.00    0.00    0.00  100.00
16:11:19      11    0.00    0.00    0.00    0.00    0.00    0.00    0.00    0.00    0.00  100.00
16:11:19      12    0.99    0.00    0.00    0.00    0.00    0.00    0.00    0.00    0.00   99.01
16:11:19      13    1.00    0.00    1.00    1.00    0.00    0.00    0.00    0.00    0.00   97.00
16:11:19      14    1.00    0.00    0.00    0.00    0.00    0.00    0.00    0.00    0.00   99.00
16:11:19      15    0.00    0.00    0.00    0.00    0.00    0.00    0.00    0.00    0.00  100.00
16:11:19      16    0.00    0.00    0.00    0.00    0.00    0.00    0.00    0.00    0.00  100.00
16:11:19      17    0.00    0.00    1.00    0.00    0.00    0.00    0.00    0.00    0.00   99.00
16:11:19      18    9.09    0.00    9.09    1.01    0.00    0.00    0.00    0.00    0.00   80.81
16:11:19      19    3.00    0.00    2.00    0.00    0.00    0.00    0.00    0.00    0.00   95.00
16:11:19      20    3.00    0.00    1.00    0.00    0.00    0.00    0.00    0.00    0.00   96.00
16:11:19      21    1.00    0.00    0.00    0.00    0.00    0.00    0.00    0.00    0.00   99.00
16:11:19      22    3.00    0.00    1.00    0.00    0.00    0.00    0.00    0.00    0.00   96.00
16:11:19      23    4.00    0.00    1.00    0.00    0.00    0.00    0.00    0.00    0.00   95.00
16:11:19      24    1.01    0.00    0.00    0.00    0.00    0.00    0.00    0.00    0.00   98.99
16:11:19      25    2.00    0.00    0.00    0.00    0.00    0.00    0.00    0.00    0.00   98.00
16:11:19      26    9.09    0.00    3.03    0.00    0.00    0.00    0.00    0.00    0.00   87.88
16:11:19      27    1.00    0.00    1.00    0.00    0.00    0.00    0.00    0.00    0.00   98.00
16:11:19      28    2.00    0.00    0.00    0.00    0.00    0.00    0.00    0.00    0.00   98.00
16:11:19      29    1.00    0.00    0.00    0.00    0.00    0.00    0.00    0.00    0.00   99.00
16:11:19      30    0.00    0.00    1.01    0.00    0.00    0.00    0.00    0.00    0.00   98.99
16:11:19      31    0.00    0.00    0.00    0.00    0.00    0.00    0.00    0.00    0.00  100.00
16:11:19      32    0.00    0.00    1.00    0.00    0.00    0.00    0.00    0.00    0.00   99.00
16:11:19      33    1.00    0.00    1.00    0.00    0.00    0.00    0.00    0.00    0.00   98.00
16:11:19      34    2.04    0.00    1.02    0.00    0.00    0.00    0.00    0.00    0.00   96.94
16:11:19      35    0.00    0.00    0.00    0.00    0.00    0.00    0.00    0.00    0.00  100.00
16:11:19      36    0.00    0.00    0.00    0.00    0.00    0.00    0.00    0.00    0.00  100.00
16:11:19      37    0.00    0.00    0.00    0.00    0.00    0.00    0.00    0.00    0.00  100.00
16:11:19      38    0.00    0.00    0.00    0.00    0.00    0.00    0.00    0.00    0.00  100.00
16:11:19      39    0.00    0.00    0.00    0.00    0.00    0.00    0.00    0.00    0.00  100.00
16:11:19      40    0.00    0.00    0.00    0.00    0.00    0.00    0.00    0.00    0.00  100.00
16:11:19      41    0.00    0.00    0.00    0.00    0.00    0.00    0.00    0.00    0.00  100.00
16:11:19      42    0.00    0.00    0.00    0.00    0.00    0.00    0.00    0.00    0.00  100.00
16:11:19      43    0.00    0.00    0.00    0.00    0.00    0.00    0.00    0.00    0.00  100.00
16:11:19      44    0.00    0.00    0.99    0.00    0.00    0.00    0.00    0.00    0.00   99.01
16:11:19      45    0.00    0.00    0.00    0.00    0.00    0.00    0.00    0.00    0.00  100.00
16:11:19      46    0.00    0.00    0.00    0.00    0.00    0.00    0.00    0.00    0.00  100.00
16:11:19      47    0.00    0.00    1.01    0.00    0.00    0.00    0.00    0.00    0.00   98.99
16:11:19      48    0.00    0.00    3.03    0.00    0.00    0.00    0.00    0.00    0.00   96.97
16:11:19      49    0.00    0.00    0.00    0.00    0.00    0.00    0.00    0.00    0.00  100.00
16:11:19      50    0.00    0.00    0.00    0.00    0.00    0.00    0.00    0.00    0.00  100.00
16:11:19      51    0.00    0.00    0.00    0.00    0.00    0.00    0.00    0.00    0.00  100.00
16:11:19      52    0.00    0.00    0.00    0.00    0.00    0.00    0.00    0.00    0.00  100.00
16:11:19      53    0.00    0.00    0.00    0.00    0.00    0.00    0.00    0.00    0.00  100.00
16:11:19      54    0.00    0.00    0.00    0.00    0.00    0.00    0.00    0.00    0.00  100.00
16:11:19      55    0.00    0.00    0.00    0.00    0.00    0.00    0.00    0.00    0.00  100.00
16:11:19      56    0.00    0.00    0.00    0.00    0.00    0.00    0.00    0.00    0.00  100.00
16:11:19      57    3.03    0.00    2.02    0.00    0.00    0.00    0.00    0.00    0.00   94.95
16:11:19      58    0.00    0.00    0.00    0.00    0.00    0.00    0.00    0.00    0.00  100.00
16:11:19      59    0.00    0.00    0.00    0.00    0.00    0.00    0.00    0.00    0.00  100.00
16:11:19      60    0.00    0.00    0.00    0.00    0.00    0.00    0.00    0.00    0.00  100.00
16:11:19      61    0.00    0.00    0.00    0.00    0.00    0.00    0.00    0.00    0.00  100.00
16:11:19      62    0.00    0.00    0.00    0.00    0.00    0.00    0.00    0.00    0.00  100.00
16:11:19      63    0.00    0.00    0.00    0.00    0.00    0.00    0.00    0.00    0.00  100.00
16:11:19      64    0.00    0.00    0.00    0.00    0.00    0.00    0.00    0.00    0.00  100.00
16:11:19      65    0.00    0.00    0.00    0.00    0.00    0.00    0.00    0.00    0.00  100.00
16:11:19      66    0.00    0.00    0.00    0.00    0.00    0.00    0.00    0.00    0.00  100.00
16:11:19      67    0.00    0.00    0.00    0.00    0.00    0.00    0.00    0.00    0.00  100.00
16:11:19      68    0.00    0.00    0.00    0.00    0.00    0.00    0.00    0.00    0.00  100.00
16:11:19      69    0.00    0.00    0.00    0.00    0.00    0.00    0.00    0.00    0.00  100.00
16:11:19      70    0.99    0.00    0.00    0.00    0.00    0.00    0.00    0.00    0.00   99.01
16:11:19      71    0.00    0.00    0.00    0.00    0.00    0.00    0.00    0.00    0.00  100.00

16:11:19     CPU    %usr   %nice    %sys %iowait    %irq   %soft  %steal  %guest  %gnice   %idle
16:11:20     all    0.86    0.00    0.40    0.31    0.00    0.00    0.00    0.00    0.00   98.43
16:11:20       0    0.00    0.00    0.00    0.00    0.00    0.00    0.00    0.00    0.00  100.00
16:11:20       1    0.00    0.00    0.00    0.00    0.00    0.00    0.00    0.00    0.00  100.00
16:11:20       2    0.00    0.00    0.00    0.00    0.00    0.00    0.00    0.00    0.00  100.00
16:11:20       3    0.00    0.00    1.00    0.00    0.00    0.00    0.00    0.00    0.00   99.00
16:11:20       4    0.00    0.00    0.00   19.00    0.00    0.00    0.00    0.00    0.00   81.00
16:11:20       5    0.00    0.00    0.00    0.00    0.00    0.00    0.00    0.00    0.00  100.00
16:11:20       6    0.00    0.00    0.00    0.00    0.00    0.00    0.00    0.00    0.00  100.00
16:11:20       7    0.00    0.00    0.00    0.00    0.00    0.00    0.00    0.00    0.00  100.00
16:11:20       8    0.00    0.00    0.00    0.00    0.00    0.00    0.00    0.00    0.00  100.00
16:11:20       9    0.00    0.00    0.00    0.00    0.00    0.00    0.00    0.00    0.00  100.00
16:11:20      10    0.00    0.00    0.00    0.00    0.00    0.00    0.00    0.00    0.00  100.00
16:11:20      11    0.00    0.00    0.00    0.00    0.00    0.00    0.00    0.00    0.00  100.00
16:11:20      12    0.00    0.00    0.00    0.00    0.00    0.00    0.00    0.00    0.00  100.00
16:11:20      13    0.00    0.00    0.00    0.00    0.00    0.00    0.00    0.00    0.00  100.00
16:11:20      14    0.00    0.00    0.00    0.00    0.00    0.00    0.00    0.00    0.00  100.00
16:11:20      15    0.00    0.00    0.00    0.00    0.00    0.00    0.00    0.00    0.00  100.00
16:11:20      16    0.00    0.00    0.00    0.00    0.00    0.00    0.00    0.00    0.00  100.00
16:11:20      17    0.00    0.00    0.00    0.00    0.00    0.00    0.00    0.00    0.00  100.00
16:11:20      18    5.10    0.00    5.10    1.02    0.00    0.00    0.00    0.00    0.00   88.78
16:11:20      19    1.01    0.00    0.00    0.00    0.00    0.00    0.00    0.00    0.00   98.99
16:11:20      20    1.00    0.00    0.00    0.00    0.00    0.00    0.00    0.00    0.00   99.00
16:11:20      21    1.00    0.00    0.00    0.00    0.00    0.00    0.00    0.00    0.00   99.00
16:11:20      22   10.20    0.00    2.04    0.00    0.00    0.00    0.00    0.00    0.00   87.76
16:11:20      23    3.03    0.00    1.01    0.00    0.00    0.00    0.00    0.00    0.00   95.96
16:11:20      24    3.03    0.00    1.01    0.00    0.00    0.00    0.00    0.00    0.00   95.96
16:11:20      25    2.00    0.00    1.00    0.00    0.00    0.00    0.00    0.00    0.00   97.00
16:11:20      26    3.00    0.00    3.00    0.00    0.00    0.00    0.00    0.00    0.00   94.00
16:11:20      27    4.00    0.00    1.00    0.00    0.00    0.00    0.00    0.00    0.00   95.00
16:11:20      28    1.00    0.00    1.00    0.00    0.00    0.00    0.00    0.00    0.00   98.00
16:11:20      29    1.01    0.00    0.00    0.00    0.00    0.00    0.00    0.00    0.00   98.99
16:11:20      30    1.98    0.00    0.99    0.00    0.00    0.00    0.00    0.00    0.00   97.03
16:11:20      31    0.98    0.00    0.98    0.98    0.00    0.00    0.00    0.00    0.00   97.06
16:11:20      32    0.00    0.00    0.00    0.00    0.00    0.00    0.00    0.00    0.00  100.00
16:11:20      33    1.00    0.00    1.00    0.00    0.00    0.00    0.00    0.00    0.00   98.00
16:11:20      34    4.00    0.00    2.00    0.00    0.00    0.00    0.00    0.00    0.00   94.00
16:11:20      35    1.01    0.00    0.00    0.00    0.00    0.00    0.00    0.00    0.00   98.99
16:11:20      36    0.00    0.00    0.00    0.00    0.00    0.00    0.00    0.00    0.00  100.00
16:11:20      37    0.00    0.00    0.00    0.00    0.00    0.00    0.00    0.00    0.00  100.00
16:11:20      38    0.00    0.00    0.00    0.00    0.00    0.00    0.00    0.00    0.00  100.00
16:11:20      39    0.00    0.00    0.00    0.00    0.00    0.00    0.00    0.00    0.00  100.00
16:11:20      40    0.00    0.00    0.00    0.00    0.00    0.00    0.00    0.00    0.00  100.00
16:11:20      41    0.00    0.00    0.00    0.00    0.00    0.00    0.00    0.00    0.00  100.00
16:11:20      42    0.99    0.00    0.00    0.00    0.00    0.00    0.00    0.00    0.00   99.01
16:11:20      43    0.00    0.00    0.00    0.00    0.00    0.00    0.00    0.00    0.00  100.00
16:11:20      44    0.00    0.00    0.00    0.00    0.00    0.00    0.00    0.00    0.00  100.00
16:11:20      45    0.00    0.00    0.00    0.00    0.00    0.00    0.00    0.00    0.00  100.00
16:11:20      46    0.00    0.00    2.00    0.00    0.00    0.00    0.00    0.00    0.00   98.00
16:11:20      47    1.01    0.00    0.00    0.00    0.00    0.00    0.00    0.00    0.00   98.99
16:11:20      48    1.00    0.00    1.00    0.00    0.00    0.00    0.00    0.00    0.00   98.00
16:11:20      49    0.00    0.00    1.01    0.00    0.00    0.00    0.00    0.00    0.00   98.99
16:11:20      50    0.00    0.00    0.00    0.00    0.00    0.00    0.00    0.00    0.00  100.00
16:11:20      51    0.00    0.00    0.00    0.00    0.00    0.00    0.00    0.00    0.00  100.00
16:11:20      52    0.00    0.00    0.00    0.00    0.00    0.00    0.00    0.00    0.00  100.00
16:11:20      53    0.00    0.00    0.00    0.00    0.00    0.00    0.00    0.00    0.00  100.00
16:11:20      54    0.00    0.00    0.00    0.00    0.00    0.00    0.00    0.00    0.00  100.00
16:11:20      55    1.98    0.00    0.00    0.99    0.00    0.00    0.00    0.00    0.00   97.03
16:11:20      56    1.00    0.00    1.00    0.00    0.00    0.00    0.00    0.00    0.00   98.00
16:11:20      57    0.00    0.00    0.00    0.00    0.00    0.00    0.00    0.00    0.00  100.00
16:11:20      58    8.00    0.00    0.00    0.00    0.00    0.00    0.00    0.00    0.00   92.00
16:11:20      59    0.00    0.00    0.00    0.00    0.00    0.00    0.00    0.00    0.00  100.00
16:11:20      60    0.00    0.00    0.00    0.00    0.00    0.00    0.00    0.00    0.00  100.00
16:11:20      61    0.00    0.00    0.00    0.00    0.00    0.00    0.00    0.00    0.00  100.00
16:11:20      62    0.00    0.00    0.00    0.00    0.00    0.00    0.00    0.00    0.00  100.00
16:11:20      63    0.00    0.00    0.00    0.00    0.00    0.00    0.00    0.00    0.00  100.00
16:11:20      64    1.00    0.00    1.00    0.00    0.00    0.00    0.00    0.00    0.00   98.00
16:11:20      65    1.98    0.00    0.99    0.00    0.00    0.00    0.00    0.00    0.00   97.03
16:11:20      66    0.00    0.00    0.00    0.00    0.00    0.00    0.00    0.00    0.00  100.00
16:11:20      67    0.00    0.00    0.00    0.00    0.00    0.00    0.00    0.00    0.00  100.00
16:11:20      68    0.00    0.00    0.99    0.00    0.00    0.00    0.00    0.00    0.00   99.01
16:11:20      69    0.00    0.00    0.00    0.00    0.00    0.00    0.00    0.00    0.00  100.00
16:11:20      70    1.00    0.00    0.00    0.00    0.00    0.00    0.00    0.00    0.00   99.00
16:11:20      71    0.00    0.00    0.00    0.00    0.00    0.00    0.00    0.00    0.00  100.00

16:11:20     CPU    %usr   %nice    %sys %iowait    %irq   %soft  %steal  %guest  %gnice   %idle
16:11:21     all    0.95    0.00    0.46    0.35    0.00    0.00    0.00    0.00    0.00   98.24
16:11:21       0    0.00    0.00    2.08    0.00    0.00    0.00    0.00    0.00    0.00   97.92
16:11:21       1    0.00    0.00    0.00    0.00    0.00    0.00    0.00    0.00    0.00  100.00
16:11:21       2    0.00    0.00    0.00    0.00    0.00    0.00    0.00    0.00    0.00  100.00
16:11:21       3    0.00    0.00    0.00    0.00    0.00    0.00    0.00    0.00    0.00  100.00
16:11:21       4    0.00    0.00    0.00    6.00    0.00    0.00    0.00    0.00    0.00   94.00
16:11:21       5    0.00    0.00    0.00    0.00    0.00    0.00    0.00    0.00    0.00  100.00
16:11:21       6    0.00    0.00    0.00    0.00    0.00    0.00    0.00    0.00    0.00  100.00
16:11:21       7    0.00    0.00    0.00    0.00    0.00    0.00    0.00    0.00    0.00  100.00
16:11:21       8    1.01    0.00    0.00    0.00    0.00    0.00    0.00    0.00    0.00   98.99
16:11:21       9    0.00    0.00    0.00    0.00    0.00    0.00    0.00    0.00    0.00  100.00
16:11:21      10    0.00    0.00    0.00    0.00    0.00    0.00    0.00    0.00    0.00  100.00
16:11:21      11    0.00    0.00    0.00    0.00    0.00    0.00    0.00    0.00    0.00  100.00
16:11:21      12    0.00    0.00    0.00    0.00    0.00    0.00    0.00    0.00    0.00  100.00
16:11:21      13    1.00    0.00    1.00    0.00    0.00    0.00    0.00    0.00    0.00   98.00
16:11:21      14    1.00    0.00    1.00    0.00    0.00    0.00    0.00    0.00    0.00   98.00
16:11:21      15    0.00    0.00    0.00    0.00    0.00    0.00    0.00    0.00    0.00  100.00
16:11:21      16    0.00    0.00    0.00    0.00    0.00    0.00    0.00    0.00    0.00  100.00
16:11:21      17    0.00    0.00    1.00    0.00    0.00    0.00    0.00    0.00    0.00   99.00
16:11:21      18    5.00    0.00    4.00    0.00    0.00    0.00    0.00    0.00    0.00   91.00
16:11:21      19    1.01    0.00    0.00    0.00    0.00    0.00    0.00    0.00    0.00   98.99
16:11:21      20    4.00    0.00    0.00    1.00    0.00    0.00    0.00    0.00    0.00   95.00
16:11:21      21    1.98    0.00    1.98    0.99    0.00    0.00    0.00    0.00    0.00   95.05
16:11:21      22    7.00    0.00    2.00    1.00    0.00    0.00    0.00    0.00    0.00   90.00
16:11:21      23    1.00    0.00    1.00    0.00    0.00    0.00    0.00    0.00    0.00   98.00
16:11:21      24    1.00    0.00    1.00    0.00    0.00    0.00    0.00    0.00    0.00   98.00
16:11:21      25    2.00    0.00    0.00    0.00    0.00    0.00    0.00    0.00    0.00   98.00
16:11:21      26    3.00    0.00    1.00   15.00    0.00    0.00    0.00    0.00    0.00   81.00
16:11:21      27    1.00    0.00    1.00    0.00    0.00    0.00    0.00    0.00    0.00   98.00
16:11:21      28    2.02    0.00    0.00    0.00    0.00    0.00    0.00    0.00    0.00   97.98
16:11:21      29    2.00    0.00    0.00    0.00    0.00    0.00    0.00    0.00    0.00   98.00
16:11:21      30    1.01    0.00    0.00    0.00    0.00    0.00    0.00    0.00    0.00   98.99
16:11:21      31    0.00    0.00    0.00    0.00    0.00    0.00    0.00    0.00    0.00  100.00
16:11:21      32    0.00    0.00    1.00    0.00    0.00    0.00    0.00    0.00    0.00   99.00
16:11:21      33    0.00    0.00    0.00    0.00    0.00    0.00    0.00    0.00    0.00  100.00
16:11:21      34    5.05    0.00    4.04    1.01    0.00    0.00    0.00    0.00    0.00   89.90
16:11:21      35    2.97    0.00    0.99    0.00    0.00    0.00    0.00    0.00    0.00   96.04
16:11:21      36    0.00    0.00    0.00    0.00    0.00    0.00    0.00    0.00    0.00  100.00
16:11:21      37    0.00    0.00    0.00    0.00    0.00    0.00    0.00    0.00    0.00  100.00
16:11:21      38    0.00    0.00    0.00    0.00    0.00    0.00    0.00    0.00    0.00  100.00
16:11:21      39    0.00    0.00    0.00    0.00    0.00    0.00    0.00    0.00    0.00  100.00
16:11:21      40    0.00    0.00    0.00    0.00    0.00    0.00    0.00    0.00    0.00  100.00
16:11:21      41    0.00    0.00    0.00    0.00    0.00    0.00    0.00    0.00    0.00  100.00
16:11:21      42    0.00    0.00    0.00    0.00    0.00    0.00    0.00    0.00    0.00  100.00
16:11:21      43    0.00    0.00    0.00    0.00    0.00    0.00    0.00    0.00    0.00  100.00
16:11:21      44    0.00    0.00    0.00    0.00    0.00    0.00    0.00    0.00    0.00  100.00
16:11:21      45    1.00    0.00    1.00    0.00    0.00    0.00    0.00    0.00    0.00   98.00
16:11:21      46    2.02    0.00    2.02    0.00    0.00    0.00    0.00    0.00    0.00   95.96
16:11:21      47    0.00    0.00    1.00    0.00    0.00    0.00    0.00    0.00    0.00   99.00
16:11:21      48    0.00    0.00    2.02    0.00    0.00    0.00    0.00    0.00    0.00   97.98
16:11:21      49    0.00    0.00    0.00    0.00    0.00    0.00    0.00    0.00    0.00  100.00
16:11:21      50    0.00    0.00    0.00    0.00    0.00    0.00    0.00    0.00    0.00  100.00
16:11:21      51    0.00    0.00    0.00    0.00    0.00    0.00    0.00    0.00    0.00  100.00
16:11:21      52    0.00    0.00    0.00    0.00    0.00    0.00    0.00    0.00    0.00  100.00
16:11:21      53    0.00    0.00    0.00    0.00    0.00    0.00    0.00    0.00    0.00  100.00
16:11:21      54    1.00    0.00    2.00    0.00    0.00    0.00    0.00    0.00    0.00   97.00
16:11:21      55    0.00    0.00    0.00    0.00    0.00    0.00    0.00    0.00    0.00  100.00
16:11:21      56    0.00    0.00    0.00    0.00    0.00    0.00    0.00    0.00    0.00  100.00
16:11:21      57    0.00    0.00    0.00    0.00    0.00    0.00    0.00    0.00    0.00  100.00
16:11:21      58   20.00    0.00    0.00    0.00    0.00    0.00    0.00    0.00    0.00   80.00
16:11:21      59    0.00    0.00    0.00    0.00    0.00    0.00    0.00    0.00    0.00  100.00
16:11:21      60    0.00    0.00    0.00    0.00    0.00    0.00    0.00    0.00    0.00  100.00
16:11:21      61    0.00    0.00    0.00    0.00    0.00    0.00    0.00    0.00    0.00  100.00
16:11:21      62    0.00    0.00    0.00    0.00    0.00    0.00    0.00    0.00    0.00  100.00
16:11:21      63    0.00    0.00    0.00    0.00    0.00    0.00    0.00    0.00    0.00  100.00
16:11:21      64    1.01    0.00    1.01    0.00    0.00    0.00    0.00    0.00    0.00   97.98
16:11:21      65    0.00    0.00    0.00    0.00    0.00    0.00    0.00    0.00    0.00  100.00
16:11:21      66    0.00    0.00    0.00    0.00    0.00    0.00    0.00    0.00    0.00  100.00
16:11:21      67    0.00    0.00    0.00    0.00    0.00    0.00    0.00    0.00    0.00  100.00
16:11:21      68    0.00    0.00    0.00    0.00    0.00    0.00    0.00    0.00    0.00  100.00
16:11:21      69    0.00    0.00    1.00    0.00    0.00    0.00    0.00    0.00    0.00   99.00
16:11:21      70    0.00    0.00    0.00    0.00    0.00    0.00    0.00    0.00    0.00  100.00
16:11:21      71    0.00    0.00    0.00    0.00    0.00    0.00    0.00    0.00    0.00  100.00

16:11:21     CPU    %usr   %nice    %sys %iowait    %irq   %soft  %steal  %guest  %gnice   %idle
16:11:22     all    0.65    0.00    0.45    0.31    0.00    0.00    0.00    0.00    0.00   98.59
16:11:22       0    0.00    0.00    0.00    0.00    0.00    0.00    0.00    0.00    0.00  100.00
16:11:22       1    1.00    0.00    0.00    0.00    0.00    0.00    0.00    0.00    0.00   99.00
16:11:22       2    0.00    0.00    0.00    0.00    0.00    0.00    0.00    0.00    0.00  100.00
16:11:22       3    0.00    0.00    0.00    0.00    0.00    0.00    0.00    0.00    0.00  100.00
16:11:22       4    0.00    0.00    0.00    0.00    0.00    0.00    0.00    0.00    0.00  100.00
16:11:22       5    0.00    0.00    0.00    0.00    0.00    0.00    0.00    0.00    0.00  100.00
16:11:22       6    0.00    0.00    0.00    0.00    0.00    0.00    0.00    0.00    0.00  100.00
16:11:22       7    0.00    0.00    0.00    0.00    0.00    0.00    0.00    0.00    0.00  100.00
16:11:22       8    0.00    0.00    0.00    0.00    0.00    0.00    0.00    0.00    0.00  100.00
16:11:22       9    0.00    0.00    0.00    0.00    0.00    0.00    0.00    0.00    0.00  100.00
16:11:22      10    0.00    0.00    0.00    0.00    0.00    0.00    0.00    0.00    0.00  100.00
16:11:22      11    0.00    0.00    0.00    0.00    0.00    0.00    0.00    0.00    0.00  100.00
16:11:22      12    0.00    0.00    0.00    0.00    0.00    0.00    0.00    0.00    0.00  100.00
16:11:22      13    0.00    0.00    0.00    0.00    0.00    0.00    0.00    0.00    0.00  100.00
16:11:22      14    0.00    0.00    0.00    0.00    0.00    0.00    0.00    0.00    0.00  100.00
16:11:22      15    0.00    0.00    0.00    0.00    0.00    0.00    0.00    0.00    0.00  100.00
16:11:22      16    0.00    0.00    0.00    0.00    0.00    0.00    0.00    0.00    0.00  100.00
16:11:22      17    0.00    0.00    0.00    0.00    0.00    0.00    0.00    0.00    0.00  100.00
16:11:22      18    4.04    0.00    2.02    1.01    0.00    0.00    0.00    0.00    0.00   92.93
16:11:22      19    2.00    0.00    0.00    0.00    0.00    0.00    0.00    0.00    0.00   98.00
16:11:22      20    1.00    0.00    1.00   10.00    0.00    0.00    0.00    0.00    0.00   88.00
16:11:22      21    7.07    0.00    4.04    1.01    0.00    0.00    0.00    0.00    0.00   87.88
16:11:22      22    5.00    0.00    3.00    0.00    0.00    0.00    0.00    0.00    0.00   92.00
16:11:22      23    4.08    0.00    1.02    0.00    0.00    0.00    0.00    0.00    0.00   94.90
16:11:22      24    2.00    0.00    0.00    0.00    0.00    0.00    0.00    0.00    0.00   98.00
16:11:22      25    0.00    0.00    0.00    0.00    0.00    0.00    0.00    0.00    0.00  100.00
16:11:22      26    4.04    0.00    2.02    0.00    0.00    0.00    0.00    0.00    0.00   93.94
16:11:22      27    1.01    0.00    0.00    0.00    0.00    0.00    0.00    0.00    0.00   98.99
16:11:22      28    0.00    0.00    0.00    0.00    0.00    0.00    0.00    0.00    0.00  100.00
16:11:22      29    1.00    0.00    0.00    0.00    0.00    0.00    0.00    0.00    0.00   99.00
16:11:22      30    0.99    0.00    0.99    0.00    0.00    0.00    0.00    0.00    0.00   98.02
16:11:22      31    1.01    0.00    0.00    0.00    0.00    0.00    0.00    0.00    0.00   98.99
16:11:22      32    1.00    0.00    0.00    0.00    0.00    0.00    0.00    0.00    0.00   99.00
16:11:22      33    0.00    0.00    0.00    0.00    0.00    0.00    0.00    0.00    0.00  100.00
16:11:22      34    3.03    0.00    2.02    9.09    0.00    0.00    0.00    0.00    0.00   85.86
16:11:22      35    0.00    0.00    0.00    0.00    0.00    0.00    0.00    0.00    0.00  100.00
16:11:22      36    0.00    0.00    0.00    0.00    0.00    0.00    0.00    0.00    0.00  100.00
16:11:22      37    0.00    0.00    0.00    0.00    0.00    0.00    0.00    0.00    0.00  100.00
16:11:22      38    1.00    0.00    0.00    0.00    0.00    0.00    0.00    0.00    0.00   99.00
16:11:22      39    0.00    0.00    0.99    0.00    0.00    0.00    0.00    0.00    0.00   99.01
16:11:22      40    0.00    0.00    0.00    0.00    0.00    0.00    0.00    0.00    0.00  100.00
16:11:22      41    0.00    0.00    0.00    0.00    0.00    0.00    0.00    0.00    0.00  100.00
16:11:22      42    0.00    0.00    0.99    0.00    0.00    0.00    0.00    0.00    0.00   99.01
16:11:22      43    0.00    0.00    0.00    0.00    0.00    0.00    0.00    0.00    0.00  100.00
16:11:22      44    0.99    0.00    0.00    0.00    0.00    0.00    0.00    0.00    0.00   99.01
16:11:22      45    0.00    0.00    1.00    0.00    0.00    0.00    0.00    0.00    0.00   99.00
16:11:22      46    0.00    0.00    0.00    0.00    0.00    0.00    0.00    0.00    0.00  100.00
16:11:22      47    0.00    0.00    1.00    0.00    0.00    0.00    0.00    0.00    0.00   99.00
16:11:22      48    1.01    0.00    4.04    0.00    0.00    0.00    0.00    0.00    0.00   94.95
16:11:22      49    0.00    0.00    0.00    0.00    0.00    0.00    0.00    0.00    0.00  100.00
16:11:22      50    0.00    0.00    0.00    0.00    0.00    0.00    0.00    0.00    0.00  100.00
16:11:22      51    0.00    0.00    0.00    0.00    0.00    0.00    0.00    0.00    0.00  100.00
16:11:22      52    0.00    0.00    0.00    0.00    0.00    0.00    0.00    0.00    0.00  100.00
16:11:22      53    0.99    0.00    0.00    0.00    0.00    0.00    0.00    0.00    0.00   99.01
16:11:22      54    2.97    0.00    4.95    0.99    0.00    0.00    0.00    0.00    0.00   91.09
16:11:22      55    0.00    0.00    1.00    0.00    0.00    0.00    0.00    0.00    0.00   99.00
16:11:22      56    0.98    0.00    0.98    0.00    0.00    0.00    0.00    0.00    0.00   98.04
16:11:22      57    0.00    0.00    0.00    0.00    0.00    0.00    0.00    0.00    0.00  100.00
16:11:22      58    1.00    0.00    0.00    0.00    0.00    0.00    0.00    0.00    0.00   99.00
16:11:22      59    0.00    0.00    0.00    0.00    0.00    0.00    0.00    0.00    0.00  100.00
16:11:22      60    0.00    0.00    0.00    0.00    0.00    0.00    0.00    0.00    0.00  100.00
16:11:22      61    0.00    0.00    0.00    0.00    0.00    0.00    0.00    0.00    0.00  100.00
16:11:22      62    0.00    0.00    0.00    0.00    0.00    0.00    0.00    0.00    0.00  100.00
16:11:22      63    0.00    0.00    0.00    0.00    0.00    0.00    0.00    0.00    0.00  100.00
16:11:22      64    0.00    0.00    0.00    0.00    0.00    0.00    0.00    0.00    0.00  100.00
16:11:22      65    0.00    0.00    0.00    0.00    0.00    0.00    0.00    0.00    0.00  100.00
16:11:22      66    0.00    0.00    0.00    0.00    0.00    0.00    0.00    0.00    0.00  100.00
16:11:22      67    0.00    0.00    0.00    0.00    0.00    0.00    0.00    0.00    0.00  100.00
16:11:22      68    0.00    0.00    0.00    0.00    0.00    0.00    0.00    0.00    0.00  100.00
16:11:22      69    0.00    0.00    1.00    0.00    0.00    0.00    0.00    0.00    0.00   99.00
16:11:22      70    0.00    0.00    0.00    0.00    0.00    0.00    0.00    0.00    0.00  100.00
16:11:22      71    0.00    0.00    0.00    0.00    0.00    0.00    0.00    0.00    0.00  100.00

16:11:22     CPU    %usr   %nice    %sys %iowait    %irq   %soft  %steal  %guest  %gnice   %idle
16:11:23     all    0.63    0.00    0.42    0.32    0.00    0.00    0.00    0.00    0.00   98.64
16:11:23       0    0.00    0.00    0.00    0.00    0.00    0.00    0.00    0.00    0.00  100.00
16:11:23       1    0.00    0.00    0.00    0.00    0.00    0.00    0.00    0.00    0.00  100.00
16:11:23       2    0.00    0.00    0.00    0.00    0.00    0.00    0.00    0.00    0.00  100.00
16:11:23       3    0.00    0.00    0.00    0.00    0.00    0.00    0.00    0.00    0.00  100.00
16:11:23       4    0.00    0.00    0.00    0.00    0.00    0.00    0.00    0.00    0.00  100.00
16:11:23       5    0.00    0.00    0.00    0.00    0.00    0.00    0.00    0.00    0.00  100.00
16:11:23       6    0.00    0.00    0.00    0.00    0.00    0.00    0.00    0.00    0.00  100.00
16:11:23       7    0.00    0.00    0.00    0.00    0.00    0.00    0.00    0.00    0.00  100.00
16:11:23       8    1.00    0.00    0.00    0.00    0.00    0.00    0.00    0.00    0.00   99.00
16:11:23       9    0.00    0.00    0.00    0.00    0.00    0.00    0.00    0.00    0.00  100.00
16:11:23      10    0.00    0.00    0.00    0.00    0.00    0.00    0.00    0.00    0.00  100.00
16:11:23      11    0.00    0.00    0.00    0.00    0.00    0.00    0.00    0.00    0.00  100.00
16:11:23      12    0.99    0.00    0.00    0.00    0.00    0.00    0.00    0.00    0.00   99.01
16:11:23      13    0.99    0.00    0.00    0.00    0.00    0.00    0.00    0.00    0.00   99.01
16:11:23      14    0.00    0.00    0.00    0.00    0.00    0.00    0.00    0.00    0.00  100.00
16:11:23      15    0.00    0.00    0.00    0.00    0.00    0.00    0.00    0.00    0.00  100.00
16:11:23      16    0.00    0.00    0.00    0.00    0.00    0.00    0.00    0.00    0.00  100.00
16:11:23      17    0.00    0.00    1.00    0.00    0.00    0.00    0.00    0.00    0.00   99.00
16:11:23      18    6.00    0.00    3.00    1.00    0.00    0.00    0.00    0.00    0.00   90.00
16:11:23      19    2.00    0.00    0.00    0.00    0.00    0.00    0.00    0.00    0.00   98.00
16:11:23      20    1.01    0.00    0.00    0.00    0.00    0.00    0.00    0.00    0.00   98.99
16:11:23      21    3.00    0.00    2.00    0.00    0.00    0.00    0.00    0.00    0.00   95.00
16:11:23      22    5.05    0.00    2.02    0.00    0.00    0.00    0.00    0.00    0.00   92.93
16:11:23      23    3.03    0.00    1.01    0.00    0.00    0.00    0.00    0.00    0.00   95.96
16:11:23      24    1.01    0.00    0.00    0.00    0.00    0.00    0.00    0.00    0.00   98.99
16:11:23      25    2.00    0.00    2.00    0.00    0.00    0.00    0.00    0.00    0.00   96.00
16:11:23      26    3.00    0.00    2.00    8.00    0.00    0.00    0.00    0.00    0.00   87.00
16:11:23      27    0.00    0.00    0.00    0.00    0.00    0.00    0.00    0.00    0.00  100.00
16:11:23      28    1.96    0.00    0.98    0.00    0.00    0.00    0.00    0.00    0.00   97.06
16:11:23      29    0.00    0.00    1.00    0.00    0.00    0.00    0.00    0.00    0.00   99.00
16:11:23      30    1.00    0.00    0.00    0.00    0.00    0.00    0.00    0.00    0.00   99.00
16:11:23      31    0.99    0.00    0.99    0.00    0.00    0.00    0.00    0.00    0.00   98.02
16:11:23      32    1.00    0.00    0.00    0.00    0.00    0.00    0.00    0.00    0.00   99.00
16:11:23      33    0.00    0.00    0.00    0.00    0.00    0.00    0.00    0.00    0.00  100.00
16:11:23      34    3.00    0.00    3.00   13.00    0.00    0.00    0.00    0.00    0.00   81.00
16:11:23      35    1.00    0.00    0.00    0.00    0.00    0.00    0.00    0.00    0.00   99.00
16:11:23      36    0.00    0.00    0.00    0.00    0.00    0.00    0.00    0.00    0.00  100.00
16:11:23      37    0.00    0.00    0.00    0.00    0.00    0.00    0.00    0.00    0.00  100.00
16:11:23      38    0.00    0.00    0.00    0.00    0.00    0.00    0.00    0.00    0.00  100.00
16:11:23      39    0.00    0.00    0.00    0.00    0.00    0.00    0.00    0.00    0.00  100.00
16:11:23      40    1.02    0.00    0.00    0.00    0.00    0.00    0.00    0.00    0.00   98.98
16:11:23      41    0.00    0.00    0.00    0.00    0.00    0.00    0.00    0.00    0.00  100.00
16:11:23      42    0.00    0.00    0.00    0.00    0.00    0.00    0.00    0.00    0.00  100.00
16:11:23      43    0.00    0.00    0.00    0.00    0.00    0.00    0.00    0.00    0.00  100.00
16:11:23      44    0.00    0.00    0.00    0.00    0.00    0.00    0.00    0.00    0.00  100.00
16:11:23      45    0.00    0.00    0.00    0.00    0.00    0.00    0.00    0.00    0.00  100.00
16:11:23      46    0.98    0.00    0.98    0.00    0.00    0.00    0.00    0.00    0.00   98.04
16:11:23      47    0.00    0.00    0.00    0.00    0.00    0.00    0.00    0.00    0.00  100.00
16:11:23      48    0.00    0.00    1.01    0.00    0.00    0.00    0.00    0.00    0.00   98.99
16:11:23      49    0.00    0.00    0.00    0.00    0.00    0.00    0.00    0.00    0.00  100.00
16:11:23      50    0.00    0.00    0.00    0.00    0.00    0.00    0.00    0.00    0.00  100.00
16:11:23      51    0.00    0.00    0.00    0.00    0.00    0.00    0.00    0.00    0.00  100.00
16:11:23      52    0.00    0.00    0.00    0.00    0.00    0.00    0.00    0.00    0.00  100.00
16:11:23      53    0.00    0.00    0.00    0.00    0.00    0.00    0.00    0.00    0.00  100.00
16:11:23      54    1.00    0.00    5.00    0.00    0.00    0.00    0.00    0.00    0.00   94.00
16:11:23      55    0.00    0.00    0.00    0.00    0.00    0.00    0.00    0.00    0.00  100.00
16:11:23      56    0.00    0.00    0.00    0.00    0.00    0.00    0.00    0.00    0.00  100.00
16:11:23      57    0.00    0.00    0.00    0.00    0.00    0.00    0.00    0.00    0.00  100.00
16:11:23      58    1.00    0.00    0.00    0.00    0.00    0.00    0.00    0.00    0.00   99.00
16:11:23      59    0.00    0.00    0.00    0.00    0.00    0.00    0.00    0.00    0.00  100.00
16:11:23      60    0.00    0.00    0.00    0.00    0.00    0.00    0.00    0.00    0.00  100.00
16:11:23      61    0.00    0.00    1.00    0.00    0.00    0.00    0.00    0.00    0.00   99.00
16:11:23      62    0.00    0.00    0.00    0.00    0.00    0.00    0.00    0.00    0.00  100.00
16:11:23      63    1.96    0.00    1.96    0.98    0.00    0.00    0.00    0.00    0.00   95.10
16:11:23      64    0.00    0.00    0.00    0.00    0.00    0.00    0.00    0.00    0.00  100.00
16:11:23      65    0.00    0.00    0.00    0.00    0.00    0.00    0.00    0.00    0.00  100.00
16:11:23      66    0.00    0.00    0.00    0.00    0.00    0.00    0.00    0.00    0.00  100.00
16:11:23      67    0.00    0.00    0.00    0.00    0.00    0.00    0.00    0.00    0.00  100.00
16:11:23      68    0.00    0.00    0.00    0.00    0.00    0.00    0.00    0.00    0.00  100.00
16:11:23      69    1.00    0.00    1.00    0.00    0.00    0.00    0.00    0.00    0.00   98.00
16:11:23      70    0.00    0.00    0.00    0.00    0.00    0.00    0.00    0.00    0.00  100.00
16:11:23      71    0.00    0.00    0.00    0.00    0.00    0.00    0.00    0.00    0.00  100.00

16:11:23     CPU    %usr   %nice    %sys %iowait    %irq   %soft  %steal  %guest  %gnice   %idle
16:11:24     all    0.70    0.00    0.58    0.31    0.00    0.00    0.00    0.00    0.00   98.41
16:11:24       0    0.00    0.00    0.00    0.00    0.00    0.00    0.00    0.00    0.00  100.00
16:11:24       1    0.00    0.00    5.05    0.00    0.00    0.00    0.00    0.00    0.00   94.95
16:11:24       2    0.00    0.00    0.00    0.00    0.00    0.00    0.00    0.00    0.00  100.00
16:11:24       3    0.00    0.00    0.00    0.00    0.00    0.00    0.00    0.00    0.00  100.00
16:11:24       4    0.00    0.00    0.00    0.00    0.00    0.00    0.00    0.00    0.00  100.00
16:11:24       5    0.00    0.00    0.00    0.00    0.00    0.00    0.00    0.00    0.00  100.00
16:11:24       6    0.00    0.00    0.00    0.00    0.00    0.00    0.00    0.00    0.00  100.00
16:11:24       7    0.00    0.00    0.00    0.00    0.00    0.00    0.00    0.00    0.00  100.00
16:11:24       8    0.00    0.00    0.00    0.00    0.00    0.00    0.00    0.00    0.00  100.00
16:11:24       9    0.00    0.00    0.00    0.00    0.00    0.00    0.00    0.00    0.00  100.00
16:11:24      10    1.98    0.00    0.00    0.00    0.00    0.00    0.00    0.00    0.00   98.02
16:11:24      11    0.00    0.00    0.00    0.00    0.00    0.00    0.00    0.00    0.00  100.00
16:11:24      12    0.00    0.00    0.00    0.00    0.00    0.00    0.00    0.00    0.00  100.00
16:11:24      13    0.00    0.00    0.00    0.00    0.00    0.00    0.00    0.00    0.00  100.00
16:11:24      14    0.00    0.00    0.00    0.00    0.00    0.00    0.00    0.00    0.00  100.00
16:11:24      15    0.00    0.00    0.00    0.00    0.00    0.00    0.00    0.00    0.00  100.00
16:11:24      16    0.00    0.00    0.00    0.00    0.00    0.00    0.00    0.00    0.00  100.00
16:11:24      17    0.00    0.00    0.00    0.00    0.00    0.00    0.00    0.00    0.00  100.00
16:11:24      18    6.12    0.00    1.02    0.00    0.00    0.00    0.00    0.00    0.00   92.86
16:11:24      19    1.01    0.00    0.00    0.00    0.00    0.00    0.00    0.00    0.00   98.99
16:11:24      20    2.00    0.00    0.00    0.00    0.00    0.00    0.00    0.00    0.00   98.00
16:11:24      21    0.00    0.00    0.00    0.00    0.00    0.00    0.00    0.00    0.00  100.00
16:11:24      22    6.12    0.00    4.08    0.00    0.00    0.00    0.00    0.00    0.00   89.80
16:11:24      23    6.93    0.00    1.98    0.00    0.00    0.00    0.00    0.00    0.00   91.09
16:11:24      24    0.99    0.00    0.99    0.00    0.00    0.00    0.00    0.00    0.00   98.02
16:11:24      25    2.97    0.00    1.98    0.00    0.00    0.00    0.00    0.00    0.00   95.05
16:11:24      26    2.00    0.00    4.00    0.00    0.00    0.00    0.00    0.00    0.00   94.00
16:11:24      27    2.97    0.00    2.97    0.99    0.00    0.00    0.00    0.00    0.00   93.07
16:11:24      28    2.02    0.00    1.01    0.00    0.00    0.00    0.00    0.00    0.00   96.97
16:11:24      29    0.00    0.00    0.00    0.00    0.00    0.00    0.00    0.00    0.00  100.00
16:11:24      30    2.02    0.00    1.01    0.00    0.00    0.00    0.00    0.00    0.00   96.97
16:11:24      31    2.00    0.00    1.00    0.00    0.00    0.00    0.00    0.00    0.00   97.00
16:11:24      32    1.00    0.00    0.00    0.00    0.00    0.00    0.00    0.00    0.00   99.00
16:11:24      33    1.00    0.00    1.00    0.00    0.00    0.00    0.00    0.00    0.00   98.00
16:11:24      34    2.00    0.00    1.00    0.00    0.00    0.00    0.00    0.00    0.00   97.00
16:11:24      35    1.01    0.00    2.02    0.00    0.00    0.00    0.00    0.00    0.00   96.97
16:11:24      36    0.00    0.00    0.00    0.00    0.00    0.00    0.00    0.00    0.00  100.00
16:11:24      37    0.00    0.00    0.00    0.00    0.00    0.00    0.00    0.00    0.00  100.00
16:11:24      38    0.00    0.00    0.00    0.00    0.00    0.00    0.00    0.00    0.00  100.00
16:11:24      39    0.00    0.00    0.00    0.00    0.00    0.00    0.00    0.00    0.00  100.00
16:11:24      40    0.00    0.00    1.01    0.00    0.00    0.00    0.00    0.00    0.00   98.99
16:11:24      41    0.00    0.00    0.00    0.00    0.00    0.00    0.00    0.00    0.00  100.00
16:11:24      42    0.00    0.00    0.00    0.00    0.00    0.00    0.00    0.00    0.00  100.00
16:11:24      43    0.00    0.00    0.00    0.00    0.00    0.00    0.00    0.00    0.00  100.00
16:11:24      44    0.00    0.00    0.00    0.00    0.00    0.00    0.00    0.00    0.00  100.00
16:11:24      45    0.00    0.00    1.00    0.00    0.00    0.00    0.00    0.00    0.00   99.00
16:11:24      46    0.00    0.00    1.02    0.00    0.00    0.00    0.00    0.00    0.00   98.98
16:11:24      47    0.00    0.00    1.01    0.00    0.00    0.00    0.00    0.00    0.00   98.99
16:11:24      48    0.99    0.00    0.00    0.00    0.00    0.00    0.00    0.00    0.00   99.01
16:11:24      49    0.00    0.00    0.00    0.00    0.00    0.00    0.00    0.00    0.00  100.00
16:11:24      50    0.00    0.00    0.00    0.00    0.00    0.00    0.00    0.00    0.00  100.00
16:11:24      51    0.00    0.00    0.00    0.00    0.00    0.00    0.00    0.00    0.00  100.00
16:11:24      52    1.00    0.00    1.00   21.00    0.00    0.00    0.00    0.00    0.00   77.00
16:11:24      53    0.00    0.00    0.00    0.00    0.00    0.00    0.00    0.00    0.00  100.00
16:11:24      54    1.00    0.00    6.00    0.00    0.00    0.00    0.00    0.00    0.00   93.00
16:11:24      55    0.00    0.00    0.00    0.00    0.00    0.00    0.00    0.00    0.00  100.00
16:11:24      56    0.00    0.00    0.00    0.00    0.00    0.00    0.00    0.00    0.00  100.00
16:11:24      57    0.00    0.00    0.00    0.00    0.00    0.00    0.00    0.00    0.00  100.00
16:11:24      58    1.00    0.00    0.00    0.00    0.00    0.00    0.00    0.00    0.00   99.00
16:11:24      59    0.00    0.00    0.00    0.00    0.00    0.00    0.00    0.00    0.00  100.00
16:11:24      60    1.00    0.00    1.00    0.00    0.00    0.00    0.00    0.00    0.00   98.00
16:11:24      61    0.00    0.00    0.00    0.00    0.00    0.00    0.00    0.00    0.00  100.00
16:11:24      62    0.00    0.00    0.00    0.00    0.00    0.00    0.00    0.00    0.00  100.00
16:11:24      63    0.00    0.00    0.00    0.00    0.00    0.00    0.00    0.00    0.00  100.00
16:11:24      64    0.00    0.00    0.00    0.00    0.00    0.00    0.00    0.00    0.00  100.00
16:11:24      65    1.01    0.00    1.01    0.00    0.00    0.00    0.00    0.00    0.00   97.98
16:11:24      66    0.00    0.00    0.00    0.00    0.00    0.00    0.00    0.00    0.00  100.00
16:11:24      67    0.00    0.00    0.00    0.00    0.00    0.00    0.00    0.00    0.00  100.00
16:11:24      68    0.00    0.00    0.00    0.00    0.00    0.00    0.00    0.00    0.00  100.00
16:11:24      69    0.00    0.00    0.00    0.00    0.00    0.00    0.00    0.00    0.00  100.00
16:11:24      70    0.00    0.00    0.00    0.00    0.00    0.00    0.00    0.00    0.00  100.00
16:11:24      71    0.00    0.00    0.00    0.00    0.00    0.00    0.00    0.00    0.00  100.00

16:11:24     CPU    %usr   %nice    %sys %iowait    %irq   %soft  %steal  %guest  %gnice   %idle
16:11:25     all    0.74    0.00    0.36    0.29    0.00    0.01    0.00    0.00    0.00   98.60
16:11:25       0    0.00    0.00    0.00    0.00    0.00    0.00    0.00    0.00    0.00  100.00
16:11:25       1    0.00    0.00    0.00    0.00    0.00    0.00    0.00    0.00    0.00  100.00
16:11:25       2    0.00    0.00    0.00    0.00    0.00    0.00    0.00    0.00    0.00  100.00
16:11:25       3    0.00    0.00    0.00    0.00    0.00    0.00    0.00    0.00    0.00  100.00
16:11:25       4    0.00    0.00    0.00    0.00    0.00    0.00    0.00    0.00    0.00  100.00
16:11:25       5    0.00    0.00    0.00    0.00    0.00    0.00    0.00    0.00    0.00  100.00
16:11:25       6    0.00    0.00    0.00    0.00    0.00    0.00    0.00    0.00    0.00  100.00
16:11:25       7    0.00    0.00    0.00    0.00    0.00    0.00    0.00    0.00    0.00  100.00
16:11:25       8    0.00    0.00    0.00    0.00    0.00    0.00    0.00    0.00    0.00  100.00
16:11:25       9    0.00    0.00    0.00    0.00    0.00    0.00    0.00    0.00    0.00  100.00
16:11:25      10    0.00    0.00    0.00    0.00    0.00    0.00    0.00    0.00    0.00  100.00
16:11:25      11    0.00    0.00    0.00    0.00    0.00    0.00    0.00    0.00    0.00  100.00
16:11:25      12    0.00    0.00    0.00    0.00    0.00    0.00    0.00    0.00    0.00  100.00
16:11:25      13    0.00    0.00    0.00    0.00    0.00    0.00    0.00    0.00    0.00  100.00
16:11:25      14    0.00    0.00    0.00    0.00    0.00    0.00    0.00    0.00    0.00  100.00
16:11:25      15    0.00    0.00    0.00    0.00    0.00    0.00    0.00    0.00    0.00  100.00
16:11:25      16    0.00    0.00    0.00    0.00    0.00    0.00    0.00    0.00    0.00  100.00
16:11:25      17    0.00    0.00    1.00    0.00    0.00    0.00    0.00    0.00    0.00   99.00
16:11:25      18   12.00    0.00    3.00    0.00    0.00    0.00    0.00    0.00    0.00   85.00
16:11:25      19    0.99    0.00    0.99    0.00    0.00    0.00    0.00    0.00    0.00   98.02
16:11:25      20    0.00    0.00    0.00    0.00    0.00    0.00    0.00    0.00    0.00  100.00
16:11:25      21    0.99    0.00    0.99    0.00    0.00    0.00    0.00    0.00    0.00   98.02
16:11:25      22    3.96    0.00    0.99    0.99    0.00    0.00    0.00    0.00    0.00   94.06
16:11:25      23    7.00    0.00    2.00    0.00    0.00    0.00    0.00    0.00    0.00   91.00
16:11:25      24    3.03    0.00    1.01    0.00    0.00    0.00    0.00    0.00    0.00   95.96
16:11:25      25    2.00    0.00    2.00    0.00    0.00    0.00    0.00    0.00    0.00   96.00
16:11:25      26    6.00    0.00    3.00    1.00    0.00    0.00    0.00    0.00    0.00   90.00
16:11:25      27    1.98    0.00    1.98    0.00    0.00    0.00    0.00    0.00    0.00   96.04
16:11:25      28    1.01    0.00    0.00    0.00    0.00    0.00    0.00    0.00    0.00   98.99
16:11:25      29    1.00    0.00    0.00    0.00    0.00    0.00    0.00    0.00    0.00   99.00
16:11:25      30    0.00    0.00    0.00    0.00    0.00    0.00    0.00    0.00    0.00  100.00
16:11:25      31    0.00    0.00    0.00    0.00    0.00    0.00    0.00    0.00    0.00  100.00
16:11:25      32    0.00    0.00    0.00    0.00    0.00    0.00    0.00    0.00    0.00  100.00
16:11:25      33    1.98    0.00    0.00    0.00    0.00    0.00    0.00    0.00    0.00   98.02
16:11:25      34    4.08    0.00    0.00    0.00    0.00    0.00    0.00    0.00    0.00   95.92
16:11:25      35    1.00    0.00    0.00    0.00    0.00    0.00    0.00    0.00    0.00   99.00
16:11:25      36    0.00    0.00    0.00    0.00    0.00    0.00    0.00    0.00    0.00  100.00
16:11:25      37    1.00    0.00    0.00    0.00    0.00    0.00    0.00    0.00    0.00   99.00
16:11:25      38    0.00    0.00    0.00    0.00    0.00    0.00    0.00    0.00    0.00  100.00
16:11:25      39    0.00    0.00    0.00    0.00    0.00    0.00    0.00    0.00    0.00  100.00
16:11:25      40    0.00    0.00    0.00    0.00    0.00    1.00    0.00    0.00    0.00   99.00
16:11:25      41    0.00    0.00    0.00    0.00    0.00    0.00    0.00    0.00    0.00  100.00
16:11:25      42    0.00    0.00    0.00    0.00    0.00    0.00    0.00    0.00    0.00  100.00
16:11:25      43    0.00    0.00    0.00    0.00    0.00    0.00    0.00    0.00    0.00  100.00
16:11:25      44    0.00    0.00    0.00    0.00    0.00    0.00    0.00    0.00    0.00  100.00
16:11:25      45    0.00    0.00    0.00    0.00    0.00    0.00    0.00    0.00    0.00  100.00
16:11:25      46    0.00    0.00    1.98    0.00    0.00    0.00    0.00    0.00    0.00   98.02
16:11:25      47    0.99    0.00    2.97    0.00    0.00    0.00    0.00    0.00    0.00   96.04
16:11:25      48    0.00    0.00    0.00    0.00    0.00    0.00    0.00    0.00    0.00  100.00
16:11:25      49    0.00    0.00    0.00    0.00    0.00    0.00    0.00    0.00    0.00  100.00
16:11:25      50    0.00    0.00    0.00    0.00    0.00    0.00    0.00    0.00    0.00  100.00
16:11:25      51    0.00    0.00    0.00    0.00    0.00    0.00    0.00    0.00    0.00  100.00
16:11:25      52    0.00    0.00    0.00   19.19    0.00    0.00    0.00    0.00    0.00   80.81
16:11:25      53    0.00    0.00    0.00    0.00    0.00    0.00    0.00    0.00    0.00  100.00
16:11:25      54    2.00    0.00    4.00    0.00    0.00    0.00    0.00    0.00    0.00   94.00
16:11:25      55    0.00    0.00    0.00    0.00    0.00    0.00    0.00    0.00    0.00  100.00
16:11:25      56    0.00    0.00    0.00    0.00    0.00    0.00    0.00    0.00    0.00  100.00
16:11:25      57    0.00    0.00    0.00    0.00    0.00    0.00    0.00    0.00    0.00  100.00
16:11:25      58    1.00    0.00    0.00    0.00    0.00    0.00    0.00    0.00    0.00   99.00
16:11:25      59    0.00    0.00    0.00    0.00    0.00    0.00    0.00    0.00    0.00  100.00
16:11:25      60    0.00    0.00    0.00    0.00    0.00    0.00    0.00    0.00    0.00  100.00
16:11:25      61    0.00    0.00    0.00    0.00    0.00    0.00    0.00    0.00    0.00  100.00
16:11:25      62    0.00    0.00    0.00    0.00    0.00    0.00    0.00    0.00    0.00  100.00
16:11:25      63    0.00    0.00    0.00    0.00    0.00    0.00    0.00    0.00    0.00  100.00
16:11:25      64    0.00    0.00    0.00    0.00    0.00    0.00    0.00    0.00    0.00  100.00
16:11:25      65    0.00    0.00    0.00    0.00    0.00    0.00    0.00    0.00    0.00  100.00
16:11:25      66    0.00    0.00    0.00    0.00    0.00    0.00    0.00    0.00    0.00  100.00
16:11:25      67    0.00    0.00    0.00    0.00    0.00    0.00    0.00    0.00    0.00  100.00
16:11:25      68    0.00    0.00    0.00    0.00    0.00    0.00    0.00    0.00    0.00  100.00
16:11:25      69    0.00    0.00    0.00    0.00    0.00    0.00    0.00    0.00    0.00  100.00
16:11:25      70    0.99    0.00    0.00    0.00    0.00    0.00    0.00    0.00    0.00   99.01
16:11:25      71    0.00    0.00    0.00    0.00    0.00    0.00    0.00    0.00    0.00  100.00

16:11:25     CPU    %usr   %nice    %sys %iowait    %irq   %soft  %steal  %guest  %gnice   %idle
16:11:26     all    0.53    0.00    0.43    0.29    0.00    0.01    0.00    0.00    0.00   98.73
16:11:26       0    0.00    0.00    0.00    0.00    0.00    0.00    0.00    0.00    0.00  100.00
16:11:26       1    0.00    0.00    0.00    0.00    0.00    0.00    0.00    0.00    0.00  100.00
16:11:26       2    0.00    0.00    0.00    0.00    0.00    0.00    0.00    0.00    0.00  100.00
16:11:26       3    0.00    0.00    0.00    0.00    0.00    0.00    0.00    0.00    0.00  100.00
16:11:26       4    0.00    0.00    0.00    0.00    0.00    0.00    0.00    0.00    0.00  100.00
16:11:26       5    0.00    0.00    0.00    0.00    0.00    0.00    0.00    0.00    0.00  100.00
16:11:26       6    0.00    0.00    0.00    0.00    0.00    0.00    0.00    0.00    0.00  100.00
16:11:26       7    0.00    0.00    0.00    0.00    0.00    0.00    0.00    0.00    0.00  100.00
16:11:26       8    0.00    0.00    0.00    0.00    0.00    0.00    0.00    0.00    0.00  100.00
16:11:26       9    0.00    0.00    0.00    0.00    0.00    0.00    0.00    0.00    0.00  100.00
16:11:26      10    0.00    0.00    0.00    0.00    0.00    0.00    0.00    0.00    0.00  100.00
16:11:26      11    0.00    0.00    0.00    0.00    0.00    0.00    0.00    0.00    0.00  100.00
16:11:26      12    0.00    0.00    0.00    0.00    0.00    0.00    0.00    0.00    0.00  100.00
16:11:26      13    0.00    0.00    0.00    0.00    0.00    0.00    0.00    0.00    0.00  100.00
16:11:26      14    0.00    0.00    0.00    0.00    0.00    0.00    0.00    0.00    0.00  100.00
16:11:26      15    0.00    0.00    0.00    0.00    0.00    0.00    0.00    0.00    0.00  100.00
16:11:26      16    0.00    0.00    0.00    0.00    0.00    0.00    0.00    0.00    0.00  100.00
16:11:26      17    0.00    0.00    0.00    0.00    0.00    0.00    0.00    0.00    0.00  100.00
16:11:26      18    3.00    0.00    2.00    0.00    0.00    0.00    0.00    0.00    0.00   95.00
16:11:26      19    1.01    0.00    0.00    0.00    0.00    0.00    0.00    0.00    0.00   98.99
16:11:26      20    0.99    0.00    0.00    0.00    0.00    0.00    0.00    0.00    0.00   99.01
16:11:26      21    0.00    0.00    0.00    0.00    0.00    0.00    0.00    0.00    0.00  100.00
16:11:26      22    4.08    0.00    1.02    0.00    0.00    0.00    0.00    0.00    0.00   94.90
16:11:26      23    1.01    0.00    0.00    0.00    0.00    0.00    0.00    0.00    0.00   98.99
16:11:26      24    2.02    0.00    0.00    0.00    0.00    0.00    0.00    0.00    0.00   97.98
16:11:26      25    3.00    0.00    3.00    1.00    0.00    0.00    0.00    0.00    0.00   93.00
16:11:26      26    4.04    0.00    3.03    0.00    0.00    0.00    0.00    0.00    0.00   92.93
16:11:26      27    1.01    0.00    1.01    0.00    0.00    0.00    0.00    0.00    0.00   97.98
16:11:26      28    1.98    0.00    0.99    0.00    0.00    0.00    0.00    0.00    0.00   97.03
16:11:26      29    1.98    0.00    1.98    0.00    0.00    0.00    0.00    0.00    0.00   96.04
16:11:26      30    0.99    0.00    0.00    0.00    0.00    0.00    0.00    0.00    0.00   99.01
16:11:26      31    0.00    0.00    0.00    0.00    0.00    0.00    0.00    0.00    0.00  100.00
16:11:26      32    1.00    0.00    0.00    0.00    0.00    0.00    0.00    0.00    0.00   99.00
16:11:26      33    0.00    0.00    0.00    0.00    0.00    0.00    0.00    0.00    0.00  100.00
16:11:26      34    3.96    0.00    3.96    0.00    0.00    0.99    0.00    0.00    0.00   91.09
16:11:26      35    1.98    0.00    0.99    0.00    0.00    0.00    0.00    0.00    0.00   97.03
16:11:26      36    0.00    0.00    0.99    0.00    0.00    0.00    0.00    0.00    0.00   99.01
16:11:26      37    0.00    0.00    0.00    0.00    0.00    0.00    0.00    0.00    0.00  100.00
16:11:26      38    0.00    0.00    0.00    0.00    0.00    0.00    0.00    0.00    0.00  100.00
16:11:26      39    0.00    0.00    0.00    0.00    0.00    0.00    0.00    0.00    0.00  100.00
16:11:26      40    1.01    0.00    0.00    0.00    0.00    0.00    0.00    0.00    0.00   98.99
16:11:26      41    0.00    0.00    0.00    0.00    0.00    0.00    0.00    0.00    0.00  100.00
16:11:26      42    0.00    0.00    0.00    0.00    0.00    0.00    0.00    0.00    0.00  100.00
16:11:26      43    0.00    0.00    0.00    0.00    0.00    0.00    0.00    0.00    0.00  100.00
16:11:26      44    0.00    0.00    0.00    0.00    0.00    0.00    0.00    0.00    0.00  100.00
16:11:26      45    0.00    0.00    0.99    0.00    0.00    0.00    0.00    0.00    0.00   99.01
16:11:26      46    0.00    0.00    0.00    0.00    0.00    0.00    0.00    0.00    0.00  100.00
16:11:26      47    0.99    0.00    2.97    0.00    0.00    0.00    0.00    0.00    0.00   96.04
16:11:26      48    0.00    0.00    0.00    0.00    0.00    0.00    0.00    0.00    0.00  100.00
16:11:26      49    0.00    0.00    0.00    0.00    0.00    0.00    0.00    0.00    0.00  100.00
16:11:26      50    0.99    0.00    0.00    0.00    0.00    0.00    0.00    0.00    0.00   99.01
16:11:26      51    0.00    0.00    0.00    0.00    0.00    0.00    0.00    0.00    0.00  100.00
16:11:26      52    0.00    0.00    0.00   20.20    0.00    0.00    0.00    0.00    0.00   79.80
16:11:26      53    0.00    0.00    0.00    0.00    0.00    0.00    0.00    0.00    0.00  100.00
16:11:26      54    1.01    0.00    5.05    0.00    0.00    0.00    0.00    0.00    0.00   93.94
16:11:26      55    0.00    0.00    0.00    0.00    0.00    0.00    0.00    0.00    0.00  100.00
16:11:26      56    0.00    0.00    0.00    0.00    0.00    0.00    0.00    0.00    0.00  100.00
16:11:26      57    0.00    0.00    0.00    0.00    0.00    0.00    0.00    0.00    0.00  100.00
16:11:26      58    0.00    0.00    0.00    0.00    0.00    0.00    0.00    0.00    0.00  100.00
16:11:26      59    0.00    0.00    0.00    0.00    0.00    0.00    0.00    0.00    0.00  100.00
16:11:26      60    0.00    0.00    0.00    0.00    0.00    0.00    0.00    0.00    0.00  100.00
16:11:26      61    0.00    0.00    0.00    0.00    0.00    0.00    0.00    0.00    0.00  100.00
16:11:26      62    0.00    0.00    0.00    0.00    0.00    0.00    0.00    0.00    0.00  100.00
16:11:26      63    0.00    0.00    0.00    0.00    0.00    0.00    0.00    0.00    0.00  100.00
16:11:26      64    0.00    0.00    0.00    0.00    0.00    0.00    0.00    0.00    0.00  100.00
16:11:26      65    0.00    0.00    0.00    0.00    0.00    0.00    0.00    0.00    0.00  100.00
16:11:26      66    1.98    0.00    1.98    0.00    0.00    0.00    0.00    0.00    0.00   96.04
16:11:26      67    0.00    0.00    0.00    0.00    0.00    0.00    0.00    0.00    0.00  100.00
16:11:26      68    0.00    0.00    0.00    0.00    0.00    0.00    0.00    0.00    0.00  100.00
16:11:26      69    0.00    0.00    0.00    0.00    0.00    0.00    0.00    0.00    0.00  100.00
16:11:26      70    0.00    0.00    1.00    0.00    0.00    0.00    0.00    0.00    0.00   99.00
16:11:26      71    0.00    0.00    0.00    0.00    0.00    0.00    0.00    0.00    0.00  100.00

16:11:26     CPU    %usr   %nice    %sys %iowait    %irq   %soft  %steal  %guest  %gnice   %idle
16:11:27     all    0.65    0.00    0.39    0.31    0.00    0.00    0.00    0.00    0.00   98.65
16:11:27       0    0.00    0.00    0.00    0.00    0.00    0.00    0.00    0.00    0.00  100.00
16:11:27       1    0.00    0.00    0.00    0.00    0.00    0.00    0.00    0.00    0.00  100.00
16:11:27       2    0.00    0.00    0.00    0.00    0.00    0.00    0.00    0.00    0.00  100.00
16:11:27       3    0.00    0.00    0.00    0.00    0.00    0.00    0.00    0.00    0.00  100.00
16:11:27       4    0.00    0.00    0.00    0.00    0.00    0.00    0.00    0.00    0.00  100.00
16:11:27       5    0.00    0.00    0.00    0.00    0.00    0.00    0.00    0.00    0.00  100.00
16:11:27       6    0.00    0.00    0.00    0.00    0.00    0.00    0.00    0.00    0.00  100.00
16:11:27       7    0.00    0.00    0.99    6.93    0.00    0.00    0.00    0.00    0.00   92.08
16:11:27       8    0.00    0.00    0.00    0.00    0.00    0.00    0.00    0.00    0.00  100.00
16:11:27       9    0.00    0.00    0.00    0.00    0.00    0.00    0.00    0.00    0.00  100.00
16:11:27      10    0.00    0.00    0.00    0.00    0.00    0.00    0.00    0.00    0.00  100.00
16:11:27      11    0.00    0.00    0.00    0.00    0.00    0.00    0.00    0.00    0.00  100.00
16:11:27      12    0.00    0.00    0.00    0.00    0.00    0.00    0.00    0.00    0.00  100.00
16:11:27      13    0.00    0.00    0.00    0.00    0.00    0.00    0.00    0.00    0.00  100.00
16:11:27      14    0.00    0.00    0.00    0.00    0.00    0.00    0.00    0.00    0.00  100.00
16:11:27      15    0.99    0.00    0.00    0.00    0.00    0.00    0.00    0.00    0.00   99.01
16:11:27      16    0.00    0.00    0.00    0.00    0.00    0.00    0.00    0.00    0.00  100.00
16:11:27      17    0.00    0.00    0.00    0.00    0.00    0.00    0.00    0.00    0.00  100.00
16:11:27      18   10.10    0.00    1.01    0.00    0.00    0.00    0.00    0.00    0.00   88.89
16:11:27      19    1.01    0.00    0.00    0.00    0.00    0.00    0.00    0.00    0.00   98.99
16:11:27      20    0.00    0.00    1.01    0.00    0.00    0.00    0.00    0.00    0.00   98.99
16:11:27      21    0.00    0.00    0.00    0.00    0.00    0.00    0.00    0.00    0.00  100.00
16:11:27      22    7.00    0.00    3.00    0.00    0.00    0.00    0.00    0.00    0.00   90.00
16:11:27      23    1.01    0.00    1.01    0.00    0.00    0.00    0.00    0.00    0.00   97.98
16:11:27      24    1.00    0.00    1.00    0.00    0.00    0.00    0.00    0.00    0.00   98.00
16:11:27      25    1.01    0.00    0.00    0.00    0.00    0.00    0.00    0.00    0.00   98.99
16:11:27      26    4.00    0.00    2.00    2.00    0.00    0.00    0.00    0.00    0.00   92.00
16:11:27      27    2.97    0.00    1.98    0.00    0.00    0.00    0.00    0.00    0.00   95.05
16:11:27      28    2.00    0.00    1.00    0.00    0.00    0.00    0.00    0.00    0.00   97.00
16:11:27      29    0.00    0.00    0.00    0.00    0.00    0.00    0.00    0.00    0.00  100.00
16:11:27      30    0.00    0.00    0.00    0.00    0.00    0.00    0.00    0.00    0.00  100.00
16:11:27      31    1.00    0.00    0.00    0.00    0.00    0.00    0.00    0.00    0.00   99.00
16:11:27      32    0.00    0.00    0.00    0.00    0.00    0.00    0.00    0.00    0.00  100.00
16:11:27      33    1.00    0.00    0.00    0.00    0.00    0.00    0.00    0.00    0.00   99.00
16:11:27      34    5.00    0.00    1.00    0.00    0.00    0.00    0.00    0.00    0.00   94.00
16:11:27      35    1.02    0.00    0.00    0.00    0.00    0.00    0.00    0.00    0.00   98.98
16:11:27      36    0.00    0.00    0.00    0.00    0.00    0.00    0.00    0.00    0.00  100.00
16:11:27      37    0.00    0.00    0.00    0.00    0.00    0.00    0.00    0.00    0.00  100.00
16:11:27      38    0.00    0.00    0.00    0.00    0.00    0.00    0.00    0.00    0.00  100.00
16:11:27      39    0.00    0.00    0.00    0.00    0.00    0.00    0.00    0.00    0.00  100.00
16:11:27      40    0.00    0.00    0.00    0.00    0.00    0.00    0.00    0.00    0.00  100.00
16:11:27      41    0.00    0.00    0.00    0.00    0.00    0.00    0.00    0.00    0.00  100.00
16:11:27      42    0.00    0.00    0.00    0.00    0.00    0.00    0.00    0.00    0.00  100.00
16:11:27      43    0.00    0.00    1.01   13.13    0.00    0.00    0.00    0.00    0.00   85.86
16:11:27      44    0.00    0.00    1.00    0.00    0.00    0.00    0.00    0.00    0.00   99.00
16:11:27      45    0.00    0.00    0.00    0.00    0.00    0.00    0.00    0.00    0.00  100.00
16:11:27      46    0.00    0.00    0.00    0.00    0.00    0.00    0.00    0.00    0.00  100.00
16:11:27      47    0.00    0.00    2.02    0.00    0.00    0.00    0.00    0.00    0.00   97.98
16:11:27      48    0.00    0.00    0.00    0.00    0.00    0.00    0.00    0.00    0.00  100.00
16:11:27      49    0.00    0.00    0.00    0.00    0.00    0.00    0.00    0.00    0.00  100.00
16:11:27      50    0.00    0.00    0.00    0.00    0.00    0.00    0.00    0.00    0.00  100.00
16:11:27      51    0.00    0.00    0.00    0.00    0.00    0.00    0.00    0.00    0.00  100.00
16:11:27      52    0.00    0.00    0.99    0.00    0.00    0.00    0.00    0.00    0.00   99.01
16:11:27      53    0.00    0.00    0.00    0.00    0.00    0.00    0.00    0.00    0.00  100.00
16:11:27      54    1.98    0.00    4.95    0.00    0.00    0.00    0.00    0.00    0.00   93.07
16:11:27      55    0.00    0.00    0.00    0.00    0.00    0.00    0.00    0.00    0.00  100.00
16:11:27      56    2.02    0.00    1.01    0.00    0.00    0.00    0.00    0.00    0.00   96.97
16:11:27      57    0.00    0.00    0.00    0.00    0.00    0.00    0.00    0.00    0.00  100.00
16:11:27      58    0.99    0.00    0.00    0.00    0.00    0.00    0.00    0.00    0.00   99.01
16:11:27      59    0.00    0.00    0.00    0.00    0.00    0.00    0.00    0.00    0.00  100.00
16:11:27      60    0.00    0.00    0.00    0.00    0.00    0.00    0.00    0.00    0.00  100.00
16:11:27      61    0.00    0.00    0.00    0.00    0.00    0.00    0.00    0.00    0.00  100.00
16:11:27      62    0.00    0.00    0.00    0.00    0.00    0.00    0.00    0.00    0.00  100.00
16:11:27      63    0.00    0.00    0.00    0.00    0.00    0.00    0.00    0.00    0.00  100.00
16:11:27      64    1.00    0.00    0.00    0.00    0.00    0.00    0.00    0.00    0.00   99.00
16:11:27      65    1.98    0.00    2.97    0.00    0.00    0.00    0.00    0.00    0.00   95.05
16:11:27      66    0.00    0.00    0.00    0.00    0.00    0.00    0.00    0.00    0.00  100.00
16:11:27      67    0.00    0.00    0.00    0.00    0.00    0.00    0.00    0.00    0.00  100.00
16:11:27      68    0.00    0.00    0.00    0.00    0.00    0.00    0.00    0.00    0.00  100.00
16:11:27      69    0.00    0.00    0.00    0.00    0.00    0.00    0.00    0.00    0.00  100.00
16:11:27      70    0.00    0.00    0.00    0.00    0.00    0.00    0.00    0.00    0.00  100.00
16:11:27      71    0.00    0.00    0.00    0.00    0.00    0.00    0.00    0.00    0.00  100.00

16:11:27     CPU    %usr   %nice    %sys %iowait    %irq   %soft  %steal  %guest  %gnice   %idle
16:11:28     all    0.92    0.00    0.40    0.29    0.00    0.01    0.00    0.00    0.00   98.37
16:11:28       0    0.00    0.00    0.00    0.00    0.00    0.00    0.00    0.00    0.00  100.00
16:11:28       1    0.00    0.00    0.00    0.00    0.00    0.00    0.00    0.00    0.00  100.00
16:11:28       2    0.00    0.00    0.00    0.00    0.00    0.00    0.00    0.00    0.00  100.00
16:11:28       3    0.00    0.00    0.00    0.00    0.00    0.00    0.00    0.00    0.00  100.00
16:11:28       4    0.00    0.00    0.00    0.00    0.00    0.00    0.00    0.00    0.00  100.00
16:11:28       5    0.00    0.00    0.00    0.00    0.00    0.00    0.00    0.00    0.00  100.00
16:11:28       6    0.00    0.00    0.00    0.00    0.00    0.00    0.00    0.00    0.00  100.00
16:11:28       7    0.00    0.00    0.00   18.18    0.00    0.00    0.00    0.00    0.00   81.82
16:11:28       8    0.00    0.00    0.00    0.00    0.00    0.00    0.00    0.00    0.00  100.00
16:11:28       9    0.00    0.00    0.00    0.00    0.00    0.00    0.00    0.00    0.00  100.00
16:11:28      10    0.00    0.00    0.00    0.00    0.00    0.00    0.00    0.00    0.00  100.00
16:11:28      11    0.99    0.00    0.00    0.00    0.00    0.00    0.00    0.00    0.00   99.01
16:11:28      12    0.00    0.00    1.00    0.00    0.00    0.00    0.00    0.00    0.00   99.00
16:11:28      13    0.00    0.00    0.00    0.00    0.00    0.00    0.00    0.00    0.00  100.00
16:11:28      14    1.00    0.00    0.00    0.00    0.00    0.00    0.00    0.00    0.00   99.00
16:11:28      15    0.00    0.00    0.00    0.00    0.00    0.00    0.00    0.00    0.00  100.00
16:11:28      16    1.00    0.00    0.00    0.00    0.00    0.00    0.00    0.00    0.00   99.00
16:11:28      17    0.00    0.00    0.00    0.00    0.00    0.00    0.00    0.00    0.00  100.00
16:11:28      18   16.00    0.00    0.00    1.00    0.00    0.00    0.00    0.00    0.00   83.00
16:11:28      19    1.98    0.00    0.99    0.00    0.00    0.00    0.00    0.00    0.00   97.03
16:11:28      20    1.00    0.00    0.00    0.00    0.00    0.00    0.00    0.00    0.00   99.00
16:11:28      21    1.00    0.00    1.00    0.00    0.00    0.00    0.00    0.00    0.00   98.00
16:11:28      22    7.00    0.00    3.00    0.00    0.00    1.00    0.00    0.00    0.00   89.00
16:11:28      23    2.00    0.00    2.00    0.00    0.00    0.00    0.00    0.00    0.00   96.00
16:11:28      24    5.94    0.00    0.99    0.99    0.00    0.00    0.00    0.00    0.00   92.08
16:11:28      25    2.97    0.00    1.98    0.00    0.00    0.00    0.00    0.00    0.00   95.05
16:11:28      26    4.04    0.00    0.00    0.00    0.00    0.00    0.00    0.00    0.00   95.96
16:11:28      27    0.00    0.00    0.00    0.00    0.00    0.00    0.00    0.00    0.00  100.00
16:11:28      28    3.96    0.00    2.97    0.99    0.00    0.00    0.00    0.00    0.00   92.08
16:11:28      29    1.01    0.00    0.00    0.00    0.00    0.00    0.00    0.00    0.00   98.99
16:11:28      30    0.00    0.00    0.00    0.00    0.00    0.00    0.00    0.00    0.00  100.00
16:11:28      31    1.01    0.00    0.00    0.00    0.00    0.00    0.00    0.00    0.00   98.99
16:11:28      32    0.99    0.00    0.99    0.00    0.00    0.00    0.00    0.00    0.00   98.02
16:11:28      33    0.00    0.00    0.00    0.00    0.00    0.00    0.00    0.00    0.00  100.00
16:11:28      34    6.06    0.00    1.01    0.00    0.00    0.00    0.00    0.00    0.00   92.93
16:11:28      35    2.00    0.00    0.00    0.00    0.00    0.00    0.00    0.00    0.00   98.00
16:11:28      36    0.00    0.00    0.00    0.00    0.00    0.00    0.00    0.00    0.00  100.00
16:11:28      37    0.99    0.00    0.99    0.00    0.00    0.00    0.00    0.00    0.00   98.02
16:11:28      38    0.00    0.00    0.00    0.00    0.00    0.00    0.00    0.00    0.00  100.00
16:11:28      39    0.00    0.00    0.00    0.00    0.00    0.00    0.00    0.00    0.00  100.00
16:11:28      40    0.00    0.00    1.01    0.00    0.00    0.00    0.00    0.00    0.00   98.99
16:11:28      41    0.00    0.00    0.00    0.00    0.00    0.00    0.00    0.00    0.00  100.00
16:11:28      42    0.00    0.00    1.00    0.00    0.00    0.00    0.00    0.00    0.00   99.00
16:11:28      43    0.00    0.00    1.00    0.00    0.00    0.00    0.00    0.00    0.00   99.00
16:11:28      44    1.00    0.00    2.00    0.00    0.00    0.00    0.00    0.00    0.00   97.00
16:11:28      45    0.00    0.00    0.00    0.00    0.00    0.00    0.00    0.00    0.00  100.00
16:11:28      46    0.00    0.00    0.00    0.00    0.00    0.00    0.00    0.00    0.00  100.00
16:11:28      47    0.00    0.00    0.00    0.00    0.00    0.00    0.00    0.00    0.00  100.00
16:11:28      48    0.00    0.00    0.00    0.00    0.00    0.00    0.00    0.00    0.00  100.00
16:11:28      49    0.00    0.00    0.00    0.00    0.00    0.00    0.00    0.00    0.00  100.00
16:11:28      50    0.00    0.00    0.00    0.00    0.00    0.00    0.00    0.00    0.00  100.00
16:11:28      51    0.00    0.00    0.00    0.00    0.00    0.00    0.00    0.00    0.00  100.00
16:11:28      52    0.00    0.00    0.00    0.00    0.00    0.00    0.00    0.00    0.00  100.00
16:11:28      53    0.00    0.00    0.99    0.00    0.00    0.00    0.00    0.00    0.00   99.01
16:11:28      54    1.00    0.00    6.00    0.00    0.00    0.00    0.00    0.00    0.00   93.00
16:11:28      55    0.00    0.00    0.00    0.00    0.00    0.00    0.00    0.00    0.00  100.00
16:11:28      56    0.00    0.00    0.00    0.00    0.00    0.00    0.00    0.00    0.00  100.00
16:11:28      57    1.00    0.00    0.00    0.00    0.00    0.00    0.00    0.00    0.00   99.00
16:11:28      58    0.00    0.00    0.00    0.00    0.00    0.00    0.00    0.00    0.00  100.00
16:11:28      59    0.00    0.00    0.00    0.00    0.00    0.00    0.00    0.00    0.00  100.00
16:11:28      60    0.00    0.00    0.00    0.00    0.00    0.00    0.00    0.00    0.00  100.00
16:11:28      61    0.00    0.00    0.00    0.00    0.00    0.00    0.00    0.00    0.00  100.00
16:11:28      62    0.00    0.00    0.00    0.00    0.00    0.00    0.00    0.00    0.00  100.00
16:11:28      63    0.00    0.00    0.00    0.00    0.00    0.00    0.00    0.00    0.00  100.00
16:11:28      64    0.00    0.00    0.00    0.00    0.00    0.00    0.00    0.00    0.00  100.00
16:11:28      65    0.00    0.00    0.00    0.00    0.00    0.00    0.00    0.00    0.00  100.00
16:11:28      66    0.00    0.00    0.00    0.00    0.00    0.00    0.00    0.00    0.00  100.00
16:11:28      67    0.00    0.00    0.00    0.00    0.00    0.00    0.00    0.00    0.00  100.00
16:11:28      68    0.00    0.00    0.00    0.00    0.00    0.00    0.00    0.00    0.00  100.00
16:11:28      69    0.00    0.00    0.00    0.00    0.00    0.00    0.00    0.00    0.00  100.00
16:11:28      70    1.98    0.00    0.00    0.00    0.00    0.00    0.00    0.00    0.00   98.02
16:11:28      71    0.00    0.00    0.00    0.00    0.00    0.00    0.00    0.00    0.00  100.00

16:11:28     CPU    %usr   %nice    %sys %iowait    %irq   %soft  %steal  %guest  %gnice   %idle
16:11:29     all    0.56    0.00    0.40    0.36    0.00    0.01    0.00    0.00    0.00   98.66
16:11:29       0    0.00    0.00    0.00    0.00    0.00    0.00    0.00    0.00    0.00  100.00
16:11:29       1    0.00    0.00    0.00    0.00    0.00    0.00    0.00    0.00    0.00  100.00
16:11:29       2    0.00    0.00    0.00    0.00    0.00    0.00    0.00    0.00    0.00  100.00
16:11:29       3    0.00    0.00    0.00    0.00    0.00    0.00    0.00    0.00    0.00  100.00
16:11:29       4    0.00    0.00    0.00    0.00    0.00    0.00    0.00    0.00    0.00  100.00
16:11:29       5    0.00    0.00    0.99    0.00    0.00    0.00    0.00    0.00    0.00   99.01
16:11:29       6    0.00    0.00    0.00    0.00    0.00    0.00    0.00    0.00    0.00  100.00
16:11:29       7    0.00    0.00    0.00   26.00    0.00    0.00    0.00    0.00    0.00   74.00
16:11:29       8    0.00    0.00    0.00    0.00    0.00    0.00    0.00    0.00    0.00  100.00
16:11:29       9    0.00    0.00    0.00    0.00    0.00    0.00    0.00    0.00    0.00  100.00
16:11:29      10    0.00    0.00    0.00    0.00    0.00    0.00    0.00    0.00    0.00  100.00
16:11:29      11    0.00    0.00    0.00    0.00    0.00    0.00    0.00    0.00    0.00  100.00
16:11:29      12    0.00    0.00    0.00    0.00    0.00    0.00    0.00    0.00    0.00  100.00
16:11:29      13    0.00    0.00    0.00    0.00    0.00    0.00    0.00    0.00    0.00  100.00
16:11:29      14    0.00    0.00    0.00    0.00    0.00    0.00    0.00    0.00    0.00  100.00
16:11:29      15    0.00    0.00    0.00    0.00    0.00    0.00    0.00    0.00    0.00  100.00
16:11:29      16    0.00    0.00    0.00    0.00    0.00    0.00    0.00    0.00    0.00  100.00
16:11:29      17    0.00    0.00    0.00    0.00    0.00    0.00    0.00    0.00    0.00  100.00
16:11:29      18    4.00    0.00    3.00    0.00    0.00    1.00    0.00    0.00    0.00   92.00
16:11:29      19    5.05    0.00    3.03    0.00    0.00    0.00    0.00    0.00    0.00   91.92
16:11:29      20    1.00    0.00    1.00    0.00    0.00    0.00    0.00    0.00    0.00   98.00
16:11:29      21    3.00    0.00    2.00    0.00    0.00    0.00    0.00    0.00    0.00   95.00
16:11:29      22    5.05    0.00    2.02    0.00    0.00    0.00    0.00    0.00    0.00   92.93
16:11:29      23    2.00    0.00    1.00    0.00    0.00    0.00    0.00    0.00    0.00   97.00
16:11:29      24    2.00    0.00    0.00    0.00    0.00    0.00    0.00    0.00    0.00   98.00
16:11:29      25    1.00    0.00    1.00    0.00    0.00    0.00    0.00    0.00    0.00   98.00
16:11:29      26    4.00    0.00    1.00    0.00    0.00    0.00    0.00    0.00    0.00   95.00
16:11:29      27    1.98    0.00    0.99    0.00    0.00    0.00    0.00    0.00    0.00   97.03
16:11:29      28    0.00    0.00    0.00    0.00    0.00    0.00    0.00    0.00    0.00  100.00
16:11:29      29    0.00    0.00    0.00    0.00    0.00    0.00    0.00    0.00    0.00  100.00
16:11:29      30    0.00    0.00    1.00    0.00    0.00    0.00    0.00    0.00    0.00   99.00
16:11:29      31    1.00    0.00    1.00    0.00    0.00    0.00    0.00    0.00    0.00   98.00
16:11:29      32    0.00    0.00    0.00    0.00    0.00    0.00    0.00    0.00    0.00  100.00
16:11:29      33    1.00    0.00    0.00    0.00    0.00    0.00    0.00    0.00    0.00   99.00
16:11:29      34    3.00    0.00    2.00    0.00    0.00    0.00    0.00    0.00    0.00   95.00
16:11:29      35    1.00    0.00    1.00    0.00    0.00    0.00    0.00    0.00    0.00   98.00
16:11:29      36    0.00    0.00    0.00    0.00    0.00    0.00    0.00    0.00    0.00  100.00
16:11:29      37    0.00    0.00    0.00    0.00    0.00    0.00    0.00    0.00    0.00  100.00
16:11:29      38    0.00    0.00    0.00    0.00    0.00    0.00    0.00    0.00    0.00  100.00
16:11:29      39    0.00    0.00    0.00    0.00    0.00    0.00    0.00    0.00    0.00  100.00
16:11:29      40    0.00    0.00    0.00    0.00    0.00    0.00    0.00    0.00    0.00  100.00
16:11:29      41    0.00    0.00    0.00    0.00    0.00    0.00    0.00    0.00    0.00  100.00
16:11:29      42    0.00    0.00    0.00    0.00    0.00    0.00    0.00    0.00    0.00  100.00
16:11:29      43    0.00    0.00    0.00    0.00    0.00    0.00    0.00    0.00    0.00  100.00
16:11:29      44    1.01    0.00    2.02    0.00    0.00    0.00    0.00    0.00    0.00   96.97
16:11:29      45    0.00    0.00    0.00    0.00    0.00    0.00    0.00    0.00    0.00  100.00
16:11:29      46    0.00    0.00    1.00    0.00    0.00    0.00    0.00    0.00    0.00   99.00
16:11:29      47    0.00    0.00    0.99    0.00    0.00    0.00    0.00    0.00    0.00   99.01
16:11:29      48    0.00    0.00    0.00    0.00    0.00    0.00    0.00    0.00    0.00  100.00
16:11:29      49    0.00    0.00    0.00    0.00    0.00    0.00    0.00    0.00    0.00  100.00
16:11:29      50    0.00    0.00    0.00    0.00    0.00    0.00    0.00    0.00    0.00  100.00
16:11:29      51    0.00    0.00    0.00    0.00    0.00    0.00    0.00    0.00    0.00  100.00
16:11:29      52    0.00    0.00    0.00    0.00    0.00    0.00    0.00    0.00    0.00  100.00
16:11:29      53    0.00    0.00    0.00    0.00    0.00    0.00    0.00    0.00    0.00  100.00
16:11:29      54    2.02    0.00    4.04    0.00    0.00    0.00    0.00    0.00    0.00   93.94
16:11:29      55    0.00    0.00    0.00    0.00    0.00    0.00    0.00    0.00    0.00  100.00
16:11:29      56    0.00    0.00    0.00    0.00    0.00    0.00    0.00    0.00    0.00  100.00
16:11:29      57    0.00    0.00    0.00    0.00    0.00    0.00    0.00    0.00    0.00  100.00
16:11:29      58    1.00    0.00    0.00    0.00    0.00    0.00    0.00    0.00    0.00   99.00
16:11:29      59    0.00    0.00    0.00    0.00    0.00    0.00    0.00    0.00    0.00  100.00
16:11:29      60    0.00    0.00    0.00    0.00    0.00    0.00    0.00    0.00    0.00  100.00
16:11:29      61    0.00    0.00    0.00    0.00    0.00    0.00    0.00    0.00    0.00  100.00
16:11:29      62    0.00    0.00    0.00    0.00    0.00    0.00    0.00    0.00    0.00  100.00
16:11:29      63    0.00    0.00    0.00    0.00    0.00    0.00    0.00    0.00    0.00  100.00
16:11:29      64    0.00    0.00    0.00    0.00    0.00    0.00    0.00    0.00    0.00  100.00
16:11:29      65    0.99    0.00    0.00    0.00    0.00    0.00    0.00    0.00    0.00   99.01
16:11:29      66    0.00    0.00    0.00    0.00    0.00    0.00    0.00    0.00    0.00  100.00
16:11:29      67    0.00    0.00    0.00    0.00    0.00    0.00    0.00    0.00    0.00  100.00
16:11:29      68    0.00    0.00    0.00    0.00    0.00    0.00    0.00    0.00    0.00  100.00
16:11:29      69    0.00    0.00    0.00    0.00    0.00    0.00    0.00    0.00    0.00  100.00
16:11:29      70    0.00    0.00    0.00    0.00    0.00    0.00    0.00    0.00    0.00  100.00
16:11:29      71    0.00    0.00    0.00    0.00    0.00    0.00    0.00    0.00    0.00  100.00

16:11:29     CPU    %usr   %nice    %sys %iowait    %irq   %soft  %steal  %guest  %gnice   %idle
16:11:30     all    0.74    0.00    0.40    0.31    0.00    0.00    0.00    0.00    0.00   98.55
16:11:30       0    0.00    0.00    0.00    0.00    0.00    0.00    0.00    0.00    0.00  100.00
16:11:30       1    0.00    0.00    0.00    0.00    0.00    0.00    0.00    0.00    0.00  100.00
16:11:30       2    0.00    0.00    0.00    0.00    0.00    0.00    0.00    0.00    0.00  100.00
16:11:30       3    0.00    0.00    0.00    0.00    0.00    0.00    0.00    0.00    0.00  100.00
16:11:30       4    0.00    0.00    0.00    0.00    0.00    0.00    0.00    0.00    0.00  100.00
16:11:30       5    0.00    0.00    0.00    0.00    0.00    0.00    0.00    0.00    0.00  100.00
16:11:30       6    0.00    0.00    0.00    0.00    0.00    0.00    0.00    0.00    0.00  100.00
16:11:30       7    0.00    0.00    1.00   22.00    0.00    0.00    0.00    0.00    0.00   77.00
16:11:30       8    0.00    0.00    0.00    0.00    0.00    0.00    0.00    0.00    0.00  100.00
16:11:30       9    0.00    0.00    0.00    0.00    0.00    0.00    0.00    0.00    0.00  100.00
16:11:30      10    0.00    0.00    0.00    0.00    0.00    0.00    0.00    0.00    0.00  100.00
16:11:30      11    0.00    0.00    1.00    0.00    0.00    0.00    0.00    0.00    0.00   99.00
16:11:30      12    0.00    0.00    0.00    0.00    0.00    0.00    0.00    0.00    0.00  100.00
16:11:30      13    0.00    0.00    0.00    0.00    0.00    0.00    0.00    0.00    0.00  100.00
16:11:30      14    0.00    0.00    0.00    0.00    0.00    0.00    0.00    0.00    0.00  100.00
16:11:30      15    0.00    0.00    0.00    0.00    0.00    0.00    0.00    0.00    0.00  100.00
16:11:30      16    0.00    0.00    0.00    0.00    0.00    0.00    0.00    0.00    0.00  100.00
16:11:30      17    0.00    0.00    0.00    0.00    0.00    0.00    0.00    0.00    0.00  100.00
16:11:30      18    2.00    0.00    1.00    0.00    0.00    0.00    0.00    0.00    0.00   97.00
16:11:30      19    2.00    0.00    3.00    0.00    0.00    0.00    0.00    0.00    0.00   95.00
16:11:30      20    0.00    0.00    0.00    0.00    0.00    0.00    0.00    0.00    0.00  100.00
16:11:30      21    0.99    0.00    0.99    0.00    0.00    0.00    0.00    0.00    0.00   98.02
16:11:30      22   14.14    0.00    1.01    0.00    0.00    0.00    0.00    0.00    0.00   84.85
16:11:30      23    2.00    0.00    1.00    0.00    0.00    0.00    0.00    0.00    0.00   97.00
16:11:30      24    6.00    0.00    3.00    0.00    0.00    0.00    0.00    0.00    0.00   91.00
16:11:30      25    1.01    0.00    0.00    0.00    0.00    0.00    0.00    0.00    0.00   98.99
16:11:30      26    3.00    0.00    3.00    0.00    0.00    0.00    0.00    0.00    0.00   94.00
16:11:30      27    1.00    0.00    0.00    0.00    0.00    0.00    0.00    0.00    0.00   99.00
16:11:30      28    1.00    0.00    0.00    0.00    0.00    0.00    0.00    0.00    0.00   99.00
16:11:30      29    1.00    0.00    1.00    0.00    0.00    0.00    0.00    0.00    0.00   98.00
16:11:30      30    1.00    0.00    0.00    0.00    0.00    0.00    0.00    0.00    0.00   99.00
16:11:30      31    4.04    0.00    0.00    0.00    0.00    0.00    0.00    0.00    0.00   95.96
16:11:30      32    0.00    0.00    0.00    0.00    0.00    0.00    0.00    0.00    0.00  100.00
16:11:30      33    0.00    0.00    0.00    0.00    0.00    0.00    0.00    0.00    0.00  100.00
16:11:30      34    4.04    0.00    0.00    0.00    0.00    0.00    0.00    0.00    0.00   95.96
16:11:30      35    1.00    0.00    0.00    0.00    0.00    0.00    0.00    0.00    0.00   99.00
16:11:30      36    1.00    0.00    0.00    0.00    0.00    0.00    0.00    0.00    0.00   99.00
16:11:30      37    0.00    0.00    0.00    0.00    0.00    0.00    0.00    0.00    0.00  100.00
16:11:30      38    0.00    0.00    0.99    0.00    0.00    0.00    0.00    0.00    0.00   99.01
16:11:30      39    0.00    0.00    0.00    0.00    0.00    0.00    0.00    0.00    0.00  100.00
16:11:30      40    0.00    0.00    0.00    0.00    0.00    0.00    0.00    0.00    0.00  100.00
16:11:30      41    0.00    0.00    1.00    0.00    0.00    0.00    0.00    0.00    0.00   99.00
16:11:30      42    0.00    0.00    0.00    0.00    0.00    0.00    0.00    0.00    0.00  100.00
16:11:30      43    0.99    0.00    0.00    0.00    0.00    0.00    0.00    0.00    0.00   99.01
16:11:30      44    0.00    0.00    0.00    0.00    0.00    0.00    0.00    0.00    0.00  100.00
16:11:30      45    0.00    0.00    0.00    0.00    0.00    0.00    0.00    0.00    0.00  100.00
16:11:30      46    0.00    0.00    0.00    0.00    0.00    0.00    0.00    0.00    0.00  100.00
16:11:30      47    1.01    0.00    1.01    0.00    0.00    0.00    0.00    0.00    0.00   97.98
16:11:30      48    0.00    0.00    0.00    0.00    0.00    0.00    0.00    0.00    0.00  100.00
16:11:30      49    0.00    0.00    0.00    0.00    0.00    0.00    0.00    0.00    0.00  100.00
16:11:30      50    0.00    0.00    0.00    0.00    0.00    0.00    0.00    0.00    0.00  100.00
16:11:30      51    0.00    0.00    0.00    0.00    0.00    0.00    0.00    0.00    0.00  100.00
16:11:30      52    0.00    0.00    1.00    0.00    0.00    0.00    0.00    0.00    0.00   99.00
16:11:30      53    0.00    0.00    0.00    0.00    0.00    0.00    0.00    0.00    0.00  100.00
16:11:30      54    2.00    0.00    6.00    0.00    0.00    0.00    0.00    0.00    0.00   92.00
16:11:30      55    0.00    0.00    0.00    0.00    0.00    0.00    0.00    0.00    0.00  100.00
16:11:30      56    1.00    0.00    1.00    0.00    0.00    0.00    0.00    0.00    0.00   98.00
16:11:30      57    0.00    0.00    0.00    0.00    0.00    0.00    0.00    0.00    0.00  100.00
16:11:30      58    0.00    0.00    0.00    0.00    0.00    0.00    0.00    0.00    0.00  100.00
16:11:30      59    0.00    0.00    0.00    0.00    0.00    0.00    0.00    0.00    0.00  100.00
16:11:30      60    0.00    0.00    0.00    0.00    0.00    0.00    0.00    0.00    0.00  100.00
16:11:30      61    0.00    0.00    0.00    0.00    0.00    0.00    0.00    0.00    0.00  100.00
16:11:30      62    0.00    0.00    0.00    0.00    0.00    0.00    0.00    0.00    0.00  100.00
16:11:30      63    0.00    0.00    0.00    0.00    0.00    0.00    0.00    0.00    0.00  100.00
16:11:30      64    0.00    0.00    0.00    0.00    0.00    0.00    0.00    0.00    0.00  100.00
16:11:30      65    0.00    0.00    1.01    0.00    0.00    0.00    0.00    0.00    0.00   98.99
16:11:30      66    0.99    0.00    0.99    0.00    0.00    0.00    0.00    0.00    0.00   98.02
16:11:30      67    0.00    0.00    0.00    0.00    0.00    0.00    0.00    0.00    0.00  100.00
16:11:30      68    0.00    0.00    0.00    0.00    0.00    0.00    0.00    0.00    0.00  100.00
16:11:30      69    0.00    0.00    0.00    0.00    0.00    0.00    0.00    0.00    0.00  100.00
16:11:30      70    2.00    0.00    0.00    0.00    0.00    0.00    0.00    0.00    0.00   98.00
16:11:30      71    0.00    0.00    0.00    0.00    0.00    0.00    0.00    0.00    0.00  100.00

16:11:30     CPU    %usr   %nice    %sys %iowait    %irq   %soft  %steal  %guest  %gnice   %idle
16:11:31     all    0.67    0.00    0.36    0.36    0.00    0.00    0.00    0.00    0.00   98.61
16:11:31       0    0.00    0.00    0.00    0.00    0.00    0.00    0.00    0.00    0.00  100.00
16:11:31       1    0.00    0.00    0.00    0.00    0.00    0.00    0.00    0.00    0.00  100.00
16:11:31       2    0.00    0.00    0.00    0.00    0.00    0.00    0.00    0.00    0.00  100.00
16:11:31       3    0.00    0.00    0.00    0.00    0.00    0.00    0.00    0.00    0.00  100.00
16:11:31       4    0.00    0.00    0.00    0.00    0.00    0.00    0.00    0.00    0.00  100.00
16:11:31       5    0.00    0.00    0.00    0.00    0.00    0.00    0.00    0.00    0.00  100.00
16:11:31       6    0.00    0.00    0.00    0.00    0.00    0.00    0.00    0.00    0.00  100.00
16:11:31       7    0.00    0.00    0.00    9.00    0.00    0.00    0.00    0.00    0.00   91.00
16:11:31       8    0.00    0.00    0.00    0.00    0.00    0.00    0.00    0.00    0.00  100.00
16:11:31       9    0.00    0.00    0.00    0.00    0.00    0.00    0.00    0.00    0.00  100.00
16:11:31      10    0.00    0.00    0.00    0.00    0.00    0.00    0.00    0.00    0.00  100.00
16:11:31      11    0.00    0.00    0.00    0.00    0.00    0.00    0.00    0.00    0.00  100.00
16:11:31      12    0.00    0.00    0.00    0.00    0.00    0.00    0.00    0.00    0.00  100.00
16:11:31      13    0.00    0.00    0.00    0.00    0.00    0.00    0.00    0.00    0.00  100.00
16:11:31      14    0.00    0.00    0.00    0.00    0.00    0.00    0.00    0.00    0.00  100.00
16:11:31      15    0.00    0.00    0.00    0.00    0.00    0.00    0.00    0.00    0.00  100.00
16:11:31      16    0.00    0.00    0.00    0.00    0.00    0.00    0.00    0.00    0.00  100.00
16:11:31      17    0.00    0.00    0.00    0.00    0.00    0.00    0.00    0.00    0.00  100.00
16:11:31      18    5.05    0.00    1.01    0.00    0.00    0.00    0.00    0.00    0.00   93.94
16:11:31      19    1.00    0.00    1.00    0.00    0.00    0.00    0.00    0.00    0.00   98.00
16:11:31      20    1.00    0.00    1.00    0.00    0.00    0.00    0.00    0.00    0.00   98.00
16:11:31      21    1.00    0.00    1.00    0.00    0.00    0.00    0.00    0.00    0.00   98.00
16:11:31      22    4.04    0.00    3.03   12.12    0.00    0.00    0.00    0.00    0.00   80.81
16:11:31      23    1.00    0.00    0.00    5.00    0.00    0.00    0.00    0.00    0.00   94.00
16:11:31      24    2.02    0.00    1.01    0.00    0.00    0.00    0.00    0.00    0.00   96.97
16:11:31      25    2.97    0.00    1.98    0.00    0.00    0.00    0.00    0.00    0.00   95.05
16:11:31      26    2.04    0.00    2.04    0.00    0.00    0.00    0.00    0.00    0.00   95.92
16:11:31      27    4.95    0.00    0.00    0.00    0.00    0.00    0.00    0.00    0.00   95.05
16:11:31      28    1.98    0.00    1.98    0.00    0.00    0.00    0.00    0.00    0.00   96.04
16:11:31      29    1.00    0.00    1.00    0.00    0.00    0.00    0.00    0.00    0.00   98.00
16:11:31      30    1.01    0.00    0.00    0.00    0.00    0.00    0.00    0.00    0.00   98.99
16:11:31      31    1.00    0.00    1.00    0.00    0.00    0.00    0.00    0.00    0.00   98.00
16:11:31      32    2.02    0.00    0.00    0.00    0.00    0.00    0.00    0.00    0.00   97.98
16:11:31      33    0.00    0.00    0.00    0.00    0.00    0.00    0.00    0.00    0.00  100.00
16:11:31      34    4.00    0.00    2.00    0.00    0.00    0.00    0.00    0.00    0.00   94.00
16:11:31      35    0.00    0.00    0.00    0.00    0.00    0.00    0.00    0.00    0.00  100.00
16:11:31      36    1.00    0.00    0.00    0.00    0.00    0.00    0.00    0.00    0.00   99.00
16:11:31      37    0.00    0.00    0.00    0.00    0.00    0.00    0.00    0.00    0.00  100.00
16:11:31      38    1.00    0.00    0.00    0.00    0.00    0.00    0.00    0.00    0.00   99.00
16:11:31      39    0.00    0.00    0.00    0.00    0.00    0.00    0.00    0.00    0.00  100.00
16:11:31      40    3.03    0.00    0.00    0.00    0.00    0.00    0.00    0.00    0.00   96.97
16:11:31      41    0.00    0.00    0.00    0.00    0.00    0.00    0.00    0.00    0.00  100.00
16:11:31      42    0.00    0.00    0.00    0.00    0.00    0.00    0.00    0.00    0.00  100.00
16:11:31      43    0.00    0.00    0.00    0.00    0.00    0.00    0.00    0.00    0.00  100.00
16:11:31      44    0.00    0.00    0.99    0.00    0.00    0.00    0.00    0.00    0.00   99.01
16:11:31      45    0.00    0.00    1.00    0.00    0.00    0.00    0.00    0.00    0.00   99.00
16:11:31      46    1.00    0.00    0.00    0.00    0.00    0.00    0.00    0.00    0.00   99.00
16:11:31      47    0.00    0.00    0.00    0.00    0.00    0.00    0.00    0.00    0.00  100.00
16:11:31      48    0.00    0.00    0.00    0.00    0.00    0.00    0.00    0.00    0.00  100.00
16:11:31      49    0.00    0.00    0.00    0.00    0.00    0.00    0.00    0.00    0.00  100.00
16:11:31      50    0.00    0.00    0.00    0.00    0.00    0.00    0.00    0.00    0.00  100.00
16:11:31      51    1.00    0.00    0.00    0.00    0.00    0.00    0.00    0.00    0.00   99.00
16:11:31      52    0.00    0.00    0.00    0.00    0.00    0.00    0.00    0.00    0.00  100.00
16:11:31      53    0.00    0.00    1.00    0.00    0.00    0.00    0.00    0.00    0.00   99.00
16:11:31      54    2.00    0.00    5.00    0.00    0.00    0.00    0.00    0.00    0.00   93.00
16:11:31      55    0.00    0.00    0.00    0.00    0.00    0.00    0.00    0.00    0.00  100.00
16:11:31      56    0.00    0.00    0.00    0.00    0.00    0.00    0.00    0.00    0.00  100.00
16:11:31      57    0.00    0.00    0.00    0.00    0.00    0.00    0.00    0.00    0.00  100.00
16:11:31      58    0.99    0.00    0.00    0.00    0.00    0.00    0.00    0.00    0.00   99.01
16:11:31      59    0.00    0.00    0.00    0.00    0.00    0.00    0.00    0.00    0.00  100.00
16:11:31      60    0.00    0.00    0.00    0.00    0.00    0.00    0.00    0.00    0.00  100.00
16:11:31      61    0.00    0.00    0.00    0.00    0.00    0.00    0.00    0.00    0.00  100.00
16:11:31      62    0.00    0.00    0.00    0.00    0.00    0.00    0.00    0.00    0.00  100.00
16:11:31      63    0.00    0.00    0.00    0.00    0.00    0.00    0.00    0.00    0.00  100.00
16:11:31      64    1.00    0.00    0.00    0.00    0.00    0.00    0.00    0.00    0.00   99.00
16:11:31      65    0.00    0.00    0.00    0.00    0.00    0.00    0.00    0.00    0.00  100.00
16:11:31      66    0.00    0.00    0.00    0.00    0.00    0.00    0.00    0.00    0.00  100.00
16:11:31      67    0.00    0.00    0.00    0.00    0.00    0.00    0.00    0.00    0.00  100.00
16:11:31      68    0.00    0.00    0.00    0.00    0.00    0.00    0.00    0.00    0.00  100.00
16:11:31      69    0.00    0.00    0.00    0.00    0.00    0.00    0.00    0.00    0.00  100.00
16:11:31      70    1.00    0.00    0.00    0.00    0.00    0.00    0.00    0.00    0.00   99.00
16:11:31      71    0.00    0.00    0.00    0.00    0.00    0.00    0.00    0.00    0.00  100.00

16:11:31     CPU    %usr   %nice    %sys %iowait    %irq   %soft  %steal  %guest  %gnice   %idle
16:11:32     all    0.57    0.00    0.42    0.33    0.00    0.00    0.00    0.00    0.00   98.68
16:11:32       0    0.00    0.00    0.00    0.00    0.00    0.00    0.00    0.00    0.00  100.00
16:11:32       1    0.00    0.00    0.00    0.00    0.00    0.00    0.00    0.00    0.00  100.00
16:11:32       2    0.00    0.00    0.00    0.00    0.00    0.00    0.00    0.00    0.00  100.00
16:11:32       3    0.00    0.00    0.00    0.00    0.00    0.00    0.00    0.00    0.00  100.00
16:11:32       4    0.00    0.00    0.00    0.00    0.00    0.00    0.00    0.00    0.00  100.00
16:11:32       5    0.00    0.00    0.00    0.00    0.00    0.00    0.00    0.00    0.00  100.00
16:11:32       6    0.00    0.00    0.00    0.00    0.00    0.00    0.00    0.00    0.00  100.00
16:11:32       7    0.00    0.00    0.00    0.00    0.00    0.00    0.00    0.00    0.00  100.00
16:11:32       8    0.00    0.00    0.00    0.00    0.00    0.00    0.00    0.00    0.00  100.00
16:11:32       9    0.00    0.00    0.00    0.00    0.00    0.00    0.00    0.00    0.00  100.00
16:11:32      10    0.00    0.00    0.00    0.00    0.00    0.00    0.00    0.00    0.00  100.00
16:11:32      11    2.00    0.00    0.00    0.00    0.00    0.00    0.00    0.00    0.00   98.00
16:11:32      12    0.00    0.00    0.00    0.00    0.00    0.00    0.00    0.00    0.00  100.00
16:11:32      13    0.00    0.00    0.00    0.00    0.00    0.00    0.00    0.00    0.00  100.00
16:11:32      14    0.00    0.00    0.00    0.00    0.00    0.00    0.00    0.00    0.00  100.00
16:11:32      15    0.00    0.00    0.00    0.00    0.00    0.00    0.00    0.00    0.00  100.00
16:11:32      16    0.00    0.00    0.00    0.00    0.00    0.00    0.00    0.00    0.00  100.00
16:11:32      17    0.00    0.00    0.00    0.00    0.00    0.00    0.00    0.00    0.00  100.00
16:11:32      18    4.04    0.00    4.04    0.00    0.00    0.00    0.00    0.00    0.00   91.92
16:11:32      19    1.00    0.00    0.00    0.00    0.00    0.00    0.00    0.00    0.00   99.00
16:11:32      20    0.00    0.00    0.00    0.00    0.00    0.00    0.00    0.00    0.00  100.00
16:11:32      21    1.00    0.00    0.00    0.00    0.00    0.00    0.00    0.00    0.00   99.00
16:11:32      22    3.03    0.00    2.02    2.02    0.00    0.00    0.00    0.00    0.00   92.93
16:11:32      23    1.00    0.00    1.00   20.00    0.00    0.00    0.00    0.00    0.00   78.00
16:11:32      24    2.00    0.00    2.00    0.00    0.00    0.00    0.00    0.00    0.00   96.00
16:11:32      25    1.01    0.00    1.01    0.00    0.00    0.00    0.00    0.00    0.00   97.98
16:11:32      26    3.00    0.00    1.00    0.00    0.00    0.00    0.00    0.00    0.00   96.00
16:11:32      27    3.03    0.00    3.03    0.00    0.00    0.00    0.00    0.00    0.00   93.94
16:11:32      28    2.00    0.00    1.00    0.00    0.00    0.00    0.00    0.00    0.00   97.00
16:11:32      29    0.00    0.00    0.00    0.00    0.00    0.00    0.00    0.00    0.00  100.00
16:11:32      30    0.00    0.00    0.00    0.00    0.00    0.00    0.00    0.00    0.00  100.00
16:11:32      31    1.00    0.00    0.00    0.00    0.00    0.00    0.00    0.00    0.00   99.00
16:11:32      32    0.00    0.00    0.00    0.00    0.00    0.00    0.00    0.00    0.00  100.00
16:11:32      33    0.00    0.00    0.00    0.00    0.00    0.00    0.00    0.00    0.00  100.00
16:11:32      34    5.00    0.00    5.00    1.00    0.00    0.00    0.00    0.00    0.00   89.00
16:11:32      35    1.98    0.00    0.00    0.00    0.00    0.00    0.00    0.00    0.00   98.02
16:11:32      36    3.00    0.00    0.00    0.00    0.00    0.00    0.00    0.00    0.00   97.00
16:11:32      37    1.00    0.00    0.00    0.00    0.00    0.00    0.00    0.00    0.00   99.00
16:11:32      38    0.00    0.00    0.00    0.00    0.00    0.00    0.00    0.00    0.00  100.00
16:11:32      39    0.00    0.00    0.00    0.00    0.00    0.00    0.00    0.00    0.00  100.00
16:11:32      40    0.00    0.00    0.00    0.00    0.00    0.00    0.00    0.00    0.00  100.00
16:11:32      41    0.00    0.00    0.00    0.00    0.00    0.00    0.00    0.00    0.00  100.00
16:11:32      42    0.00    0.00    0.00    0.00    0.00    0.00    0.00    0.00    0.00  100.00
16:11:32      43    0.00    0.00    0.00    0.00    0.00    0.00    0.00    0.00    0.00  100.00
16:11:32      44    0.00    0.00    0.00    0.00    0.00    0.00    0.00    0.00    0.00  100.00
16:11:32      45    0.00    0.00    2.02    0.00    0.00    0.00    0.00    0.00    0.00   97.98
16:11:32      46    0.00    0.00    0.00    0.00    0.00    0.00    0.00    0.00    0.00  100.00
16:11:32      47    0.00    0.00    0.00    0.00    0.00    0.00    0.00    0.00    0.00  100.00
16:11:32      48    0.00    0.00    0.00    0.00    0.00    0.00    0.00    0.00    0.00  100.00
16:11:32      49    0.00    0.00    0.00    0.00    0.00    0.00    0.00    0.00    0.00  100.00
16:11:32      50    0.00    0.00    0.00    0.00    0.00    0.00    0.00    0.00    0.00  100.00
16:11:32      51    0.00    0.00    0.00    0.00    0.00    0.00    0.00    0.00    0.00  100.00
16:11:32      52    0.00    0.00    0.00    0.00    0.00    0.00    0.00    0.00    0.00  100.00
16:11:32      53    0.00    0.00    0.00    0.00    0.00    0.00    0.00    0.00    0.00  100.00
16:11:32      54    0.99    0.00    5.94    0.00    0.00    0.00    0.00    0.00    0.00   93.07
16:11:32      55    0.00    0.00    0.00    0.00    0.00    0.00    0.00    0.00    0.00  100.00
16:11:32      56    0.98    0.00    0.00    0.98    0.00    0.00    0.00    0.00    0.00   98.04
16:11:32      57    0.00    0.00    0.00    0.00    0.00    0.00    0.00    0.00    0.00  100.00
16:11:32      58    1.00    0.00    1.00    0.00    0.00    0.00    0.00    0.00    0.00   98.00
16:11:32      59    0.00    0.00    0.00    0.00    0.00    0.00    0.00    0.00    0.00  100.00
16:11:32      60    0.00    0.00    0.00    0.00    0.00    0.00    0.00    0.00    0.00  100.00
16:11:32      61    0.00    0.00    0.00    0.00    0.00    0.00    0.00    0.00    0.00  100.00
16:11:32      62    0.00    0.00    0.00    0.00    0.00    0.00    0.00    0.00    0.00  100.00
16:11:32      63    0.00    0.00    0.00    0.00    0.00    0.00    0.00    0.00    0.00  100.00
16:11:32      64    0.00    0.00    0.99    0.00    0.00    0.00    0.00    0.00    0.00   99.01
16:11:32      65    1.00    0.00    0.00    0.00    0.00    0.00    0.00    0.00    0.00   99.00
16:11:32      66    0.00    0.00    0.00    0.00    0.00    0.00    0.00    0.00    0.00  100.00
16:11:32      67    0.00    0.00    0.00    0.00    0.00    0.00    0.00    0.00    0.00  100.00
16:11:32      68    0.00    0.00    0.00    0.00    0.00    0.00    0.00    0.00    0.00  100.00
16:11:32      69    0.00    0.00    0.00    0.00    0.00    0.00    0.00    0.00    0.00  100.00
16:11:32      70    1.98    0.00    0.00    0.00    0.00    0.00    0.00    0.00    0.00   98.02
16:11:32      71    0.00    0.00    0.00    0.00    0.00    0.00    0.00    0.00    0.00  100.00

16:11:32     CPU    %usr   %nice    %sys %iowait    %irq   %soft  %steal  %guest  %gnice   %idle
16:11:33     all    0.63    0.00    0.39    0.31    0.00    0.00    0.00    0.00    0.00   98.68
16:11:33       0    0.00    0.00    0.00    0.00    0.00    0.00    0.00    0.00    0.00  100.00
16:11:33       1    0.00    0.00    0.00    0.00    0.00    0.00    0.00    0.00    0.00  100.00
16:11:33       2    0.00    0.00    0.00    0.00    0.00    0.00    0.00    0.00    0.00  100.00
16:11:33       3    0.00    0.00    0.00    0.00    0.00    0.00    0.00    0.00    0.00  100.00
16:11:33       4    0.00    0.00    0.00    0.00    0.00    0.00    0.00    0.00    0.00  100.00
16:11:33       5    0.00    0.00    0.00    0.00    0.00    0.00    0.00    0.00    0.00  100.00
16:11:33       6    0.00    0.00    0.00    0.00    0.00    0.00    0.00    0.00    0.00  100.00
16:11:33       7    0.00    0.00    0.00    0.00    0.00    0.00    0.00    0.00    0.00  100.00
16:11:33       8    0.00    0.00    0.00    0.00    0.00    0.00    0.00    0.00    0.00  100.00
16:11:33       9    0.00    0.00    0.00    0.00    0.00    0.00    0.00    0.00    0.00  100.00
16:11:33      10    0.00    0.00    0.00    0.00    0.00    0.00    0.00    0.00    0.00  100.00
16:11:33      11    2.02    0.00    0.00    0.00    0.00    0.00    0.00    0.00    0.00   97.98
16:11:33      12    0.00    0.00    0.00    0.00    0.00    0.00    0.00    0.00    0.00  100.00
16:11:33      13    0.00    0.00    0.00    0.00    0.00    0.00    0.00    0.00    0.00  100.00
16:11:33      14    0.00    0.00    0.00    0.00    0.00    0.00    0.00    0.00    0.00  100.00
16:11:33      15    0.00    0.00    0.00    0.00    0.00    0.00    0.00    0.00    0.00  100.00
16:11:33      16    0.00    0.00    0.00    0.00    0.00    0.00    0.00    0.00    0.00  100.00
16:11:33      17    0.00    0.00    0.00    0.00    0.00    0.00    0.00    0.00    0.00  100.00
16:11:33      18    6.93    0.00    6.93    0.99    0.00    0.00    0.00    0.00    0.00   85.15
16:11:33      19    1.00    0.00    0.00    0.00    0.00    0.00    0.00    0.00    0.00   99.00
16:11:33      20    0.00    0.00    0.99    0.00    0.00    0.00    0.00    0.00    0.00   99.01
16:11:33      21    0.00    0.00    0.00    0.00    0.00    0.00    0.00    0.00    0.00  100.00
16:11:33      22    6.12    0.00    1.02    0.00    0.00    0.00    0.00    0.00    0.00   92.86
16:11:33      23    0.00    0.00    0.00   21.43    0.00    0.00    0.00    0.00    0.00   78.57
16:11:33      24    2.97    0.00    1.98    0.00    0.00    0.00    0.00    0.00    0.00   95.05
16:11:33      25    3.00    0.00    3.00    0.00    0.00    0.00    0.00    0.00    0.00   94.00
16:11:33      26    3.00    0.00    3.00    0.00    0.00    0.00    0.00    0.00    0.00   94.00
16:11:33      27    2.00    0.00    2.00    0.00    0.00    0.00    0.00    0.00    0.00   96.00
16:11:33      28    0.00    0.00    1.01    0.00    0.00    0.00    0.00    0.00    0.00   98.99
16:11:33      29    1.00    0.00    0.00    0.00    0.00    0.00    0.00    0.00    0.00   99.00
16:11:33      30    0.00    0.00    0.00    0.00    0.00    0.00    0.00    0.00    0.00  100.00
16:11:33      31    1.00    0.00    1.00    0.00    0.00    0.00    0.00    0.00    0.00   98.00
16:11:33      32    0.99    0.00    0.99    0.00    0.00    0.00    0.00    0.00    0.00   98.02
16:11:33      33    0.00    0.00    0.00    0.00    0.00    0.00    0.00    0.00    0.00  100.00
16:11:33      34    5.00    0.00    0.00    0.00    0.00    0.00    0.00    0.00    0.00   95.00
16:11:33      35    0.00    0.00    0.00    0.00    0.00    0.00    0.00    0.00    0.00  100.00
16:11:33      36    0.00    0.00    0.00    0.00    0.00    0.00    0.00    0.00    0.00  100.00
16:11:33      37    0.00    0.00    0.00    0.00    0.00    0.00    0.00    0.00    0.00  100.00
16:11:33      38    2.00    0.00    0.00    0.00    0.00    0.00    0.00    0.00    0.00   98.00
16:11:33      39    0.98    0.00    0.98    0.00    0.00    0.00    0.00    0.00    0.00   98.04
16:11:33      40    0.00    0.00    0.00    0.00    0.00    0.00    0.00    0.00    0.00  100.00
16:11:33      41    0.00    0.00    0.00    0.00    0.00    0.00    0.00    0.00    0.00  100.00
16:11:33      42    0.00    0.00    0.99    0.00    0.00    0.00    0.00    0.00    0.00   99.01
16:11:33      43    0.00    0.00    0.00    0.00    0.00    0.00    0.00    0.00    0.00  100.00
16:11:33      44    0.00    0.00    0.00    0.00    0.00    0.00    0.00    0.00    0.00  100.00
16:11:33      45    0.00    0.00    0.00    0.00    0.00    0.00    0.00    0.00    0.00  100.00
16:11:33      46    0.00    0.00    0.00    0.00    0.00    0.00    0.00    0.00    0.00  100.00
16:11:33      47    1.00    0.00    0.00    0.00    0.00    0.00    0.00    0.00    0.00   99.00
16:11:33      48    0.00    0.00    0.00    0.00    0.00    0.00    0.00    0.00    0.00  100.00
16:11:33      49    0.00    0.00    0.00    0.00    0.00    0.00    0.00    0.00    0.00  100.00
16:11:33      50    0.00    0.00    0.00    0.00    0.00    0.00    0.00    0.00    0.00  100.00
16:11:33      51    0.00    0.00    0.00    0.00    0.00    0.00    0.00    0.00    0.00  100.00
16:11:33      52    0.00    0.00    0.00    0.00    0.00    0.00    0.00    0.00    0.00  100.00
16:11:33      53    1.00    0.00    1.00    0.00    0.00    0.00    0.00    0.00    0.00   98.00
16:11:33      54    0.00    0.00    1.00    0.00    0.00    0.00    0.00    0.00    0.00   99.00
16:11:33      55    0.00    0.00    0.00    0.00    0.00    0.00    0.00    0.00    0.00  100.00
16:11:33      56    0.00    0.00    0.00    0.00    0.00    0.00    0.00    0.00    0.00  100.00
16:11:33      57    1.00    0.00    0.00    0.00    0.00    0.00    0.00    0.00    0.00   99.00
16:11:33      58    1.98    0.00    0.00    0.00    0.00    0.00    0.00    0.00    0.00   98.02
16:11:33      59    0.00    0.00    0.00    0.00    0.00    0.00    0.00    0.00    0.00  100.00
16:11:33      60    0.00    0.00    0.00    0.00    0.00    0.00    0.00    0.00    0.00  100.00
16:11:33      61    0.00    0.00    0.00    0.00    0.00    0.00    0.00    0.00    0.00  100.00
16:11:33      62    0.00    0.00    0.00    0.00    0.00    0.00    0.00    0.00    0.00  100.00
16:11:33      63    0.00    0.00    0.00    0.00    0.00    0.00    0.00    0.00    0.00  100.00
16:11:33      64    0.00    0.00    0.00    0.00    0.00    0.00    0.00    0.00    0.00  100.00
16:11:33      65    0.99    0.00    0.99    0.00    0.00    0.00    0.00    0.00    0.00   98.02
16:11:33      66    0.99    0.00    0.99    0.00    0.00    0.00    0.00    0.00    0.00   98.02
16:11:33      67    0.00    0.00    0.00    0.00    0.00    0.00    0.00    0.00    0.00  100.00
16:11:33      68    0.00    0.00    0.00    0.00    0.00    0.00    0.00    0.00    0.00  100.00
16:11:33      69    0.00    0.00    0.00    0.00    0.00    0.00    0.00    0.00    0.00  100.00
16:11:33      70    0.00    0.00    0.00    0.00    0.00    0.00    0.00    0.00    0.00  100.00
16:11:33      71    0.00    0.00    0.00    0.00    0.00    0.00    0.00    0.00    0.00  100.00

16:11:33     CPU    %usr   %nice    %sys %iowait    %irq   %soft  %steal  %guest  %gnice   %idle
16:11:34     all    0.64    0.00    0.39    0.33    0.00    0.01    0.00    0.00    0.00   98.62
16:11:34       0    1.01    0.00    1.01    0.00    0.00    0.00    0.00    0.00    0.00   97.98
16:11:34       1    0.00    0.00    0.00    0.00    0.00    0.00    0.00    0.00    0.00  100.00
16:11:34       2    0.00    0.00    0.00    0.00    0.00    0.00    0.00    0.00    0.00  100.00
16:11:34       3    0.00    0.00    0.00    0.00    0.00    0.00    0.00    0.00    0.00  100.00
16:11:34       4    0.00    0.00    0.00    0.00    0.00    0.00    0.00    0.00    0.00  100.00
16:11:34       5    1.00    0.00    0.00    0.00    0.00    0.00    0.00    0.00    0.00   99.00
16:11:34       6    0.00    0.00    0.00    0.00    0.00    0.00    0.00    0.00    0.00  100.00
16:11:34       7    0.00    0.00    0.00    0.00    0.00    0.00    0.00    0.00    0.00  100.00
16:11:34       8    0.00    0.00    0.00    0.00    0.00    0.00    0.00    0.00    0.00  100.00
16:11:34       9    0.00    0.00    0.00    0.00    0.00    0.00    0.00    0.00    0.00  100.00
16:11:34      10    0.00    0.00    0.00    0.00    0.00    0.00    0.00    0.00    0.00  100.00
16:11:34      11    0.00    0.00    0.00    0.00    0.00    0.00    0.00    0.00    0.00  100.00
16:11:34      12    0.00    0.00    0.00    0.00    0.00    0.00    0.00    0.00    0.00  100.00
16:11:34      13    0.00    0.00    0.00    0.00    0.00    0.00    0.00    0.00    0.00  100.00
16:11:34      14    0.00    0.00    0.00    0.00    0.00    0.00    0.00    0.00    0.00  100.00
16:11:34      15    0.00    0.00    0.00    0.00    0.00    0.00    0.00    0.00    0.00  100.00
16:11:34      16    1.00    0.00    0.00    0.00    0.00    0.00    0.00    0.00    0.00   99.00
16:11:34      17    0.00    0.00    0.00    0.00    0.00    0.00    0.00    0.00    0.00  100.00
16:11:34      18    4.00    0.00    7.00    0.00    0.00    0.00    0.00    0.00    0.00   89.00
16:11:34      19    0.00    0.00    1.01    0.00    0.00    0.00    0.00    0.00    0.00   98.99
16:11:34      20    0.00    0.00    0.00    0.00    0.00    0.00    0.00    0.00    0.00  100.00
16:11:34      21    0.99    0.00    0.00    0.00    0.00    0.00    0.00    0.00    0.00   99.01
16:11:34      22    3.96    0.00    1.98    3.96    0.00    0.00    0.00    0.00    0.00   90.10
16:11:34      23    1.96    0.00    1.96   17.65    0.00    0.98    0.00    0.00    0.00   77.45
16:11:34      24    3.00    0.00    2.00    1.00    0.00    0.00    0.00    0.00    0.00   94.00
16:11:34      25    1.01    0.00    1.01    0.00    0.00    0.00    0.00    0.00    0.00   97.98
16:11:34      26    9.00    0.00    1.00    0.00    0.00    0.00    0.00    0.00    0.00   90.00
16:11:34      27    1.01    0.00    0.00    1.01    0.00    0.00    0.00    0.00    0.00   97.98
16:11:34      28    0.00    0.00    0.00    0.00    0.00    0.00    0.00    0.00    0.00  100.00
16:11:34      29    1.00    0.00    0.00    0.00    0.00    0.00    0.00    0.00    0.00   99.00
16:11:34      30    0.00    0.00    0.00    0.00    0.00    0.00    0.00    0.00    0.00  100.00
16:11:34      31    1.00    0.00    0.00    0.00    0.00    0.00    0.00    0.00    0.00   99.00
16:11:34      32    0.00    0.00    0.00    0.00    0.00    0.00    0.00    0.00    0.00  100.00
16:11:34      33    0.00    0.00    0.00    0.00    0.00    0.00    0.00    0.00    0.00  100.00
16:11:34      34    5.00    0.00    2.00    0.00    0.00    0.00    0.00    0.00    0.00   93.00
16:11:34      35    2.02    0.00    0.00    0.00    0.00    0.00    0.00    0.00    0.00   97.98
16:11:34      36    1.01    0.00    1.01    0.00    0.00    0.00    0.00    0.00    0.00   97.98
16:11:34      37    2.00    0.00    2.00    0.00    0.00    0.00    0.00    0.00    0.00   96.00
16:11:34      38    0.00    0.00    0.00    0.00    0.00    0.00    0.00    0.00    0.00  100.00
16:11:34      39    0.00    0.00    0.00    0.00    0.00    0.00    0.00    0.00    0.00  100.00
16:11:34      40    1.01    0.00    0.00    0.00    0.00    0.00    0.00    0.00    0.00   98.99
16:11:34      41    0.00    0.00    0.00    0.00    0.00    0.00    0.00    0.00    0.00  100.00
16:11:34      42    0.00    0.00    0.00    0.00    0.00    0.00    0.00    0.00    0.00  100.00
16:11:34      43    0.00    0.00    3.00    0.00    0.00    0.00    0.00    0.00    0.00   97.00
16:11:34      44    0.00    0.00    0.00    0.00    0.00    0.00    0.00    0.00    0.00  100.00
16:11:34      45    0.99    0.00    0.00    0.00    0.00    0.00    0.00    0.00    0.00   99.01
16:11:34      46    0.00    0.00    0.00    0.00    0.00    0.00    0.00    0.00    0.00  100.00
16:11:34      47    0.00    0.00    0.00    0.00    0.00    0.00    0.00    0.00    0.00  100.00
16:11:34      48    0.00    0.00    0.00    0.00    0.00    0.00    0.00    0.00    0.00  100.00
16:11:34      49    0.00    0.00    0.00    0.00    0.00    0.00    0.00    0.00    0.00  100.00
16:11:34      50    0.00    0.00    0.00    0.00    0.00    0.00    0.00    0.00    0.00  100.00
16:11:34      51    0.00    0.00    0.00    0.00    0.00    0.00    0.00    0.00    0.00  100.00
16:11:34      52    0.00    0.00    0.99    0.00    0.00    0.00    0.00    0.00    0.00   99.01
16:11:34      53    0.00    0.00    2.00    0.00    0.00    0.00    0.00    0.00    0.00   98.00
16:11:34      54    0.00    0.00    0.00    0.00    0.00    0.00    0.00    0.00    0.00  100.00
16:11:34      55    0.00    0.00    0.00    0.00    0.00    0.00    0.00    0.00    0.00  100.00
16:11:34      56    1.00    0.00    0.00    0.00    0.00    0.00    0.00    0.00    0.00   99.00
16:11:34      57    0.00    0.00    0.00    0.00    0.00    0.00    0.00    0.00    0.00  100.00
16:11:34      58    1.00    0.00    0.00    0.00    0.00    0.00    0.00    0.00    0.00   99.00
16:11:34      59    0.00    0.00    0.00    0.00    0.00    0.00    0.00    0.00    0.00  100.00
16:11:34      60    0.00    0.00    0.00    0.00    0.00    0.00    0.00    0.00    0.00  100.00
16:11:34      61    0.00    0.00    0.00    0.00    0.00    0.00    0.00    0.00    0.00  100.00
16:11:34      62    0.00    0.00    0.00    0.00    0.00    0.00    0.00    0.00    0.00  100.00
16:11:34      63    0.00    0.00    0.00    0.00    0.00    0.00    0.00    0.00    0.00  100.00
16:11:34      64    0.00    0.00    0.00    0.00    0.00    0.00    0.00    0.00    0.00  100.00
16:11:34      65    0.00    0.00    0.00    0.00    0.00    0.00    0.00    0.00    0.00  100.00
16:11:34      66    0.00    0.00    0.00    0.00    0.00    0.00    0.00    0.00    0.00  100.00
16:11:34      67    0.00    0.00    0.00    0.00    0.00    0.00    0.00    0.00    0.00  100.00
16:11:34      68    0.00    0.00    0.00    0.00    0.00    0.00    0.00    0.00    0.00  100.00
16:11:34      69    0.00    0.00    0.00    0.00    0.00    0.00    0.00    0.00    0.00  100.00
16:11:34      70    2.00    0.00    0.00    0.00    0.00    0.00    0.00    0.00    0.00   98.00
16:11:34      71    0.00    0.00    0.00    0.00    0.00    0.00    0.00    0.00    0.00  100.00

16:11:34     CPU    %usr   %nice    %sys %iowait    %irq   %soft  %steal  %guest  %gnice   %idle
16:11:35     all    0.78    0.00    0.43    0.28    0.00    0.00    0.00    0.00    0.00   98.51
16:11:35       0    0.00    0.00    0.00    0.00    0.00    0.00    0.00    0.00    0.00  100.00
16:11:35       1    1.96    0.00    0.98    0.00    0.00    0.00    0.00    0.00    0.00   97.06
16:11:35       2    1.01    0.00    0.00    0.00    0.00    0.00    0.00    0.00    0.00   98.99
16:11:35       3    0.00    0.00    0.00    0.00    0.00    0.00    0.00    0.00    0.00  100.00
16:11:35       4    5.00    0.00    0.00    0.00    0.00    0.00    0.00    0.00    0.00   95.00
16:11:35       5    0.00    0.00    0.00    0.00    0.00    0.00    0.00    0.00    0.00  100.00
16:11:35       6    0.00    0.00    0.00    0.00    0.00    0.00    0.00    0.00    0.00  100.00
16:11:35       7    0.00    0.00    0.00    0.00    0.00    0.00    0.00    0.00    0.00  100.00
16:11:35       8    0.00    0.00    0.00    0.00    0.00    0.00    0.00    0.00    0.00  100.00
16:11:35       9    0.00    0.00    0.00    0.00    0.00    0.00    0.00    0.00    0.00  100.00
16:11:35      10    0.00    0.00    0.00    0.00    0.00    0.00    0.00    0.00    0.00  100.00
16:11:35      11    0.00    0.00    0.00    0.00    0.00    0.00    0.00    0.00    0.00  100.00
16:11:35      12    0.00    0.00    0.00    0.00    0.00    0.00    0.00    0.00    0.00  100.00
16:11:35      13    0.00    0.00    0.00    0.00    0.00    0.00    0.00    0.00    0.00  100.00
16:11:35      14    0.00    0.00    0.00    0.00    0.00    0.00    0.00    0.00    0.00  100.00
16:11:35      15    0.00    0.00    0.00    0.00    0.00    0.00    0.00    0.00    0.00  100.00
16:11:35      16    0.00    0.00    0.00    0.00    0.00    0.00    0.00    0.00    0.00  100.00
16:11:35      17    0.00    0.00    0.00    0.00    0.00    0.00    0.00    0.00    0.00  100.00
16:11:35      18    6.12    0.00    6.12    0.00    0.00    0.00    0.00    0.00    0.00   87.76
16:11:35      19    1.00    0.00    0.00    0.00    0.00    0.00    0.00    0.00    0.00   99.00
16:11:35      20    1.00    0.00    1.00    0.00    0.00    0.00    0.00    0.00    0.00   98.00
16:11:35      21    0.00    0.00    1.00    0.00    0.00    0.00    0.00    0.00    0.00   99.00
16:11:35      22   13.13    0.00    2.02    0.00    0.00    0.00    0.00    0.00    0.00   84.85
16:11:35      23    2.00    0.00    0.00    2.00    0.00    0.00    0.00    0.00    0.00   96.00
16:11:35      24    2.00    0.00    2.00    0.00    0.00    0.00    0.00    0.00    0.00   96.00
16:11:35      25    0.99    0.00    0.99    0.00    0.00    0.00    0.00    0.00    0.00   98.02
16:11:35      26    3.00    0.00    1.00    0.00    0.00    0.00    0.00    0.00    0.00   96.00
16:11:35      27    2.00    0.00    0.00    0.00    0.00    0.00    0.00    0.00    0.00   98.00
16:11:35      28    0.00    0.00    0.00    0.00    0.00    0.00    0.00    0.00    0.00  100.00
16:11:35      29    1.00    0.00    0.00    0.00    0.00    0.00    0.00    0.00    0.00   99.00
16:11:35      30    0.99    0.00    0.99    0.00    0.00    0.00    0.00    0.00    0.00   98.02
16:11:35      31    0.00    0.00    0.00    0.00    0.00    0.00    0.00    0.00    0.00  100.00
16:11:35      32    0.00    0.00    0.00    0.00    0.00    0.00    0.00    0.00    0.00  100.00
16:11:35      33    0.00    0.00    0.00    0.00    0.00    0.00    0.00    0.00    0.00  100.00
16:11:35      34    3.03    0.00    1.01    0.00    0.00    0.00    0.00    0.00    0.00   95.96
16:11:35      35    2.02    0.00    2.02    0.00    0.00    0.00    0.00    0.00    0.00   95.96
16:11:35      36    1.00    0.00    0.00    0.00    0.00    0.00    0.00    0.00    0.00   99.00
16:11:35      37    1.00    0.00    0.00    0.00    0.00    0.00    0.00    0.00    0.00   99.00
16:11:35      38    2.00    0.00    2.00    1.00    0.00    0.00    0.00    0.00    0.00   95.00
16:11:35      39    1.01    0.00    2.02    0.00    0.00    0.00    0.00    0.00    0.00   96.97
16:11:35      40    0.00    0.00    1.01    0.00    0.00    0.00    0.00    0.00    0.00   98.99
16:11:35      41    2.00    0.00    0.00    0.00    0.00    0.00    0.00    0.00    0.00   98.00
16:11:35      42    2.00    0.00    1.00    0.00    0.00    0.00    0.00    0.00    0.00   97.00
16:11:35      43    0.00    0.00    1.00    0.00    0.00    0.00    0.00    0.00    0.00   99.00
16:11:35      44    0.00    0.00    2.02    0.00    0.00    0.00    0.00    0.00    0.00   97.98
16:11:35      45    0.00    0.00    0.00    0.00    0.00    0.00    0.00    0.00    0.00  100.00
16:11:35      46    0.00    0.00    1.00    0.00    0.00    0.00    0.00    0.00    0.00   99.00
16:11:35      47    0.00    0.00    0.99    0.00    0.00    0.00    0.00    0.00    0.00   99.01
16:11:35      48    0.00    0.00    0.00    0.00    0.00    0.00    0.00    0.00    0.00  100.00
16:11:35      49    0.00    0.00    0.00    0.00    0.00    0.00    0.00    0.00    0.00  100.00
16:11:35      50    0.00    0.00    0.00    0.00    0.00    0.00    0.00    0.00    0.00  100.00
16:11:35      51    0.00    0.00    0.00    0.00    0.00    0.00    0.00    0.00    0.00  100.00
16:11:35      52    0.00    0.00    0.00    0.00    0.00    0.00    0.00    0.00    0.00  100.00
16:11:35      53    0.00    0.00    0.00    0.00    0.00    0.00    0.00    0.00    0.00  100.00
16:11:35      54    0.00    0.00    0.00    0.00    0.00    0.00    0.00    0.00    0.00  100.00
16:11:35      55    0.00    0.00    0.00    0.00    0.00    0.00    0.00    0.00    0.00  100.00
16:11:35      56    0.99    0.00    0.99    0.00    0.00    0.00    0.00    0.00    0.00   98.02
16:11:35      57    0.00    0.00    0.00    0.00    0.00    0.00    0.00    0.00    0.00  100.00
16:11:35      58    0.00    0.00    0.00    0.00    0.00    0.00    0.00    0.00    0.00  100.00
16:11:35      59    0.00    0.00    0.00   17.17    0.00    0.00    0.00    0.00    0.00   82.83
16:11:35      60    0.00    0.00    0.00    0.00    0.00    0.00    0.00    0.00    0.00  100.00
16:11:35      61    0.00    0.00    0.00    0.00    0.00    0.00    0.00    0.00    0.00  100.00
16:11:35      62    0.00    0.00    0.00    0.00    0.00    0.00    0.00    0.00    0.00  100.00
16:11:35      63    0.00    0.00    0.00    0.00    0.00    0.00    0.00    0.00    0.00  100.00
16:11:35      64    0.00    0.00    0.00    0.00    0.00    0.00    0.00    0.00    0.00  100.00
16:11:35      65    0.00    0.00    0.00    0.00    0.00    0.00    0.00    0.00    0.00  100.00
16:11:35      66    0.00    0.00    0.00    0.00    0.00    0.00    0.00    0.00    0.00  100.00
16:11:35      67    0.00    0.00    0.00    0.00    0.00    0.00    0.00    0.00    0.00  100.00
16:11:35      68    0.00    0.00    0.00    0.00    0.00    0.00    0.00    0.00    0.00  100.00
16:11:35      69    0.00    0.00    0.00    0.00    0.00    0.00    0.00    0.00    0.00  100.00
16:11:35      70    0.00    0.00    0.00    0.00    0.00    0.00    0.00    0.00    0.00  100.00
16:11:35      71    0.00    0.00    0.00    0.00    0.00    0.00    0.00    0.00    0.00  100.00

16:11:35     CPU    %usr   %nice    %sys %iowait    %irq   %soft  %steal  %guest  %gnice   %idle
16:11:36     all    0.63    0.00    0.38    0.31    0.00    0.01    0.00    0.00    0.00   98.68
16:11:36       0    0.00    0.00    0.00    0.00    0.00    0.00    0.00    0.00    0.00  100.00
16:11:36       1    0.00    0.00    0.00    0.00    0.00    0.00    0.00    0.00    0.00  100.00
16:11:36       2    2.00    0.00    1.00    0.00    0.00    0.00    0.00    0.00    0.00   97.00
16:11:36       3    0.00    0.00    0.00    0.00    0.00    0.00    0.00    0.00    0.00  100.00
16:11:36       4    0.00    0.00    0.00    0.00    0.00    0.00    0.00    0.00    0.00  100.00
16:11:36       5    0.00    0.00    0.00    0.00    0.00    0.00    0.00    0.00    0.00  100.00
16:11:36       6    0.00    0.00    0.00    0.00    0.00    0.00    0.00    0.00    0.00  100.00
16:11:36       7    0.00    0.00    0.00    0.00    0.00    0.00    0.00    0.00    0.00  100.00
16:11:36       8    0.99    0.00    0.00    0.00    0.00    0.00    0.00    0.00    0.00   99.01
16:11:36       9    0.00    0.00    0.00    0.00    0.00    0.00    0.00    0.00    0.00  100.00
16:11:36      10    0.99    0.00    0.99    0.00    0.00    0.00    0.00    0.00    0.00   98.02
16:11:36      11    0.00    0.00    0.00    0.00    0.00    0.00    0.00    0.00    0.00  100.00
16:11:36      12    0.00    0.00    0.00    0.00    0.00    0.00    0.00    0.00    0.00  100.00
16:11:36      13    0.00    0.00    0.00    0.00    0.00    0.00    0.00    0.00    0.00  100.00
16:11:36      14    0.00    0.00    0.00    0.00    0.00    0.00    0.00    0.00    0.00  100.00
16:11:36      15    0.00    0.00    0.00    0.00    0.00    0.00    0.00    0.00    0.00  100.00
16:11:36      16    1.00    0.00    0.00    0.00    0.00    0.00    0.00    0.00    0.00   99.00
16:11:36      17    0.00    0.00    0.00    0.00    0.00    0.00    0.00    0.00    0.00  100.00
16:11:36      18   10.00    0.00    7.00    0.00    0.00    0.00    0.00    0.00    0.00   83.00
16:11:36      19    3.96    0.00    0.99    0.00    0.00    0.00    0.00    0.00    0.00   95.05
16:11:36      20    0.00    0.00    0.00    0.00    0.00    0.00    0.00    0.00    0.00  100.00
16:11:36      21    0.00    0.00    0.00    0.00    0.00    0.00    0.00    0.00    0.00  100.00
16:11:36      22    4.95    0.00    1.98    0.99    0.00    0.00    0.00    0.00    0.00   92.08
16:11:36      23    1.01    0.00    0.00    0.00    0.00    0.00    0.00    0.00    0.00   98.99
16:11:36      24    1.01    0.00    0.00    0.00    0.00    0.00    0.00    0.00    0.00   98.99
16:11:36      25    3.00    0.00    2.00    1.00    0.00    0.00    0.00    0.00    0.00   94.00
16:11:36      26    3.00    0.00    2.00    1.00    0.00    1.00    0.00    0.00    0.00   93.00
16:11:36      27    2.00    0.00    1.00    0.00    0.00    0.00    0.00    0.00    0.00   97.00
16:11:36      28    0.00    0.00    1.01    0.00    0.00    0.00    0.00    0.00    0.00   98.99
16:11:36      29    0.00    0.00    0.00    0.00    0.00    0.00    0.00    0.00    0.00  100.00
16:11:36      30    0.00    0.00    1.01    0.00    0.00    0.00    0.00    0.00    0.00   98.99
16:11:36      31    0.00    0.00    0.00    0.00    0.00    0.00    0.00    0.00    0.00  100.00
16:11:36      32    0.00    0.00    0.00    0.00    0.00    0.00    0.00    0.00    0.00  100.00
16:11:36      33    0.00    0.00    0.00    0.00    0.00    0.00    0.00    0.00    0.00  100.00
16:11:36      34    3.00    0.00    1.00    0.00    0.00    0.00    0.00    0.00    0.00   96.00
16:11:36      35    1.96    0.00    0.98    0.00    0.00    0.00    0.00    0.00    0.00   97.06
16:11:36      36    1.98    0.00    0.99    0.00    0.00    0.00    0.00    0.00    0.00   97.03
16:11:36      37    0.00    0.00    0.00    0.00    0.00    0.00    0.00    0.00    0.00  100.00
16:11:36      38    0.99    0.00    0.00    0.00    0.00    0.00    0.00    0.00    0.00   99.01
16:11:36      39    0.00    0.00    0.00    0.00    0.00    0.00    0.00    0.00    0.00  100.00
16:11:36      40    2.04    0.00    0.00    0.00    0.00    0.00    0.00    0.00    0.00   97.96
16:11:36      41    0.00    0.00    0.00    0.00    0.00    0.00    0.00    0.00    0.00  100.00
16:11:36      42    0.00    0.00    0.00    0.00    0.00    0.00    0.00    0.00    0.00  100.00
16:11:36      43    0.00    0.00    0.00    0.00    0.00    0.00    0.00    0.00    0.00  100.00
16:11:36      44    0.00    0.00    0.00    0.00    0.00    0.00    0.00    0.00    0.00  100.00
16:11:36      45    0.00    0.00    0.00    0.00    0.00    0.00    0.00    0.00    0.00  100.00
16:11:36      46    0.00    0.00    0.00    0.00    0.00    0.00    0.00    0.00    0.00  100.00
16:11:36      47    0.00    0.00    1.02    0.00    0.00    0.00    0.00    0.00    0.00   98.98
16:11:36      48    0.00    0.00    0.00    0.00    0.00    0.00    0.00    0.00    0.00  100.00
16:11:36      49    0.00    0.00    0.00    0.00    0.00    0.00    0.00    0.00    0.00  100.00
16:11:36      50    0.00    0.00    0.00    0.00    0.00    0.00    0.00    0.00    0.00  100.00
16:11:36      51    0.00    0.00    0.00    0.00    0.00    0.00    0.00    0.00    0.00  100.00
16:11:36      52    0.00    0.00    0.99    0.00    0.00    0.00    0.00    0.00    0.00   99.01
16:11:36      53    0.00    0.00    1.00    0.00    0.00    0.00    0.00    0.00    0.00   99.00
16:11:36      54    0.00    0.00    0.99    0.00    0.00    0.00    0.00    0.00    0.00   99.01
16:11:36      55    0.00    0.00    0.00    0.00    0.00    0.00    0.00    0.00    0.00  100.00
16:11:36      56    0.00    0.00    0.00    0.00    0.00    0.00    0.00    0.00    0.00  100.00
16:11:36      57    0.00    0.00    0.00    0.00    0.00    0.00    0.00    0.00    0.00  100.00
16:11:36      58    0.00    0.00    0.00    0.00    0.00    0.00    0.00    0.00    0.00  100.00
16:11:36      59    0.00    0.00    0.99   18.81    0.00    0.00    0.00    0.00    0.00   80.20
16:11:36      60    0.00    0.00    0.00    0.00    0.00    0.00    0.00    0.00    0.00  100.00
16:11:36      61    0.00    0.00    0.00    0.00    0.00    0.00    0.00    0.00    0.00  100.00
16:11:36      62    0.00    0.00    0.00    0.00    0.00    0.00    0.00    0.00    0.00  100.00
16:11:36      63    0.00    0.00    0.00    0.00    0.00    0.00    0.00    0.00    0.00  100.00
16:11:36      64    1.01    0.00    0.00    0.00    0.00    0.00    0.00    0.00    0.00   98.99
16:11:36      65    0.00    0.00    0.00    0.00    0.00    0.00    0.00    0.00    0.00  100.00
16:11:36      66    0.00    0.00    0.00    0.00    0.00    0.00    0.00    0.00    0.00  100.00
16:11:36      67    0.00    0.00    0.00    0.00    0.00    0.00    0.00    0.00    0.00  100.00
16:11:36      68    0.00    0.00    0.00    0.00    0.00    0.00    0.00    0.00    0.00  100.00
16:11:36      69    0.00    0.00    0.00    0.00    0.00    0.00    0.00    0.00    0.00  100.00
16:11:36      70    0.00    0.00    0.00    0.00    0.00    0.00    0.00    0.00    0.00  100.00
16:11:36      71    0.00    0.00    0.00    0.00    0.00    0.00    0.00    0.00    0.00  100.00

16:11:36     CPU    %usr   %nice    %sys %iowait    %irq   %soft  %steal  %guest  %gnice   %idle
16:11:37     all    0.56    0.00    0.42    0.33    0.00    0.00    0.00    0.00    0.00   98.69
16:11:37       0    1.01    0.00    1.01    0.00    0.00    0.00    0.00    0.00    0.00   97.98
16:11:37       1    0.00    0.00    0.00    0.00    0.00    0.00    0.00    0.00    0.00  100.00
16:11:37       2    0.00    0.00    0.00    0.00    0.00    0.00    0.00    0.00    0.00  100.00
16:11:37       3    0.00    0.00    0.00    0.00    0.00    0.00    0.00    0.00    0.00  100.00
16:11:37       4    0.00    0.00    0.00    0.00    0.00    0.00    0.00    0.00    0.00  100.00
16:11:37       5    0.00    0.00    0.00    0.00    0.00    0.00    0.00    0.00    0.00  100.00
16:11:37       6    0.00    0.00    0.00    0.00    0.00    0.00    0.00    0.00    0.00  100.00
16:11:37       7    0.00    0.00    0.00    0.00    0.00    0.00    0.00    0.00    0.00  100.00
16:11:37       8    0.00    0.00    0.00    0.00    0.00    0.00    0.00    0.00    0.00  100.00
16:11:37       9    0.00    0.00    0.00    0.00    0.00    0.00    0.00    0.00    0.00  100.00
16:11:37      10    0.00    0.00    0.00    0.00    0.00    0.00    0.00    0.00    0.00  100.00
16:11:37      11    0.00    0.00    0.00    0.00    0.00    0.00    0.00    0.00    0.00  100.00
16:11:37      12    0.00    0.00    0.00    0.00    0.00    0.00    0.00    0.00    0.00  100.00
16:11:37      13    0.00    0.00    0.00    0.00    0.00    0.00    0.00    0.00    0.00  100.00
16:11:37      14    0.00    0.00    0.00    0.00    0.00    0.00    0.00    0.00    0.00  100.00
16:11:37      15    0.00    0.00    0.00    0.00    0.00    0.00    0.00    0.00    0.00  100.00
16:11:37      16    0.00    0.00    0.00    0.00    0.00    0.00    0.00    0.00    0.00  100.00
16:11:37      17    0.00    0.00    0.00    0.00    0.00    0.00    0.00    0.00    0.00  100.00
16:11:37      18    6.00    0.00    8.00    1.00    0.00    0.00    0.00    0.00    0.00   85.00
16:11:37      19    1.01    0.00    0.00    0.00    0.00    0.00    0.00    0.00    0.00   98.99
16:11:37      20    0.99    0.00    0.00    0.00    0.00    0.00    0.00    0.00    0.00   99.01
16:11:37      21    1.00    0.00    0.00    0.00    0.00    0.00    0.00    0.00    0.00   99.00
16:11:37      22    6.19    0.00    2.06    0.00    0.00    0.00    0.00    0.00    0.00   91.75
16:11:37      23    2.00    0.00    0.00    0.00    0.00    0.00    0.00    0.00    0.00   98.00
16:11:37      24    3.00    0.00    2.00    0.00    0.00    0.00    0.00    0.00    0.00   95.00
16:11:37      25    0.00    0.00    0.00    0.00    0.00    0.00    0.00    0.00    0.00  100.00
16:11:37      26    3.00    0.00    1.00    0.00    0.00    0.00    0.00    0.00    0.00   96.00
16:11:37      27    1.01    0.00    0.00    0.00    0.00    0.00    0.00    0.00    0.00   98.99
16:11:37      28    1.98    0.00    0.99    0.00    0.00    0.00    0.00    0.00    0.00   97.03
16:11:37      29    0.99    0.00    0.99    0.00    0.00    0.00    0.00    0.00    0.00   98.02
16:11:37      30    0.00    0.00    0.00    0.00    0.00    0.00    0.00    0.00    0.00  100.00
16:11:37      31    0.00    0.00    0.00    0.00    0.00    0.00    0.00    0.00    0.00  100.00
16:11:37      32    0.00    0.00    0.00    0.00    0.00    0.00    0.00    0.00    0.00  100.00
16:11:37      33    0.00    0.00    0.00    0.00    0.00    0.00    0.00    0.00    0.00  100.00
16:11:37      34    1.00    0.00    1.00    0.00    0.00    0.00    0.00    0.00    0.00   98.00
16:11:37      35    2.04    0.00    1.02    0.00    0.00    0.00    0.00    0.00    0.00   96.94
16:11:37      36    1.00    0.00    0.00    0.00    0.00    0.00    0.00    0.00    0.00   99.00
16:11:37      37    1.00    0.00    0.00    0.00    0.00    0.00    0.00    0.00    0.00   99.00
16:11:37      38    0.99    0.00    0.99    0.00    0.00    0.00    0.00    0.00    0.00   98.02
16:11:37      39    1.00    0.00    2.00    0.00    0.00    0.00    0.00    0.00    0.00   97.00
16:11:37      40    0.00    0.00    0.00    0.00    0.00    0.00    0.00    0.00    0.00  100.00
16:11:37      41    0.00    0.00    0.00    0.00    0.00    0.00    0.00    0.00    0.00  100.00
16:11:37      42    0.00    0.00    0.00    0.00    0.00    0.00    0.00    0.00    0.00  100.00
16:11:37      43    0.00    0.00    0.99    0.00    0.00    0.00    0.00    0.00    0.00   99.01
16:11:37      44    0.00    0.00    0.00    0.00    0.00    0.00    0.00    0.00    0.00  100.00
16:11:37      45    0.00    0.00    0.00    0.00    0.00    0.00    0.00    0.00    0.00  100.00
16:11:37      46    0.00    0.00    0.00    0.00    0.00    0.00    0.00    0.00    0.00  100.00
16:11:37      47    1.00    0.00    3.00    0.00    0.00    0.00    0.00    0.00    0.00   96.00
16:11:37      48    0.00    0.00    0.00    0.00    0.00    0.00    0.00    0.00    0.00  100.00
16:11:37      49    0.00    0.00    0.00    0.00    0.00    0.00    0.00    0.00    0.00  100.00
16:11:37      50    0.00    0.00    0.00    0.00    0.00    0.00    0.00    0.00    0.00  100.00
16:11:37      51    0.00    0.00    0.00    0.00    0.00    0.00    0.00    0.00    0.00  100.00
16:11:37      52    0.00    0.00    0.00    0.00    0.00    0.00    0.00    0.00    0.00  100.00
16:11:37      53    0.00    0.00    1.00    0.00    0.00    0.00    0.00    0.00    0.00   99.00
16:11:37      54    0.00    0.00    0.00    0.00    0.00    0.00    0.00    0.00    0.00  100.00
16:11:37      55    0.00    0.00    1.00    0.00    0.00    0.00    0.00    0.00    0.00   99.00
16:11:37      56    0.00    0.00    0.00    0.00    0.00    0.00    0.00    0.00    0.00  100.00
16:11:37      57    0.00    0.00    0.00    0.00    0.00    0.00    0.00    0.00    0.00  100.00
16:11:37      58    0.00    0.00    0.00    0.00    0.00    0.00    0.00    0.00    0.00  100.00
16:11:37      59    0.00    0.00    0.00   23.00    0.00    0.00    0.00    0.00    0.00   77.00
16:11:37      60    0.00    0.00    0.00    0.00    0.00    0.00    0.00    0.00    0.00  100.00
16:11:37      61    1.01    0.00    0.00    0.00    0.00    0.00    0.00    0.00    0.00   98.99
16:11:37      62    0.99    0.00    0.00    0.00    0.00    0.00    0.00    0.00    0.00   99.01
16:11:37      63    0.00    0.00    0.00    0.00    0.00    0.00    0.00    0.00    0.00  100.00
16:11:37      64    0.99    0.00    1.98    0.00    0.00    0.00    0.00    0.00    0.00   97.03
16:11:37      65    0.00    0.00    0.00    0.00    0.00    0.00    0.00    0.00    0.00  100.00
16:11:37      66    0.00    0.00    0.00    0.00    0.00    0.00    0.00    0.00    0.00  100.00
16:11:37      67    0.00    0.00    0.00    0.00    0.00    0.00    0.00    0.00    0.00  100.00
16:11:37      68    0.00    0.00    0.00    0.00    0.00    0.00    0.00    0.00    0.00  100.00
16:11:37      69    0.00    0.00    0.99    0.00    0.00    0.00    0.00    0.00    0.00   99.01
16:11:37      70    0.99    0.00    0.00    0.00    0.00    0.00    0.00    0.00    0.00   99.01
16:11:37      71    0.00    0.00    0.00    0.00    0.00    0.00    0.00    0.00    0.00  100.00

16:11:37     CPU    %usr   %nice    %sys %iowait    %irq   %soft  %steal  %guest  %gnice   %idle
16:11:38     all    0.82    0.00    0.45    0.26    0.00    0.01    0.00    0.00    0.00   98.46
16:11:38       0    0.00    0.00    0.00    0.00    0.00    0.00    0.00    0.00    0.00  100.00
16:11:38       1    0.00    0.00    0.00    0.00    0.00    0.00    0.00    0.00    0.00  100.00
16:11:38       2    0.00    0.00    0.00    0.00    0.00    0.00    0.00    0.00    0.00  100.00
16:11:38       3    0.00    0.00    0.00    0.00    0.00    0.00    0.00    0.00    0.00  100.00
16:11:38       4    0.00    0.00    0.00    0.00    0.00    0.00    0.00    0.00    0.00  100.00
16:11:38       5    0.00    0.00    0.00    0.00    0.00    0.00    0.00    0.00    0.00  100.00
16:11:38       6    0.00    0.00    0.00    0.00    0.00    0.00    0.00    0.00    0.00  100.00
16:11:38       7    0.00    0.00    0.00    0.00    0.00    0.00    0.00    0.00    0.00  100.00
16:11:38       8    0.00    0.00    0.00    0.00    0.00    0.00    0.00    0.00    0.00  100.00
16:11:38       9    0.99    0.00    0.00    0.00    0.00    0.00    0.00    0.00    0.00   99.01
16:11:38      10    0.00    0.00    0.00    0.00    0.00    0.00    0.00    0.00    0.00  100.00
16:11:38      11    0.00    0.00    1.00    0.00    0.00    0.00    0.00    0.00    0.00   99.00
16:11:38      12    0.00    0.00    0.00    0.00    0.00    0.00    0.00    0.00    0.00  100.00
16:11:38      13    0.00    0.00    0.00    0.00    0.00    0.00    0.00    0.00    0.00  100.00
16:11:38      14    0.00    0.00    0.00    0.00    0.00    0.00    0.00    0.00    0.00  100.00
16:11:38      15    0.00    0.00    0.00    0.00    0.00    0.00    0.00    0.00    0.00  100.00
16:11:38      16    0.99    0.00    0.00    0.00    0.00    0.00    0.00    0.00    0.00   99.01
16:11:38      17    0.00    0.00    0.00    0.00    0.00    0.00    0.00    0.00    0.00  100.00
16:11:38      18   20.41    0.00    4.08    0.00    0.00    0.00    0.00    0.00    0.00   75.51
16:11:38      19    0.00    0.00    1.01    0.00    0.00    0.00    0.00    0.00    0.00   98.99
16:11:38      20    0.00    0.00    0.00    0.00    0.00    0.00    0.00    0.00    0.00  100.00
16:11:38      21    0.00    0.00    1.00    0.00    0.00    0.00    0.00    0.00    0.00   99.00
16:11:38      22    4.90    0.00    3.92    0.98    0.00    0.00    0.00    0.00    0.00   90.20
16:11:38      23    0.99    0.00    0.99    0.00    0.00    0.00    0.00    0.00    0.00   98.02
16:11:38      24    1.00    0.00    0.00    0.00    0.00    0.00    0.00    0.00    0.00   99.00
16:11:38      25    0.99    0.00    0.99    0.00    0.00    0.00    0.00    0.00    0.00   98.02
16:11:38      26    8.08    0.00    4.04    0.00    0.00    0.00    0.00    0.00    0.00   87.88
16:11:38      27    3.00    0.00    1.00    0.00    0.00    0.00    0.00    0.00    0.00   96.00
16:11:38      28    1.00    0.00    1.00    0.00    0.00    0.00    0.00    0.00    0.00   98.00
16:11:38      29    0.00    0.00    0.00    0.00    0.00    0.00    0.00    0.00    0.00  100.00
16:11:38      30    0.99    0.00    0.99    0.00    0.00    0.00    0.00    0.00    0.00   98.02
16:11:38      31    0.00    0.00    0.00    0.00    0.00    0.00    0.00    0.00    0.00  100.00
16:11:38      32    1.00    0.00    1.00    0.00    0.00    0.00    0.00    0.00    0.00   98.00
16:11:38      33    1.01    0.00    1.01    0.00    0.00    0.00    0.00    0.00    0.00   97.98
16:11:38      34    6.06    0.00    3.03    0.00    0.00    0.00    0.00    0.00    0.00   90.91
16:11:38      35    2.97    0.00    0.99    0.00    0.00    0.00    0.00    0.00    0.00   96.04
16:11:38      36    0.00    0.00    0.00    0.00    0.00    0.00    0.00    0.00    0.00  100.00
16:11:38      37    1.00    0.00    1.00    0.00    0.00    0.00    0.00    0.00    0.00   98.00
16:11:38      38    0.00    0.00    0.00    0.00    0.00    0.00    0.00    0.00    0.00  100.00
16:11:38      39    1.00    0.00    0.00    0.00    0.00    0.00    0.00    0.00    0.00   99.00
16:11:38      40    1.00    0.00    0.00    0.00    0.00    1.00    0.00    0.00    0.00   98.00
16:11:38      41    0.00    0.00    0.00    0.00    0.00    0.00    0.00    0.00    0.00  100.00
16:11:38      42    0.00    0.00    0.00    0.00    0.00    0.00    0.00    0.00    0.00  100.00
16:11:38      43    0.00    0.00    0.00    0.00    0.00    0.00    0.00    0.00    0.00  100.00
16:11:38      44    0.99    0.00    0.00    0.00    0.00    0.00    0.00    0.00    0.00   99.01
16:11:38      45    0.00    0.00    0.00    0.00    0.00    0.00    0.00    0.00    0.00  100.00
16:11:38      46    0.00    0.00    0.00    0.00    0.00    0.00    0.00    0.00    0.00  100.00
16:11:38      47    0.00    0.00    1.00    0.00    0.00    0.00    0.00    0.00    0.00   99.00
16:11:38      48    0.00    0.00    0.00    0.00    0.00    0.00    0.00    0.00    0.00  100.00
16:11:38      49    0.00    0.00    0.00    0.00    0.00    0.00    0.00    0.00    0.00  100.00
16:11:38      50    0.00    0.00    0.00    0.00    0.00    0.00    0.00    0.00    0.00  100.00
16:11:38      51    0.00    0.00    0.00    0.00    0.00    0.00    0.00    0.00    0.00  100.00
16:11:38      52    0.00    0.00    0.99    0.00    0.00    0.00    0.00    0.00    0.00   99.01
16:11:38      53    0.00    0.00    1.01    0.00    0.00    0.00    0.00    0.00    0.00   98.99
16:11:38      54    0.00    0.00    0.00    0.00    0.00    0.00    0.00    0.00    0.00  100.00
16:11:38      55    0.00    0.00    0.00    9.18    0.00    0.00    0.00    0.00    0.00   90.82
16:11:38      56    0.00    0.00    1.00    0.00    0.00    0.00    0.00    0.00    0.00   99.00
16:11:38      57    0.00    0.00    0.00    0.00    0.00    0.00    0.00    0.00    0.00  100.00
16:11:38      58    0.00    0.00    0.00    0.00    0.00    0.00    0.00    0.00    0.00  100.00
16:11:38      59    0.00    0.00    0.00    9.00    0.00    0.00    0.00    0.00    0.00   91.00
16:11:38      60    0.00    0.00    0.00    0.00    0.00    0.00    0.00    0.00    0.00  100.00
16:11:38      61    0.00    0.00    0.00    0.00    0.00    0.00    0.00    0.00    0.00  100.00
16:11:38      62    0.00    0.00    0.00    0.00    0.00    0.00    0.00    0.00    0.00  100.00
16:11:38      63    0.00    0.00    0.00    0.00    0.00    0.00    0.00    0.00    0.00  100.00
16:11:38      64    0.00    0.00    0.00    0.00    0.00    0.00    0.00    0.00    0.00  100.00
16:11:38      65    0.00    0.00    0.00    0.00    0.00    0.00    0.00    0.00    0.00  100.00
16:11:38      66    0.00    0.00    0.00    0.00    0.00    0.00    0.00    0.00    0.00  100.00
16:11:38      67    0.00    0.00    0.00    0.00    0.00    0.00    0.00    0.00    0.00  100.00
16:11:38      68    1.00    0.00    1.00    0.00    0.00    0.00    0.00    0.00    0.00   98.00
16:11:38      69    0.00    0.00    0.00    0.00    0.00    0.00    0.00    0.00    0.00  100.00
16:11:38      70    0.00    0.00    0.00    0.00    0.00    0.00    0.00    0.00    0.00  100.00
16:11:38      71    0.00    0.00    0.00    0.00    0.00    0.00    0.00    0.00    0.00  100.00

16:11:38     CPU    %usr   %nice    %sys %iowait    %irq   %soft  %steal  %guest  %gnice   %idle
16:11:39     all    0.68    0.00    0.42    0.33    0.00    0.01    0.00    0.00    0.00   98.55
16:11:39       0    0.00    0.00    0.00    0.00    0.00    0.00    0.00    0.00    0.00  100.00
16:11:39       1    0.00    0.00    0.00    0.00    0.00    0.00    0.00    0.00    0.00  100.00
16:11:39       2    0.00    0.00    0.00    0.00    0.00    0.00    0.00    0.00    0.00  100.00
16:11:39       3    0.00    0.00    0.00    0.00    0.00    0.00    0.00    0.00    0.00  100.00
16:11:39       4    0.00    0.00    0.00    0.00    0.00    0.00    0.00    0.00    0.00  100.00
16:11:39       5    0.00    0.00    0.00    0.00    0.00    0.00    0.00    0.00    0.00  100.00
16:11:39       6    0.00    0.00    0.00    0.00    0.00    0.00    0.00    0.00    0.00  100.00
16:11:39       7    0.00    0.00    0.00    0.00    0.00    0.00    0.00    0.00    0.00  100.00
16:11:39       8    0.00    0.00    0.00    0.00    0.00    0.00    0.00    0.00    0.00  100.00
16:11:39       9    0.00    0.00    0.00    0.00    0.00    0.00    0.00    0.00    0.00  100.00
16:11:39      10    0.00    0.00    0.00    0.00    0.00    0.00    0.00    0.00    0.00  100.00
16:11:39      11    0.00    0.00    0.00    0.00    0.00    0.00    0.00    0.00    0.00  100.00
16:11:39      12    0.99    0.00    0.00    0.00    0.00    0.00    0.00    0.00    0.00   99.01
16:11:39      13    0.00    0.00    0.00    0.00    0.00    0.00    0.00    0.00    0.00  100.00
16:11:39      14    1.00    0.00    0.00    0.00    0.00    0.00    0.00    0.00    0.00   99.00
16:11:39      15    0.00    0.00    0.00    0.00    0.00    0.00    0.00    0.00    0.00  100.00
16:11:39      16    0.00    0.00    0.00    0.00    0.00    0.00    0.00    0.00    0.00  100.00
16:11:39      17    0.00    0.00    0.00    0.00    0.00    0.00    0.00    0.00    0.00  100.00
16:11:39      18    5.05    0.00    8.08    0.00    0.00    0.00    0.00    0.00    0.00   86.87
16:11:39      19    0.99    0.00    0.99    0.00    0.00    0.00    0.00    0.00    0.00   98.02
16:11:39      20    0.00    0.00    1.01    0.00    0.00    0.00    0.00    0.00    0.00   98.99
16:11:39      21    2.00    0.00    2.00    0.00    0.00    0.00    0.00    0.00    0.00   96.00
16:11:39      22    5.10    0.00    1.02    0.00    0.00    0.00    0.00    0.00    0.00   93.88
16:11:39      23    3.00    0.00    1.00    0.00    0.00    0.00    0.00    0.00    0.00   96.00
16:11:39      24    1.01    0.00    2.02    0.00    0.00    0.00    0.00    0.00    0.00   96.97
16:11:39      25    0.00    0.00    0.00    0.00    0.00    0.00    0.00    0.00    0.00  100.00
16:11:39      26    4.00    0.00    2.00    1.00    0.00    0.00    0.00    0.00    0.00   93.00
16:11:39      27    2.02    0.00    0.00    0.00    0.00    0.00    0.00    0.00    0.00   97.98
16:11:39      28    4.08    0.00    0.00    0.00    0.00    0.00    0.00    0.00    0.00   95.92
16:11:39      29    0.98    0.00    0.98    0.98    0.00    0.98    0.00    0.00    0.00   96.08
16:11:39      30    2.00    0.00    2.00    1.00    0.00    0.00    0.00    0.00    0.00   95.00
16:11:39      31    0.00    0.00    0.00    0.00    0.00    0.00    0.00    0.00    0.00  100.00
16:11:39      32    0.00    0.00    0.00    0.00    0.00    0.00    0.00    0.00    0.00  100.00
16:11:39      33    0.00    0.00    0.00    0.00    0.00    0.00    0.00    0.00    0.00  100.00
16:11:39      34    3.00    0.00    2.00    1.00    0.00    0.00    0.00    0.00    0.00   94.00
16:11:39      35    1.01    0.00    1.01    0.00    0.00    0.00    0.00    0.00    0.00   97.98
16:11:39      36    1.00    0.00    0.00    0.00    0.00    0.00    0.00    0.00    0.00   99.00
16:11:39      37    1.00    0.00    0.00    0.00    0.00    0.00    0.00    0.00    0.00   99.00
16:11:39      38    1.00    0.00    0.00    0.00    0.00    0.00    0.00    0.00    0.00   99.00
16:11:39      39    3.00    0.00    2.00    0.00    0.00    0.00    0.00    0.00    0.00   95.00
16:11:39      40    0.00    0.00    0.00    0.00    0.00    0.00    0.00    0.00    0.00  100.00
16:11:39      41    0.00    0.00    0.00    0.00    0.00    0.00    0.00    0.00    0.00  100.00
16:11:39      42    0.00    0.00    0.00    0.00    0.00    0.00    0.00    0.00    0.00  100.00
16:11:39      43    0.00    0.00    0.00    0.00    0.00    0.00    0.00    0.00    0.00  100.00
16:11:39      44    0.00    0.00    0.00    0.00    0.00    0.00    0.00    0.00    0.00  100.00
16:11:39      45    0.00    0.00    0.00    0.00    0.00    0.00    0.00    0.00    0.00  100.00
16:11:39      46    0.00    0.00    0.00    0.00    0.00    0.00    0.00    0.00    0.00  100.00
16:11:39      47    0.00    0.00    0.00    0.00    0.00    0.00    0.00    0.00    0.00  100.00
16:11:39      48    0.00    0.00    0.00    0.00    0.00    0.00    0.00    0.00    0.00  100.00
16:11:39      49    0.00    0.00    0.00    0.00    0.00    0.00    0.00    0.00    0.00  100.00
16:11:39      50    0.00    0.00    0.00    0.00    0.00    0.00    0.00    0.00    0.00  100.00
16:11:39      51    0.00    0.00    0.00    0.00    0.00    0.00    0.00    0.00    0.00  100.00
16:11:39      52    0.00    0.00    0.00    0.00    0.00    0.00    0.00    0.00    0.00  100.00
16:11:39      53    0.00    0.00    1.00    0.00    0.00    0.00    0.00    0.00    0.00   99.00
16:11:39      54    0.00    0.00    0.00    0.00    0.00    0.00    0.00    0.00    0.00  100.00
16:11:39      55    0.00    0.00    0.99   18.81    0.00    0.00    0.00    0.00    0.00   80.20
16:11:39      56    1.00    0.00    0.00    0.00    0.00    0.00    0.00    0.00    0.00   99.00
16:11:39      57    0.00    0.00    0.00    0.00    0.00    0.00    0.00    0.00    0.00  100.00
16:11:39      58    1.00    0.00    0.00    0.00    0.00    0.00    0.00    0.00    0.00   99.00
16:11:39      59    0.00    0.00    0.00    0.00    0.00    0.00    0.00    0.00    0.00  100.00
16:11:39      60    0.00    0.00    0.00    0.00    0.00    0.00    0.00    0.00    0.00  100.00
16:11:39      61    0.00    0.00    0.00    0.00    0.00    0.00    0.00    0.00    0.00  100.00
16:11:39      62    0.00    0.00    0.99    0.00    0.00    0.00    0.00    0.00    0.00   99.01
16:11:39      63    0.00    0.00    0.00    0.00    0.00    0.00    0.00    0.00    0.00  100.00
16:11:39      64    0.00    0.00    0.00    0.00    0.00    0.00    0.00    0.00    0.00  100.00
16:11:39      65    2.00    0.00    1.00    1.00    0.00    0.00    0.00    0.00    0.00   96.00
16:11:39      66    0.00    0.00    0.00    0.00    0.00    0.00    0.00    0.00    0.00  100.00
16:11:39      67    0.00    0.00    0.00    0.00    0.00    0.00    0.00    0.00    0.00  100.00
16:11:39      68    1.00    0.00    0.00    0.00    0.00    0.00    0.00    0.00    0.00   99.00
16:11:39      69    0.00    0.00    0.00    0.00    0.00    0.00    0.00    0.00    0.00  100.00
16:11:39      70    1.98    0.00    0.00    0.00    0.00    0.00    0.00    0.00    0.00   98.02
16:11:39      71    0.00    0.00    0.00    0.00    0.00    0.00    0.00    0.00    0.00  100.00

16:11:39     CPU    %usr   %nice    %sys %iowait    %irq   %soft  %steal  %guest  %gnice   %idle
16:11:40     all    0.78    0.00    0.47    0.28    0.00    0.00    0.00    0.00    0.00   98.47
16:11:40       0    0.00    0.00    0.00    0.00    0.00    0.00    0.00    0.00    0.00  100.00
16:11:40       1    0.00    0.00    0.00    0.00    0.00    0.00    0.00    0.00    0.00  100.00
16:11:40       2    0.00    0.00    0.00    0.00    0.00    0.00    0.00    0.00    0.00  100.00
16:11:40       3    0.00    0.00    0.00    0.00    0.00    0.00    0.00    0.00    0.00  100.00
16:11:40       4    0.00    0.00    0.00    0.00    0.00    0.00    0.00    0.00    0.00  100.00
16:11:40       5    0.00    0.00    0.00    0.00    0.00    0.00    0.00    0.00    0.00  100.00
16:11:40       6    0.00    0.00    0.00    0.00    0.00    0.00    0.00    0.00    0.00  100.00
16:11:40       7    0.00    0.00    0.00    0.00    0.00    0.00    0.00    0.00    0.00  100.00
16:11:40       8    0.00    0.00    0.00    0.00    0.00    0.00    0.00    0.00    0.00  100.00
16:11:40       9    0.00    0.00    0.00    0.00    0.00    0.00    0.00    0.00    0.00  100.00
16:11:40      10    0.00    0.00    0.00    0.00    0.00    0.00    0.00    0.00    0.00  100.00
16:11:40      11    0.00    0.00    0.00    0.00    0.00    0.00    0.00    0.00    0.00  100.00
16:11:40      12    0.00    0.00    0.99    0.00    0.00    0.00    0.00    0.00    0.00   99.01
16:11:40      13    0.00    0.00    0.00    0.00    0.00    0.00    0.00    0.00    0.00  100.00
16:11:40      14    0.00    0.00    0.00    0.00    0.00    0.00    0.00    0.00    0.00  100.00
16:11:40      15    0.00    0.00    0.00    0.00    0.00    0.00    0.00    0.00    0.00  100.00
16:11:40      16    0.00    0.00    0.00    0.00    0.00    0.00    0.00    0.00    0.00  100.00
16:11:40      17    0.00    0.00    0.00    0.00    0.00    0.00    0.00    0.00    0.00  100.00
16:11:40      18    6.00    0.00    7.00    1.00    0.00    0.00    0.00    0.00    0.00   86.00
16:11:40      19    1.00    0.00    0.00    0.00    0.00    0.00    0.00    0.00    0.00   99.00
16:11:40      20    0.00    0.00    1.00    0.00    0.00    0.00    0.00    0.00    0.00   99.00
16:11:40      21    0.00    0.00    0.00    0.00    0.00    0.00    0.00    0.00    0.00  100.00
16:11:40      22    7.07    0.00    2.02    0.00    0.00    0.00    0.00    0.00    0.00   90.91
16:11:40      23    3.09    0.00    0.00    0.00    0.00    0.00    0.00    0.00    0.00   96.91
16:11:40      24    2.00    0.00    1.00    0.00    0.00    0.00    0.00    0.00    0.00   97.00
16:11:40      25    0.00    0.00    1.01    0.00    0.00    0.00    0.00    0.00    0.00   98.99
16:11:40      26   10.00    0.00    3.00    0.00    0.00    0.00    0.00    0.00    0.00   87.00
16:11:40      27    5.00    0.00    1.00    0.00    0.00    0.00    0.00    0.00    0.00   94.00
16:11:40      28    3.96    0.00    0.99    0.00    0.00    0.00    0.00    0.00    0.00   95.05
16:11:40      29    1.00    0.00    0.00    0.00    0.00    0.00    0.00    0.00    0.00   99.00
16:11:40      30    2.00    0.00    0.00    0.00    0.00    0.00    0.00    0.00    0.00   98.00
16:11:40      31    1.00    0.00    0.00    0.00    0.00    0.00    0.00    0.00    0.00   99.00
16:11:40      32    0.00    0.00    0.00    0.00    0.00    0.00    0.00    0.00    0.00  100.00
16:11:40      33    0.00    0.00    0.99    0.00    0.00    0.00    0.00    0.00    0.00   99.01
16:11:40      34    2.02    0.00    2.02    0.00    0.00    0.00    0.00    0.00    0.00   95.96
16:11:40      35    1.01    0.00    1.01    0.00    0.00    0.00    0.00    0.00    0.00   97.98
16:11:40      36    1.01    0.00    0.00    0.00    0.00    0.00    0.00    0.00    0.00   98.99
16:11:40      37    2.00    0.00    2.00    0.00    0.00    0.00    0.00    0.00    0.00   96.00
16:11:40      38    1.00    0.00    0.00    0.00    0.00    0.00    0.00    0.00    0.00   99.00
16:11:40      39    1.01    0.00    3.03    0.00    0.00    0.00    0.00    0.00    0.00   95.96
16:11:40      40    2.00    0.00    1.00    1.00    0.00    0.00    0.00    0.00    0.00   96.00
16:11:40      41    0.00    0.00    0.00    0.00    0.00    0.00    0.00    0.00    0.00  100.00
16:11:40      42    0.00    0.00    0.00    0.00    0.00    0.00    0.00    0.00    0.00  100.00
16:11:40      43    1.00    0.00    0.00    0.00    0.00    0.00    0.00    0.00    0.00   99.00
16:11:40      44    0.00    0.00    1.00    0.00    0.00    0.00    0.00    0.00    0.00   99.00
16:11:40      45    0.00    0.00    0.00    0.00    0.00    0.00    0.00    0.00    0.00  100.00
16:11:40      46    0.00    0.00    0.00    0.00    0.00    0.00    0.00    0.00    0.00  100.00
16:11:40      47    0.00    0.00    0.00    0.00    0.00    0.00    0.00    0.00    0.00  100.00
16:11:40      48    0.00    0.00    0.00    0.00    0.00    0.00    0.00    0.00    0.00  100.00
16:11:40      49    0.00    0.00    0.00    0.00    0.00    0.00    0.00    0.00    0.00  100.00
16:11:40      50    0.00    0.00    0.00    0.00    0.00    0.00    0.00    0.00    0.00  100.00
16:11:40      51    0.00    0.00    0.00    0.00    0.00    0.00    0.00    0.00    0.00  100.00
16:11:40      52    0.00    0.00    0.00    0.00    0.00    0.00    0.00    0.00    0.00  100.00
16:11:40      53    0.00    0.00    0.00    0.00    0.00    0.00    0.00    0.00    0.00  100.00
16:11:40      54    0.00    0.00    1.00    0.00    0.00    0.00    0.00    0.00    0.00   99.00
16:11:40      55    1.01    0.00    3.03   18.18    0.00    0.00    0.00    0.00    0.00   77.78
16:11:40      56    0.00    0.00    0.00    0.00    0.00    0.00    0.00    0.00    0.00  100.00
16:11:40      57    0.00    0.00    0.00    0.00    0.00    0.00    0.00    0.00    0.00  100.00
16:11:40      58    0.00    0.00    0.00    0.00    0.00    0.00    0.00    0.00    0.00  100.00
16:11:40      59    0.00    0.00    0.00    0.00    0.00    0.00    0.00    0.00    0.00  100.00
16:11:40      60    0.00    0.00    0.00    0.00    0.00    0.00    0.00    0.00    0.00  100.00
16:11:40      61    0.00    0.00    0.00    0.00    0.00    0.00    0.00    0.00    0.00  100.00
16:11:40      62    0.00    0.00    0.00    0.00    0.00    0.00    0.00    0.00    0.00  100.00
16:11:40      63    0.00    0.00    0.00    0.00    0.00    0.00    0.00    0.00    0.00  100.00
16:11:40      64    0.99    0.00    0.99    0.00    0.00    0.00    0.00    0.00    0.00   98.02
16:11:40      65    0.99    0.00    0.00    0.00    0.00    0.00    0.00    0.00    0.00   99.01
16:11:40      66    0.00    0.00    0.00    0.00    0.00    0.00    0.00    0.00    0.00  100.00
16:11:40      67    0.00    0.00    0.00    0.00    0.00    0.00    0.00    0.00    0.00  100.00
16:11:40      68    0.00    0.00    0.00    0.00    0.00    0.00    0.00    0.00    0.00  100.00
16:11:40      69    0.00    0.00    0.00    0.00    0.00    0.00    0.00    0.00    0.00  100.00
16:11:40      70    0.00    0.00    0.00    0.00    0.00    0.00    0.00    0.00    0.00  100.00
16:11:40      71    0.00    0.00    0.00    0.00    0.00    0.00    0.00    0.00    0.00  100.00

16:11:40     CPU    %usr   %nice    %sys %iowait    %irq   %soft  %steal  %guest  %gnice   %idle
16:11:41     all    0.74    0.00    0.42    0.33    0.00    0.00    0.00    0.00    0.00   98.51
16:11:41       0    0.00    0.00    0.00    0.00    0.00    0.00    0.00    0.00    0.00  100.00
16:11:41       1    0.00    0.00    0.00    0.00    0.00    0.00    0.00    0.00    0.00  100.00
16:11:41       2    0.00    0.00    2.00    0.00    0.00    0.00    0.00    0.00    0.00   98.00
16:11:41       3    0.00    0.00    0.00    0.00    0.00    0.00    0.00    0.00    0.00  100.00
16:11:41       4    0.00    0.00    0.00    0.00    0.00    0.00    0.00    0.00    0.00  100.00
16:11:41       5    0.00    0.00    0.00    0.00    0.00    0.00    0.00    0.00    0.00  100.00
16:11:41       6    0.00    0.00    0.00    0.00    0.00    0.00    0.00    0.00    0.00  100.00
16:11:41       7    0.00    0.00    0.00    0.00    0.00    0.00    0.00    0.00    0.00  100.00
16:11:41       8    0.00    0.00    0.00    0.00    0.00    0.00    0.00    0.00    0.00  100.00
16:11:41       9    0.00    0.00    0.00    0.00    0.00    0.00    0.00    0.00    0.00  100.00
16:11:41      10    0.00    0.00    0.00    0.00    0.00    0.00    0.00    0.00    0.00  100.00
16:11:41      11    0.00    0.00    0.00    0.00    0.00    0.00    0.00    0.00    0.00  100.00
16:11:41      12    0.00    0.00    0.00    0.00    0.00    0.00    0.00    0.00    0.00  100.00
16:11:41      13    0.00    0.00    0.00    0.00    0.00    0.00    0.00    0.00    0.00  100.00
16:11:41      14    0.00    0.00    0.00    0.00    0.00    0.00    0.00    0.00    0.00  100.00
16:11:41      15    0.00    0.00    0.00    0.00    0.00    0.00    0.00    0.00    0.00  100.00
16:11:41      16    0.00    0.00    0.00    0.00    0.00    0.00    0.00    0.00    0.00  100.00
16:11:41      17    0.00    0.00    0.00    0.00    0.00    0.00    0.00    0.00    0.00  100.00
16:11:41      18    6.06    0.00    7.07    1.01    0.00    0.00    0.00    0.00    0.00   85.86
16:11:41      19    1.01    0.00    1.01    0.00    0.00    0.00    0.00    0.00    0.00   97.98
16:11:41      20    3.03    0.00    0.00    0.00    0.00    0.00    0.00    0.00    0.00   96.97
16:11:41      21    3.03    0.00    0.00    0.00    0.00    0.00    0.00    0.00    0.00   96.97
16:11:41      22    4.00    0.00    2.00   13.00    0.00    0.00    0.00    0.00    0.00   81.00
16:11:41      23    4.00    0.00    4.00    1.00    0.00    0.00    0.00    0.00    0.00   91.00
16:11:41      24    2.00    0.00    0.00    0.00    0.00    0.00    0.00    0.00    0.00   98.00
16:11:41      25    4.04    0.00    4.04    0.00    0.00    0.00    0.00    0.00    0.00   91.92
16:11:41      26    8.08    0.00    1.01    0.00    0.00    0.00    0.00    0.00    0.00   90.91
16:11:41      27    2.00    0.00    0.00    0.00    0.00    0.00    0.00    0.00    0.00   98.00
16:11:41      28    1.01    0.00    0.00    0.00    0.00    0.00    0.00    0.00    0.00   98.99
16:11:41      29    0.00    0.00    0.00    0.00    0.00    0.00    0.00    0.00    0.00  100.00
16:11:41      30    0.00    0.00    0.00    0.00    0.00    0.00    0.00    0.00    0.00  100.00
16:11:41      31    0.00    0.00    0.00    0.00    0.00    0.00    0.00    0.00    0.00  100.00
16:11:41      32    0.00    0.00    0.00    0.00    0.00    0.00    0.00    0.00    0.00  100.00
16:11:41      33    0.00    0.00    0.00    0.00    0.00    0.00    0.00    0.00    0.00  100.00
16:11:41      34    4.00    0.00    2.00    0.00    0.00    0.00    0.00    0.00    0.00   94.00
16:11:41      35    2.00    0.00    0.00    0.00    0.00    0.00    0.00    0.00    0.00   98.00
16:11:41      36    1.00    0.00    0.00    0.00    0.00    0.00    0.00    0.00    0.00   99.00
16:11:41      37    2.00    0.00    0.00    0.00    0.00    0.00    0.00    0.00    0.00   98.00
16:11:41      38    0.00    0.00    0.00    0.00    0.00    0.00    0.00    0.00    0.00  100.00
16:11:41      39    0.00    0.00    0.00    0.00    0.00    0.00    0.00    0.00    0.00  100.00
16:11:41      40    0.00    0.00    0.00    0.00    0.00    0.00    0.00    0.00    0.00  100.00
16:11:41      41    0.00    0.00    0.00    0.00    0.00    0.00    0.00    0.00    0.00  100.00
16:11:41      42    0.00    0.00    0.00    0.00    0.00    0.00    0.00    0.00    0.00  100.00
16:11:41      43    0.00    0.00    0.99    0.00    0.00    0.00    0.00    0.00    0.00   99.01
16:11:41      44    0.00    0.00    1.01    0.00    0.00    0.00    0.00    0.00    0.00   98.99
16:11:41      45    0.00    0.00    0.00    0.00    0.00    0.00    0.00    0.00    0.00  100.00
16:11:41      46    0.00    0.00    0.00    0.00    0.00    0.00    0.00    0.00    0.00  100.00
16:11:41      47    1.01    0.00    0.00    0.00    0.00    0.00    0.00    0.00    0.00   98.99
16:11:41      48    0.00    0.00    0.00    0.00    0.00    0.00    0.00    0.00    0.00  100.00
16:11:41      49    0.00    0.00    0.00    0.00    0.00    0.00    0.00    0.00    0.00  100.00
16:11:41      50    0.99    0.00    0.00    0.00    0.00    0.00    0.00    0.00    0.00   99.01
16:11:41      51    0.00    0.00    0.00    0.00    0.00    0.00    0.00    0.00    0.00  100.00
16:11:41      52    0.00    0.00    1.00    0.00    0.00    0.00    0.00    0.00    0.00   99.00
16:11:41      53    0.00    0.00    0.00    0.00    0.00    0.00    0.00    0.00    0.00  100.00
16:11:41      54    0.00    0.00    0.00    0.00    0.00    0.00    0.00    0.00    0.00  100.00
16:11:41      55    0.00    0.00    2.00    8.00    0.00    0.00    0.00    0.00    0.00   90.00
16:11:41      56    0.00    0.00    0.00    0.00    0.00    0.00    0.00    0.00    0.00  100.00
16:11:41      57    0.00    0.00    0.00    0.00    0.00    0.00    0.00    0.00    0.00  100.00
16:11:41      58    1.00    0.00    0.00    0.00    0.00    0.00    0.00    0.00    0.00   99.00
16:11:41      59    0.00    0.00    0.00    0.00    0.00    0.00    0.00    0.00    0.00  100.00
16:11:41      60    0.00    0.00    0.00    0.00    0.00    0.00    0.00    0.00    0.00  100.00
16:11:41      61    0.00    0.00    0.00    0.00    0.00    0.00    0.00    0.00    0.00  100.00
16:11:41      62    0.00    0.00    0.00    1.00    0.00    0.00    0.00    0.00    0.00   99.00
16:11:41      63    0.00    0.00    0.00    0.00    0.00    0.00    0.00    0.00    0.00  100.00
16:11:41      64    0.00    0.00    0.00    0.00    0.00    0.00    0.00    0.00    0.00  100.00
16:11:41      65    2.02    0.00    2.02    0.00    0.00    0.00    0.00    0.00    0.00   95.96
16:11:41      66    0.00    0.00    0.00    0.00    0.00    0.00    0.00    0.00    0.00  100.00
16:11:41      67    0.00    0.00    0.00    0.00    0.00    0.00    0.00    0.00    0.00  100.00
16:11:41      68    0.00    0.00    0.00    0.00    0.00    0.00    0.00    0.00    0.00  100.00
16:11:41      69    0.00    0.00    0.00    0.00    0.00    0.00    0.00    0.00    0.00  100.00
16:11:41      70    1.00    0.00    0.00    0.00    0.00    0.00    0.00    0.00    0.00   99.00
16:11:41      71    0.00    0.00    0.00    0.00    0.00    0.00    0.00    0.00    0.00  100.00

16:11:41     CPU    %usr   %nice    %sys %iowait    %irq   %soft  %steal  %guest  %gnice   %idle
16:11:42     all    0.81    0.00    0.46    0.29    0.00    0.00    0.00    0.00    0.00   98.44
16:11:42       0    0.00    0.00    0.00    0.00    0.00    0.00    0.00    0.00    0.00  100.00
16:11:42       1    0.00    0.00    0.00    0.00    0.00    0.00    0.00    0.00    0.00  100.00
16:11:42       2    1.00    0.00    1.00    0.00    0.00    0.00    0.00    0.00    0.00   98.00
16:11:42       3    0.00    0.00    0.00    0.00    0.00    0.00    0.00    0.00    0.00  100.00
16:11:42       4    0.00    0.00    0.00    0.00    0.00    0.00    0.00    0.00    0.00  100.00
16:11:42       5    0.00    0.00    0.00    0.00    0.00    0.00    0.00    0.00    0.00  100.00
16:11:42       6    0.00    0.00    0.00    0.00    0.00    0.00    0.00    0.00    0.00  100.00
16:11:42       7    0.00    0.00    0.00    0.00    0.00    0.00    0.00    0.00    0.00  100.00
16:11:42       8    0.00    0.00    0.00    0.00    0.00    0.00    0.00    0.00    0.00  100.00
16:11:42       9    0.00    0.00    0.00    0.00    0.00    0.00    0.00    0.00    0.00  100.00
16:11:42      10    0.00    0.00    0.00    0.00    0.00    0.00    0.00    0.00    0.00  100.00
16:11:42      11    0.00    0.00    0.00    0.00    0.00    0.00    0.00    0.00    0.00  100.00
16:11:42      12    0.00    0.00    0.00    0.00    0.00    0.00    0.00    0.00    0.00  100.00
16:11:42      13    0.00    0.00    0.00    0.00    0.00    0.00    0.00    0.00    0.00  100.00
16:11:42      14    0.00    0.00    0.00    0.00    0.00    0.00    0.00    0.00    0.00  100.00
16:11:42      15    0.00    0.00    0.00    0.00    0.00    0.00    0.00    0.00    0.00  100.00
16:11:42      16    0.00    0.00    0.00    0.00    0.00    0.00    0.00    0.00    0.00  100.00
16:11:42      17    0.00    0.00    0.00    0.00    0.00    0.00    0.00    0.00    0.00  100.00
16:11:42      18    5.05    0.00    6.06    0.00    0.00    0.00    0.00    0.00    0.00   88.89
16:11:42      19    1.00    0.00    0.00    0.00    0.00    0.00    0.00    0.00    0.00   99.00
16:11:42      20    0.99    0.00    0.00    0.00    0.00    0.00    0.00    0.00    0.00   99.01
16:11:42      21    0.99    0.00    0.99    0.00    0.00    0.00    0.00    0.00    0.00   98.02
16:11:42      22   10.10    0.00    2.02    2.02    0.00    0.00    0.00    0.00    0.00   85.86
16:11:42      23    3.00    0.00    0.00    0.00    0.00    0.00    0.00    0.00    0.00   97.00
16:11:42      24    2.00    0.00    1.00    0.00    0.00    0.00    0.00    0.00    0.00   97.00
16:11:42      25    2.00    0.00    2.00    0.00    0.00    0.00    0.00    0.00    0.00   96.00
16:11:42      26    5.00    0.00    2.00    1.00    0.00    0.00    0.00    0.00    0.00   92.00
16:11:42      27    4.00    0.00    2.00    0.00    0.00    0.00    0.00    0.00    0.00   94.00
16:11:42      28    1.00    0.00    1.00    0.00    0.00    0.00    0.00    0.00    0.00   98.00
16:11:42      29    2.00    0.00    0.00    0.00    0.00    0.00    0.00    0.00    0.00   98.00
16:11:42      30    1.00    0.00    1.00    0.00    0.00    0.00    0.00    0.00    0.00   98.00
16:11:42      31    0.00    0.00    2.00    0.00    0.00    0.00    0.00    0.00    0.00   98.00
16:11:42      32    0.00    0.00    0.00    0.00    0.00    0.00    0.00    0.00    0.00  100.00
16:11:42      33    1.00    0.00    0.00    0.00    0.00    0.00    0.00    0.00    0.00   99.00
16:11:42      34    4.00    0.00    3.00    1.00    0.00    0.00    0.00    0.00    0.00   92.00
16:11:42      35    1.98    0.00    0.99    0.00    0.00    0.00    0.00    0.00    0.00   97.03
16:11:42      36    1.01    0.00    0.00    0.00    0.00    0.00    0.00    0.00    0.00   98.99
16:11:42      37    1.01    0.00    0.00    0.00    0.00    0.00    0.00    0.00    0.00   98.99
16:11:42      38    0.00    0.00    0.00    0.00    0.00    0.00    0.00    0.00    0.00  100.00
16:11:42      39    3.96    0.00    1.98    0.99    0.00    0.00    0.00    0.00    0.00   93.07
16:11:42      40    0.00    0.00    0.00    0.00    0.00    0.00    0.00    0.00    0.00  100.00
16:11:42      41    0.00    0.00    0.00    0.00    0.00    0.00    0.00    0.00    0.00  100.00
16:11:42      42    0.99    0.00    0.00    0.00    0.00    0.00    0.00    0.00    0.00   99.01
16:11:42      43    0.00    0.00    0.00    0.00    0.00    0.00    0.00    0.00    0.00  100.00
16:11:42      44    0.00    0.00    0.00    0.00    0.00    0.00    0.00    0.00    0.00  100.00
16:11:42      45    0.00    0.00    1.00    0.00    0.00    0.00    0.00    0.00    0.00   99.00
16:11:42      46    0.00    0.00    0.00    0.00    0.00    0.00    0.00    0.00    0.00  100.00
16:11:42      47    0.00    0.00    0.00    0.00    0.00    0.00    0.00    0.00    0.00  100.00
16:11:42      48    0.00    0.00    0.00    0.00    0.00    0.00    0.00    0.00    0.00  100.00
16:11:42      49    0.00    0.00    0.00    0.00    0.00    0.00    0.00    0.00    0.00  100.00
16:11:42      50    0.00    0.00    0.99    0.00    0.00    0.00    0.00    0.00    0.00   99.01
16:11:42      51    0.00    0.00    0.00    0.00    0.00    0.00    0.00    0.00    0.00  100.00
16:11:42      52    0.00    0.00    1.00    0.00    0.00    0.00    0.00    0.00    0.00   99.00
16:11:42      53    0.99    0.00    0.99    0.00    0.00    0.00    0.00    0.00    0.00   98.02
16:11:42      54    0.99    0.00    0.99    0.00    0.00    0.00    0.00    0.00    0.00   98.02
16:11:42      55    0.00    0.00    0.00   16.16    0.00    0.00    0.00    0.00    0.00   83.84
16:11:42      56    0.00    0.00    0.00    0.00    0.00    0.00    0.00    0.00    0.00  100.00
16:11:42      57    0.00    0.00    0.00    0.00    0.00    0.00    0.00    0.00    0.00  100.00
16:11:42      58    1.00    0.00    0.00    0.00    0.00    0.00    0.00    0.00    0.00   99.00
16:11:42      59    0.00    0.00    0.00    0.00    0.00    0.00    0.00    0.00    0.00  100.00
16:11:42      60    0.00    0.00    0.00    0.00    0.00    0.00    0.00    0.00    0.00  100.00
16:11:42      61    0.00    0.00    0.00    0.00    0.00    0.00    0.00    0.00    0.00  100.00
16:11:42      62    0.00    0.00    0.00    0.00    0.00    0.00    0.00    0.00    0.00  100.00
16:11:42      63    0.00    0.00    0.00    0.00    0.00    0.00    0.00    0.00    0.00  100.00
16:11:42      64    1.01    0.00    0.00    0.00    0.00    0.00    0.00    0.00    0.00   98.99
16:11:42      65    0.00    0.00    0.99    0.00    0.00    0.00    0.00    0.00    0.00   99.01
16:11:42      66    0.00    0.00    0.00    0.00    0.00    0.00    0.00    0.00    0.00  100.00
16:11:42      67    0.00    0.00    0.00    0.00    0.00    0.00    0.00    0.00    0.00  100.00
16:11:42      68    0.00    0.00    0.00    0.00    0.00    0.00    0.00    0.00    0.00  100.00
16:11:42      69    0.00    0.00    0.00    0.00    0.00    0.00    0.00    0.00    0.00  100.00
16:11:42      70    0.99    0.00    0.00    0.00    0.00    0.00    0.00    0.00    0.00   99.01
16:11:42      71    0.00    0.00    0.00    0.00    0.00    0.00    0.00    0.00    0.00  100.00

16:11:42     CPU    %usr   %nice    %sys %iowait    %irq   %soft  %steal  %guest  %gnice   %idle
16:11:43     all    0.75    0.00    0.50    0.28    0.00    0.00    0.00    0.00    0.00   98.47
16:11:43       0    1.03    0.00    0.00    0.00    0.00    0.00    0.00    0.00    0.00   98.97
16:11:43       1    1.01    0.00    0.00    0.00    0.00    0.00    0.00    0.00    0.00   98.99
16:11:43       2    0.00    0.00    0.00    0.00    0.00    0.00    0.00    0.00    0.00  100.00
16:11:43       3    0.00    0.00    0.00    0.00    0.00    0.00    0.00    0.00    0.00  100.00
16:11:43       4    0.00    0.00    0.00    0.00    0.00    0.00    0.00    0.00    0.00  100.00
16:11:43       5    0.00    0.00    0.00    0.00    0.00    0.00    0.00    0.00    0.00  100.00
16:11:43       6    0.00    0.00    0.00    0.00    0.00    0.00    0.00    0.00    0.00  100.00
16:11:43       7    0.00    0.00    0.00    0.00    0.00    0.00    0.00    0.00    0.00  100.00
16:11:43       8    0.00    0.00    0.00    0.00    0.00    0.00    0.00    0.00    0.00  100.00
16:11:43       9    0.00    0.00    0.00    0.00    0.00    0.00    0.00    0.00    0.00  100.00
16:11:43      10    0.00    0.00    1.00    0.00    0.00    0.00    0.00    0.00    0.00   99.00
16:11:43      11    0.00    0.00    0.00    0.00    0.00    0.00    0.00    0.00    0.00  100.00
16:11:43      12    0.00    0.00    0.00    0.00    0.00    0.00    0.00    0.00    0.00  100.00
16:11:43      13    0.00    0.00    0.00    0.00    0.00    0.00    0.00    0.00    0.00  100.00
16:11:43      14    1.01    0.00    0.00    0.00    0.00    0.00    0.00    0.00    0.00   98.99
16:11:43      15    0.00    0.00    0.00    0.00    0.00    0.00    0.00    0.00    0.00  100.00
16:11:43      16    0.00    0.00    0.00    0.00    0.00    0.00    0.00    0.00    0.00  100.00
16:11:43      17    0.00    0.00    0.00    0.00    0.00    0.00    0.00    0.00    0.00  100.00
16:11:43      18    7.00    0.00    4.00    1.00    0.00    0.00    0.00    0.00    0.00   88.00
16:11:43      19    1.00    0.00    1.00    2.00    0.00    0.00    0.00    0.00    0.00   96.00
16:11:43      20    1.00    0.00    1.00    0.00    0.00    0.00    0.00    0.00    0.00   98.00
16:11:43      21    1.00    0.00    0.00    0.00    0.00    0.00    0.00    0.00    0.00   99.00
16:11:43      22    3.06    0.00    1.02    5.10    0.00    0.00    0.00    0.00    0.00   90.82
16:11:43      23    1.00    0.00    0.00    0.00    0.00    0.00    0.00    0.00    0.00   99.00
16:11:43      24    2.97    0.00    0.99    0.00    0.00    0.00    0.00    0.00    0.00   96.04
16:11:43      25    2.00    0.00    2.00    1.00    0.00    0.00    0.00    0.00    0.00   95.00
16:11:43      26    7.07    0.00    1.01    0.00    0.00    0.00    0.00    0.00    0.00   91.92
16:11:43      27    4.04    0.00    3.03    0.00    0.00    0.00    0.00    0.00    0.00   92.93
16:11:43      28    2.00    0.00    0.00    0.00    0.00    0.00    0.00    0.00    0.00   98.00
16:11:43      29    0.00    0.00    0.00    0.00    0.00    0.00    0.00    0.00    0.00  100.00
16:11:43      30    1.00    0.00    1.00    0.00    0.00    0.00    0.00    0.00    0.00   98.00
16:11:43      31    0.00    0.00    0.00    0.00    0.00    0.00    0.00    0.00    0.00  100.00
16:11:43      32    0.00    0.00    0.00    0.00    0.00    0.00    0.00    0.00    0.00  100.00
16:11:43      33    0.00    0.00    0.00    0.00    0.00    0.00    0.00    0.00    0.00  100.00
16:11:43      34    5.00    0.00    6.00    0.00    0.00    0.00    0.00    0.00    0.00   89.00
16:11:43      35    4.04    0.00    0.00    0.00    0.00    0.00    0.00    0.00    0.00   95.96
16:11:43      36    1.98    0.00    0.00    0.00    0.00    0.00    0.00    0.00    0.00   98.02
16:11:43      37    0.99    0.00    0.99    0.00    0.00    0.00    0.00    0.00    0.00   98.02
16:11:43      38    0.00    0.00    0.00    0.00    0.00    0.00    0.00    0.00    0.00  100.00
16:11:43      39    0.00    0.00    1.00    0.00    0.00    0.00    0.00    0.00    0.00   99.00
16:11:43      40    1.00    0.00    1.00    0.00    0.00    0.00    0.00    0.00    0.00   98.00
16:11:43      41    0.00    0.00    0.00    0.00    0.00    0.00    0.00    0.00    0.00  100.00
16:11:43      42    0.00    0.00    1.00    0.00    0.00    0.00    0.00    0.00    0.00   99.00
16:11:43      43    0.00    0.00    0.00    0.00    0.00    0.00    0.00    0.00    0.00  100.00
16:11:43      44    0.00    0.00    0.00    0.00    0.00    0.00    0.00    0.00    0.00  100.00
16:11:43      45    0.00    0.00    0.00    0.00    0.00    0.00    0.00    0.00    0.00  100.00
16:11:43      46    0.00    0.00    0.00    0.00    0.00    0.00    0.00    0.00    0.00  100.00
16:11:43      47    0.00    0.00    1.00    0.00    0.00    0.00    0.00    0.00    0.00   99.00
16:11:43      48    0.00    0.00    0.00    0.00    0.00    0.00    0.00    0.00    0.00  100.00
16:11:43      49    0.00    0.00    0.00    0.00    0.00    0.00    0.00    0.00    0.00  100.00
16:11:43      50    0.00    0.00    0.00    0.00    0.00    0.00    0.00    0.00    0.00  100.00
16:11:43      51    0.00    0.00    0.00    0.00    0.00    0.00    0.00    0.00    0.00  100.00
16:11:43      52    0.00    0.00    0.00    0.00    0.00    0.00    0.00    0.00    0.00  100.00
16:11:43      53    0.00    0.00    1.01    0.00    0.00    0.00    0.00    0.00    0.00   98.99
16:11:43      54    1.00    0.00    4.00    0.00    0.00    0.00    0.00    0.00    0.00   95.00
16:11:43      55    0.00    0.00    0.99   10.89    0.00    0.00    0.00    0.00    0.00   88.12
16:11:43      56    0.00    0.00    0.00    0.00    0.00    0.00    0.00    0.00    0.00  100.00
16:11:43      57    0.00    0.00    0.00    0.00    0.00    0.00    0.00    0.00    0.00  100.00
16:11:43      58    0.00    0.00    0.00    0.00    0.00    0.00    0.00    0.00    0.00  100.00
16:11:43      59    0.00    0.00    0.00    0.00    0.00    0.00    0.00    0.00    0.00  100.00
16:11:43      60    0.00    0.00    0.00    0.00    0.00    0.00    0.00    0.00    0.00  100.00
16:11:43      61    0.00    0.00    0.00    0.00    0.00    0.00    0.00    0.00    0.00  100.00
16:11:43      62    0.00    0.00    0.00    0.00    0.00    0.00    0.00    0.00    0.00  100.00
16:11:43      63    0.00    0.00    0.00    0.00    0.00    0.00    0.00    0.00    0.00  100.00
16:11:43      64    0.00    0.00    1.00    0.00    0.00    0.00    0.00    0.00    0.00   99.00
16:11:43      65    3.06    0.00    2.04    0.00    0.00    0.00    0.00    0.00    0.00   94.90
16:11:43      66    0.00    0.00    0.00    0.00    0.00    0.00    0.00    0.00    0.00  100.00
16:11:43      67    0.00    0.00    0.00    0.00    0.00    0.00    0.00    0.00    0.00  100.00
16:11:43      68    0.00    0.00    0.00    0.00    0.00    0.00    0.00    0.00    0.00  100.00
16:11:43      69    0.00    0.00    0.00    0.00    0.00    0.00    0.00    0.00    0.00  100.00
16:11:43      70    1.00    0.00    0.00    0.00    0.00    0.00    0.00    0.00    0.00   99.00
16:11:43      71    0.00    0.00    0.00    0.00    0.00    0.00    0.00    0.00    0.00  100.00

16:11:43     CPU    %usr   %nice    %sys %iowait    %irq   %soft  %steal  %guest  %gnice   %idle
16:11:44     all    0.92    0.00    0.45    0.33    0.00    0.00    0.00    0.00    0.00   98.30
16:11:44       0    0.00    0.00    0.00    0.00    0.00    0.00    0.00    0.00    0.00  100.00
16:11:44       1    0.00    0.00    0.00    0.00    0.00    0.00    0.00    0.00    0.00  100.00
16:11:44       2    0.00    0.00    0.00    0.00    0.00    0.00    0.00    0.00    0.00  100.00
16:11:44       3    0.00    0.00    0.00    0.00    0.00    0.00    0.00    0.00    0.00  100.00
16:11:44       4    0.00    0.00    0.00    0.00    0.00    0.00    0.00    0.00    0.00  100.00
16:11:44       5    0.00    0.00    0.00    0.00    0.00    0.00    0.00    0.00    0.00  100.00
16:11:44       6    0.99    0.00    0.00    0.00    0.00    0.00    0.00    0.00    0.00   99.01
16:11:44       7    0.00    0.00    0.00    0.00    0.00    0.00    0.00    0.00    0.00  100.00
16:11:44       8    0.00    0.00    0.00    0.00    0.00    0.00    0.00    0.00    0.00  100.00
16:11:44       9    0.00    0.00    0.00    0.00    0.00    0.00    0.00    0.00    0.00  100.00
16:11:44      10    0.00    0.00    0.00    0.00    0.00    0.00    0.00    0.00    0.00  100.00
16:11:44      11    0.00    0.00    0.00    0.00    0.00    0.00    0.00    0.00    0.00  100.00
16:11:44      12    0.00    0.00    0.00    0.00    0.00    0.00    0.00    0.00    0.00  100.00
16:11:44      13    0.00    0.00    0.00    0.00    0.00    0.00    0.00    0.00    0.00  100.00
16:11:44      14    0.00    0.00    0.00    0.00    0.00    0.00    0.00    0.00    0.00  100.00
16:11:44      15    0.00    0.00    0.00    0.00    0.00    0.00    0.00    0.00    0.00  100.00
16:11:44      16    0.00    0.00    0.00    0.00    0.00    0.00    0.00    0.00    0.00  100.00
16:11:44      17    0.00    0.00    0.00    0.00    0.00    0.00    0.00    0.00    0.00  100.00
16:11:44      18    9.00    0.00    2.00    1.00    0.00    0.00    0.00    0.00    0.00   88.00
16:11:44      19    1.01    0.00    1.01   14.14    0.00    0.00    0.00    0.00    0.00   83.84
16:11:44      20    0.99    0.00    0.00    3.96    0.00    0.00    0.00    0.00    0.00   95.05
16:11:44      21    1.00    0.00    0.00    0.00    0.00    0.00    0.00    0.00    0.00   99.00
16:11:44      22   10.10    0.00    2.02    4.04    0.00    0.00    0.00    0.00    0.00   83.84
16:11:44      23    2.00    0.00    1.00    0.00    0.00    0.00    0.00    0.00    0.00   97.00
16:11:44      24    1.01    0.00    1.01    0.00    0.00    0.00    0.00    0.00    0.00   97.98
16:11:44      25    0.00    0.00    0.00    0.00    0.00    0.00    0.00    0.00    0.00  100.00
16:11:44      26    6.06    0.00    2.02    0.00    0.00    0.00    0.00    0.00    0.00   91.92
16:11:44      27    2.00    0.00    1.00    0.00    0.00    0.00    0.00    0.00    0.00   97.00
16:11:44      28    3.00    0.00    1.00    0.00    0.00    0.00    0.00    0.00    0.00   96.00
16:11:44      29    0.00    0.00    0.00    0.00    0.00    0.00    0.00    0.00    0.00  100.00
16:11:44      30    0.99    0.00    0.99    0.00    0.00    0.00    0.00    0.00    0.00   98.02
16:11:44      31    1.00    0.00    0.00    0.00    0.00    0.00    0.00    0.00    0.00   99.00
16:11:44      32    0.00    0.00    0.00    0.00    0.00    0.00    0.00    0.00    0.00  100.00
16:11:44      33    0.00    0.00    0.00    0.00    0.00    0.00    0.00    0.00    0.00  100.00
16:11:44      34    8.00    0.00    6.00    0.00    0.00    0.00    0.00    0.00    0.00   86.00
16:11:44      35    3.96    0.00    0.99    0.00    0.00    0.00    0.00    0.00    0.00   95.05
16:11:44      36    2.00    0.00    1.00    0.00    0.00    0.00    0.00    0.00    0.00   97.00
16:11:44      37    1.01    0.00    0.00    0.00    0.00    0.00    0.00    0.00    0.00   98.99
16:11:44      38    1.00    0.00    0.00    0.00    0.00    0.00    0.00    0.00    0.00   99.00
16:11:44      39    1.98    0.00    0.00    0.00    0.00    0.00    0.00    0.00    0.00   98.02
16:11:44      40    0.00    0.00    0.00    0.00    0.00    0.00    0.00    0.00    0.00  100.00
16:11:44      41    0.00    0.00    0.00    0.00    0.00    0.00    0.00    0.00    0.00  100.00
16:11:44      42    0.00    0.00    0.00    0.00    0.00    0.00    0.00    0.00    0.00  100.00
16:11:44      43    0.00    0.00    1.00    0.00    0.00    0.00    0.00    0.00    0.00   99.00
16:11:44      44    0.00    0.00    1.01    0.00    0.00    0.00    0.00    0.00    0.00   98.99
16:11:44      45    1.01    0.00    2.02    0.00    0.00    0.00    0.00    0.00    0.00   96.97
16:11:44      46    0.00    0.00    0.99    0.00    0.00    0.00    0.00    0.00    0.00   99.01
16:11:44      47    0.00    0.00    0.00    0.00    0.00    0.00    0.00    0.00    0.00  100.00
16:11:44      48    0.00    0.00    0.00    0.00    0.00    0.00    0.00    0.00    0.00  100.00
16:11:44      49    0.00    0.00    0.00    0.00    0.00    0.00    0.00    0.00    0.00  100.00
16:11:44      50    0.00    0.00    0.00    0.00    0.00    0.00    0.00    0.00    0.00  100.00
16:11:44      51    0.00    0.00    0.00    0.00    0.00    0.00    0.00    0.00    0.00  100.00
16:11:44      52    0.00    0.00    0.00    0.00    0.00    0.00    0.00    0.00    0.00  100.00
16:11:44      53    0.00    0.00    0.00    0.00    0.00    0.00    0.00    0.00    0.00  100.00
16:11:44      54    0.00    0.00    1.01    0.00    0.00    0.00    0.00    0.00    0.00   98.99
16:11:44      55    0.00    0.00    0.00    0.00    0.00    0.00    0.00    0.00    0.00  100.00
16:11:44      56    0.00    0.00    0.00    0.00    0.00    0.00    0.00    0.00    0.00  100.00
16:11:44      57    0.00    0.00    0.00    0.00    0.00    0.00    0.00    0.00    0.00  100.00
16:11:44      58    0.00    0.00    0.00    0.00    0.00    0.00    0.00    0.00    0.00  100.00
16:11:44      59    1.00    0.00    1.00    0.00    0.00    0.00    0.00    0.00    0.00   98.00
16:11:44      60    0.00    0.00    0.00    0.00    0.00    0.00    0.00    0.00    0.00  100.00
16:11:44      61    0.00    0.00    0.99    0.00    0.00    0.00    0.00    0.00    0.00   99.01
16:11:44      62    0.99    0.00    0.99    0.00    0.00    0.00    0.00    0.00    0.00   98.02
16:11:44      63    0.00    0.00    0.00    0.00    0.00    0.00    0.00    0.00    0.00  100.00
16:11:44      64    2.00    0.00    1.00    0.00    0.00    0.00    0.00    0.00    0.00   97.00
16:11:44      65    1.00    0.00    1.00    0.00    0.00    0.00    0.00    0.00    0.00   98.00
16:11:44      66    0.00    0.00    0.00    0.00    0.00    0.00    0.00    0.00    0.00  100.00
16:11:44      67    1.98    0.00    0.00    0.99    0.00    0.00    0.00    0.00    0.00   97.03
16:11:44      68    1.00    0.00    1.00    0.00    0.00    0.00    0.00    0.00    0.00   98.00
16:11:44      69    0.00    0.00    0.00    0.00    0.00    0.00    0.00    0.00    0.00  100.00
16:11:44      70    0.00    0.00    0.00    0.00    0.00    0.00    0.00    0.00    0.00  100.00
16:11:44      71    0.00    0.00    0.00    0.00    0.00    0.00    0.00    0.00    0.00  100.00

16:11:44     CPU    %usr   %nice    %sys %iowait    %irq   %soft  %steal  %guest  %gnice   %idle
16:11:45     all    0.75    0.00    0.49    0.26    0.00    0.00    0.00    0.00    0.00   98.50
16:11:45       0    0.00    0.00    0.00    0.00    0.00    0.00    0.00    0.00    0.00  100.00
16:11:45       1    0.00    0.00    0.00    0.00    0.00    0.00    0.00    0.00    0.00  100.00
16:11:45       2    0.00    0.00    0.00    0.00    0.00    0.00    0.00    0.00    0.00  100.00
16:11:45       3    0.00    0.00    0.00    0.00    0.00    0.00    0.00    0.00    0.00  100.00
16:11:45       4    0.00    0.00    0.00    0.00    0.00    0.00    0.00    0.00    0.00  100.00
16:11:45       5    0.00    0.00    0.00    0.00    0.00    0.00    0.00    0.00    0.00  100.00
16:11:45       6    0.00    0.00    0.00    0.00    0.00    0.00    0.00    0.00    0.00  100.00
16:11:45       7    0.00    0.00    0.00    0.00    0.00    0.00    0.00    0.00    0.00  100.00
16:11:45       8    0.00    0.00    0.00    0.00    0.00    0.00    0.00    0.00    0.00  100.00
16:11:45       9    0.00    0.00    0.00    0.00    0.00    0.00    0.00    0.00    0.00  100.00
16:11:45      10    0.00    0.00    1.00    0.00    0.00    0.00    0.00    0.00    0.00   99.00
16:11:45      11    0.00    0.00    0.00    0.00    0.00    0.00    0.00    0.00    0.00  100.00
16:11:45      12    0.00    0.00    0.00    0.00    0.00    0.00    0.00    0.00    0.00  100.00
16:11:45      13    0.00    0.00    1.00    0.00    0.00    0.00    0.00    0.00    0.00   99.00
16:11:45      14    0.00    0.00    0.99    0.00    0.00    0.00    0.00    0.00    0.00   99.01
16:11:45      15    0.00    0.00    0.00    0.00    0.00    0.00    0.00    0.00    0.00  100.00
16:11:45      16    0.00    0.00    0.00    0.00    0.00    0.00    0.00    0.00    0.00  100.00
16:11:45      17    0.00    0.00    0.00    0.00    0.00    0.00    0.00    0.00    0.00  100.00
16:11:45      18    6.12    0.00    2.04    0.00    0.00    0.00    0.00    0.00    0.00   91.84
16:11:45      19    2.02    0.00    0.00    0.00    0.00    0.00    0.00    0.00    0.00   97.98
16:11:45      20    4.04    0.00    1.01    5.05    0.00    0.00    0.00    0.00    0.00   89.90
16:11:45      21    0.00    0.00    0.00    0.00    0.00    0.00    0.00    0.00    0.00  100.00
16:11:45      22    5.05    0.00    7.07    0.00    0.00    0.00    0.00    0.00    0.00   87.88
16:11:45      23    3.03    0.00    0.00    0.00    0.00    0.00    0.00    0.00    0.00   96.97
16:11:45      24    1.01    0.00    1.01    0.00    0.00    0.00    0.00    0.00    0.00   97.98
16:11:45      25    2.02    0.00    2.02    0.00    0.00    0.00    0.00    0.00    0.00   95.96
16:11:45      26    3.00    0.00    1.00    0.00    0.00    0.00    0.00    0.00    0.00   96.00
16:11:45      27    5.05    0.00    4.04    0.00    0.00    0.00    0.00    0.00    0.00   90.91
16:11:45      28    2.97    0.00    0.99    0.99    0.00    0.00    0.00    0.00    0.00   95.05
16:11:45      29    0.00    0.00    1.00    0.00    0.00    0.00    0.00    0.00    0.00   99.00
16:11:45      30    0.00    0.00    0.00    0.00    0.00    0.00    0.00    0.00    0.00  100.00
16:11:45      31    0.00    0.00    1.00    0.00    0.00    0.00    0.00    0.00    0.00   99.00
16:11:45      32    0.00    0.00    0.00    0.00    0.00    0.00    0.00    0.00    0.00  100.00
16:11:45      33    0.00    0.00    0.00    0.00    0.00    0.00    0.00    0.00    0.00  100.00
16:11:45      34    7.14    0.00    1.02    0.00    0.00    0.00    0.00    0.00    0.00   91.84
16:11:45      35    1.01    0.00    0.00    0.00    0.00    0.00    0.00    0.00    0.00   98.99
16:11:45      36    1.00    0.00    0.00    0.00    0.00    0.00    0.00    0.00    0.00   99.00
16:11:45      37    1.00    0.00    0.00    0.00    0.00    0.00    0.00    0.00    0.00   99.00
16:11:45      38    0.99    0.00    0.99    0.00    0.00    0.00    0.00    0.00    0.00   98.02
16:11:45      39    0.00    0.00    0.00    0.00    0.00    0.00    0.00    0.00    0.00  100.00
16:11:45      40    0.00    0.00    0.00    0.00    0.00    0.00    0.00    0.00    0.00  100.00
16:11:45      41    0.00    0.00    0.99    0.00    0.00    0.00    0.00    0.00    0.00   99.01
16:11:45      42    0.00    0.00    1.00    0.00    0.00    0.00    0.00    0.00    0.00   99.00
16:11:45      43    0.00    0.00    0.00    0.00    0.00    0.00    0.00    0.00    0.00  100.00
16:11:45      44    0.00    0.00    1.00    0.00    0.00    0.00    0.00    0.00    0.00   99.00
16:11:45      45    0.00    0.00    1.00    0.00    0.00    0.00    0.00    0.00    0.00   99.00
16:11:45      46    0.00    0.00    0.00    0.00    0.00    0.00    0.00    0.00    0.00  100.00
16:11:45      47    1.00    0.00    0.00    0.00    0.00    0.00    0.00    0.00    0.00   99.00
16:11:45      48    0.00    0.00    0.00    0.00    0.00    0.00    0.00    0.00    0.00  100.00
16:11:45      49    0.00    0.00    0.00    0.00    0.00    0.00    0.00    0.00    0.00  100.00
16:11:45      50    0.99    0.00    0.00    0.00    0.00    0.00    0.00    0.00    0.00   99.01
16:11:45      51    0.00    0.00    0.00    0.00    0.00    0.00    0.00    0.00    0.00  100.00
16:11:45      52    0.00    0.00    0.00    0.00    0.00    0.00    0.00    0.00    0.00  100.00
16:11:45      53    0.00    0.00    1.00    0.00    0.00    0.00    0.00    0.00    0.00   99.00
16:11:45      54    1.00    0.00    3.00    0.00    0.00    0.00    0.00    0.00    0.00   96.00
16:11:45      55    0.00    0.00    0.00    0.00    0.00    0.00    0.00    0.00    0.00  100.00
16:11:45      56    1.00    0.00    0.00    0.00    0.00    0.00    0.00    0.00    0.00   99.00
16:11:45      57    0.00    0.00    0.00    0.00    0.00    0.00    0.00    0.00    0.00  100.00
16:11:45      58    1.00    0.00    0.00   13.00    0.00    0.00    0.00    0.00    0.00   86.00
16:11:45      59    0.00    0.00    0.00    0.00    0.00    0.00    0.00    0.00    0.00  100.00
16:11:45      60    0.00    0.00    0.00    0.00    0.00    0.00    0.00    0.00    0.00  100.00
16:11:45      61    0.99    0.00    0.00    0.00    0.00    0.00    0.00    0.00    0.00   99.01
16:11:45      62    0.00    0.00    0.00    0.00    0.00    0.00    0.00    0.00    0.00  100.00
16:11:45      63    0.00    0.00    0.00    0.00    0.00    0.00    0.00    0.00    0.00  100.00
16:11:45      64    0.00    0.00    0.00    0.00    0.00    0.00    0.00    0.00    0.00  100.00
16:11:45      65    2.00    0.00    1.00    0.00    0.00    0.00    0.00    0.00    0.00   97.00
16:11:45      66    0.00    0.00    0.00    0.00    0.00    0.00    0.00    0.00    0.00  100.00
16:11:45      67    0.00    0.00    0.00    0.00    0.00    0.00    0.00    0.00    0.00  100.00
16:11:45      68    0.00    0.00    0.00    0.00    0.00    0.00    0.00    0.00    0.00  100.00
16:11:45      69    0.00    0.00    0.00    0.00    0.00    0.00    0.00    0.00    0.00  100.00
16:11:45      70    1.00    0.00    0.00    0.00    0.00    0.00    0.00    0.00    0.00   99.00
16:11:45      71    0.00    0.00    0.00    0.00    0.00    0.00    0.00    0.00    0.00  100.00

16:11:45     CPU    %usr   %nice    %sys %iowait    %irq   %soft  %steal  %guest  %gnice   %idle
16:11:46     all    0.71    0.00    0.43    0.31    0.00    0.00    0.00    0.00    0.00   98.55
16:11:46       0    0.00    0.00    0.00    0.00    0.00    0.00    0.00    0.00    0.00  100.00
16:11:46       1    0.00    0.00    0.00    0.00    0.00    0.00    0.00    0.00    0.00  100.00
16:11:46       2    0.00    0.00    0.00    0.00    0.00    0.00    0.00    0.00    0.00  100.00
16:11:46       3    0.00    0.00    0.00    0.00    0.00    0.00    0.00    0.00    0.00  100.00
16:11:46       4    0.00    0.00    0.00    0.00    0.00    0.00    0.00    0.00    0.00  100.00
16:11:46       5    0.00    0.00    0.00    0.00    0.00    0.00    0.00    0.00    0.00  100.00
16:11:46       6    0.00    0.00    0.00    0.00    0.00    0.00    0.00    0.00    0.00  100.00
16:11:46       7    0.00    0.00    0.00    0.00    0.00    0.00    0.00    0.00    0.00  100.00
16:11:46       8    0.00    0.00    0.00    0.00    0.00    0.00    0.00    0.00    0.00  100.00
16:11:46       9    0.00    0.00    0.00    0.00    0.00    0.00    0.00    0.00    0.00  100.00
16:11:46      10    0.00    0.00    0.00    0.00    0.00    0.00    0.00    0.00    0.00  100.00
16:11:46      11    0.00    0.00    0.00    0.00    0.00    0.00    0.00    0.00    0.00  100.00
16:11:46      12    0.00    0.00    0.00    0.00    0.00    0.00    0.00    0.00    0.00  100.00
16:11:46      13    0.00    0.00    0.00    0.00    0.00    0.00    0.00    0.00    0.00  100.00
16:11:46      14    0.00    0.00    0.00    0.00    0.00    0.00    0.00    0.00    0.00  100.00
16:11:46      15    0.00    0.00    0.00    0.00    0.00    0.00    0.00    0.00    0.00  100.00
16:11:46      16    0.00    0.00    0.00    0.00    0.00    0.00    0.00    0.00    0.00  100.00
16:11:46      17    0.00    0.00    0.00    0.00    0.00    0.00    0.00    0.00    0.00  100.00
16:11:46      18    6.06    0.00    3.03    1.01    0.00    0.00    0.00    0.00    0.00   89.90
16:11:46      19    2.97    0.00    0.99    0.00    0.00    0.00    0.00    0.00    0.00   96.04
16:11:46      20    1.98    0.00    0.00    0.00    0.00    0.00    0.00    0.00    0.00   98.02
16:11:46      21    0.00    0.00    0.00    0.00    0.00    0.00    0.00    0.00    0.00  100.00
16:11:46      22    6.06    0.00    7.07    1.01    0.00    0.00    0.00    0.00    0.00   85.86
16:11:46      23    5.00    0.00    1.00    0.00    0.00    0.00    0.00    0.00    0.00   94.00
16:11:46      24    1.01    0.00    0.00    0.00    0.00    0.00    0.00    0.00    0.00   98.99
16:11:46      25    1.98    0.00    0.99    0.00    0.00    0.00    0.00    0.00    0.00   97.03
16:11:46      26    5.05    0.00    3.03    0.00    0.00    0.00    0.00    0.00    0.00   91.92
16:11:46      27    1.98    0.00    1.98    0.99    0.00    0.00    0.00    0.00    0.00   95.05
16:11:46      28    2.00    0.00    1.00    0.00    0.00    0.00    0.00    0.00    0.00   97.00
16:11:46      29    2.00    0.00    1.00    0.00    0.00    0.00    0.00    0.00    0.00   97.00
16:11:46      30    0.00    0.00    0.00    0.00    0.00    0.00    0.00    0.00    0.00  100.00
16:11:46      31    1.01    0.00    4.04    0.00    0.00    0.00    0.00    0.00    0.00   94.95
16:11:46      32    0.99    0.00    0.99    0.99    0.00    0.00    0.00    0.00    0.00   97.03
16:11:46      33    0.00    0.00    0.00    0.00    0.00    0.00    0.00    0.00    0.00  100.00
16:11:46      34    4.00    0.00    1.00    0.00    0.00    0.00    0.00    0.00    0.00   95.00
16:11:46      35    1.00    0.00    0.00    0.00    0.00    0.00    0.00    0.00    0.00   99.00
16:11:46      36    0.00    0.00    0.00    0.00    0.00    0.00    0.00    0.00    0.00  100.00
16:11:46      37    1.01    0.00    0.00    0.00    0.00    0.00    0.00    0.00    0.00   98.99
16:11:46      38    0.00    0.00    0.00    0.00    0.00    0.00    0.00    0.00    0.00  100.00
16:11:46      39    1.00    0.00    0.00    0.00    0.00    0.00    0.00    0.00    0.00   99.00
16:11:46      40    0.00    0.00    0.00    0.00    0.00    0.00    0.00    0.00    0.00  100.00
16:11:46      41    0.00    0.00    0.00    0.00    0.00    0.00    0.00    0.00    0.00  100.00
16:11:46      42    0.00    0.00    0.00    0.00    0.00    0.00    0.00    0.00    0.00  100.00
16:11:46      43    0.99    0.00    0.99    0.00    0.00    0.00    0.00    0.00    0.00   98.02
16:11:46      44    0.00    0.00    0.00    0.00    0.00    0.00    0.00    0.00    0.00  100.00
16:11:46      45    0.00    0.00    0.00    0.00    0.00    0.00    0.00    0.00    0.00  100.00
16:11:46      46    0.00    0.00    0.00    0.00    0.00    0.00    0.00    0.00    0.00  100.00
16:11:46      47    0.00    0.00    1.01    0.00    0.00    0.00    0.00    0.00    0.00   98.99
16:11:46      48    0.00    0.00    0.00    0.00    0.00    0.00    0.00    0.00    0.00  100.00
16:11:46      49    0.00    0.00    0.00    0.00    0.00    0.00    0.00    0.00    0.00  100.00
16:11:46      50    0.00    0.00    0.00    0.00    0.00    0.00    0.00    0.00    0.00  100.00
16:11:46      51    0.00    0.00    0.00    0.00    0.00    0.00    0.00    0.00    0.00  100.00
16:11:46      52    0.00    0.00    0.00    0.00    0.00    0.00    0.00    0.00    0.00  100.00
16:11:46      53    0.00    0.00    0.00    0.00    0.00    0.00    0.00    0.00    0.00  100.00
16:11:46      54    1.00    0.00    0.00    0.00    0.00    0.00    0.00    0.00    0.00   99.00
16:11:46      55    0.00    0.00    0.00    0.00    0.00    0.00    0.00    0.00    0.00  100.00
16:11:46      56    0.00    0.00    0.00    0.00    0.00    0.00    0.00    0.00    0.00  100.00
16:11:46      57    0.00    0.00    0.00    0.00    0.00    0.00    0.00    0.00    0.00  100.00
16:11:46      58    1.00    0.00    1.00   18.00    0.00    0.00    0.00    0.00    0.00   80.00
16:11:46      59    0.00    0.00    0.00    0.00    0.00    0.00    0.00    0.00    0.00  100.00
16:11:46      60    0.00    0.00    0.00    0.00    0.00    0.00    0.00    0.00    0.00  100.00
16:11:46      61    0.00    0.00    0.00    0.00    0.00    0.00    0.00    0.00    0.00  100.00
16:11:46      62    0.00    0.00    0.00    0.00    0.00    0.00    0.00    0.00    0.00  100.00
16:11:46      63    0.00    0.00    0.00    0.00    0.00    0.00    0.00    0.00    0.00  100.00
16:11:46      64    1.98    0.00    0.99    0.00    0.00    0.00    0.00    0.00    0.00   97.03
16:11:46      65    0.99    0.00    0.99    0.00    0.00    0.00    0.00    0.00    0.00   98.02
16:11:46      66    0.00    0.00    0.00    0.00    0.00    0.00    0.00    0.00    0.00  100.00
16:11:46      67    0.00    0.00    0.00    0.00    0.00    0.00    0.00    0.00    0.00  100.00
16:11:46      68    0.00    0.00    0.00    0.00    0.00    0.00    0.00    0.00    0.00  100.00
16:11:46      69    0.00    0.00    0.00    0.00    0.00    0.00    0.00    0.00    0.00  100.00
16:11:46      70    0.00    0.00    0.00    0.00    0.00    0.00    0.00    0.00    0.00  100.00
16:11:46      71    0.00    0.00    0.00    0.00    0.00    0.00    0.00    0.00    0.00  100.00

16:11:46     CPU    %usr   %nice    %sys %iowait    %irq   %soft  %steal  %guest  %gnice   %idle
16:11:47     all    0.81    0.00    0.46    0.28    0.00    0.01    0.00    0.00    0.00   98.44
16:11:47       0    2.08    0.00    1.04    0.00    0.00    0.00    0.00    0.00    0.00   96.88
16:11:47       1    0.00    0.00    0.00    0.00    0.00    0.00    0.00    0.00    0.00  100.00
16:11:47       2    0.00    0.00    0.00    0.00    0.00    0.00    0.00    0.00    0.00  100.00
16:11:47       3    1.00    0.00    0.00    0.00    0.00    0.00    0.00    0.00    0.00   99.00
16:11:47       4    0.00    0.00    0.00    0.00    0.00    0.00    0.00    0.00    0.00  100.00
16:11:47       5    0.00    0.00    0.00    0.00    0.00    0.00    0.00    0.00    0.00  100.00
16:11:47       6    0.00    0.00    1.00    0.00    0.00    0.00    0.00    0.00    0.00   99.00
16:11:47       7    0.00    0.00    0.00    0.00    0.00    0.00    0.00    0.00    0.00  100.00
16:11:47       8    0.00    0.00    0.00    0.00    0.00    0.00    0.00    0.00    0.00  100.00
16:11:47       9    0.00    0.00    0.00    0.00    0.00    0.00    0.00    0.00    0.00  100.00
16:11:47      10    0.00    0.00    0.00    0.00    0.00    0.00    0.00    0.00    0.00  100.00
16:11:47      11    0.99    0.00    0.00    0.00    0.00    0.00    0.00    0.00    0.00   99.01
16:11:47      12    0.00    0.00    0.99    0.00    0.00    0.00    0.00    0.00    0.00   99.01
16:11:47      13    1.00    0.00    2.00    0.00    0.00    0.00    0.00    0.00    0.00   97.00
16:11:47      14    0.00    0.00    0.00    0.00    0.00    0.00    0.00    0.00    0.00  100.00
16:11:47      15    0.00    0.00    0.00    0.00    0.00    0.00    0.00    0.00    0.00  100.00
16:11:47      16    0.00    0.00    0.00    0.00    0.00    0.00    0.00    0.00    0.00  100.00
16:11:47      17    0.00    0.00    0.00    0.00    0.00    0.00    0.00    0.00    0.00  100.00
16:11:47      18    6.00    0.00    4.00    0.00    0.00    0.00    0.00    0.00    0.00   90.00
16:11:47      19    1.00    0.00    1.00    0.00    0.00    0.00    0.00    0.00    0.00   98.00
16:11:47      20    0.00    0.00    0.00    0.00    0.00    0.00    0.00    0.00    0.00  100.00
16:11:47      21    0.00    0.00    0.00    0.00    0.00    0.00    0.00    0.00    0.00  100.00
16:11:47      22   14.14    0.00    6.06    0.00    0.00    0.00    0.00    0.00    0.00   79.80
16:11:47      23    2.02    0.00    0.00    0.00    0.00    0.00    0.00    0.00    0.00   97.98
16:11:47      24    2.00    0.00    1.00    0.00    0.00    0.00    0.00    0.00    0.00   97.00
16:11:47      25    1.00    0.00    0.00    0.00    0.00    0.00    0.00    0.00    0.00   99.00
16:11:47      26    4.04    0.00    3.03    0.00    0.00    0.00    0.00    0.00    0.00   92.93
16:11:47      27    3.03    0.00    1.01    0.00    0.00    0.00    0.00    0.00    0.00   95.96
16:11:47      28    0.00    0.00    0.00    0.00    0.00    0.00    0.00    0.00    0.00  100.00
16:11:47      29    0.00    0.00    1.00    0.00    0.00    0.00    0.00    0.00    0.00   99.00
16:11:47      30    1.01    0.00    1.01    0.00    0.00    0.00    0.00    0.00    0.00   97.98
16:11:47      31    2.02    0.00    1.01    0.00    0.00    1.01    0.00    0.00    0.00   95.96
16:11:47      32    1.01    0.00    1.01    0.00    0.00    0.00    0.00    0.00    0.00   97.98
16:11:47      33    0.00    0.00    0.00    0.00    0.00    0.00    0.00    0.00    0.00  100.00
16:11:47      34    4.04    0.00    1.01    0.00    0.00    0.00    0.00    0.00    0.00   94.95
16:11:47      35    2.00    0.00    1.00    0.00    0.00    0.00    0.00    0.00    0.00   97.00
16:11:47      36    0.00    0.00    0.00    0.00    0.00    0.00    0.00    0.00    0.00  100.00
16:11:47      37    1.00    0.00    0.00    0.00    0.00    0.00    0.00    0.00    0.00   99.00
16:11:47      38    2.00    0.00    0.00    0.00    0.00    0.00    0.00    0.00    0.00   98.00
16:11:47      39    0.00    0.00    0.00    0.00    0.00    0.00    0.00    0.00    0.00  100.00
16:11:47      40    0.00    0.00    0.00    0.00    0.00    0.00    0.00    0.00    0.00  100.00
16:11:47      41    0.00    0.00    0.00    0.00    0.00    0.00    0.00    0.00    0.00  100.00
16:11:47      42    0.00    0.00    0.00    0.00    0.00    0.00    0.00    0.00    0.00  100.00
16:11:47      43    0.00    0.00    0.00    0.00    0.00    0.00    0.00    0.00    0.00  100.00
16:11:47      44    0.00    0.00    1.00    0.00    0.00    0.00    0.00    0.00    0.00   99.00
16:11:47      45    0.00    0.00    0.00    0.00    0.00    0.00    0.00    0.00    0.00  100.00
16:11:47      46    0.00    0.00    0.00    0.00    0.00    0.00    0.00    0.00    0.00  100.00
16:11:47      47    0.00    0.00    0.00    0.00    0.00    0.00    0.00    0.00    0.00  100.00
16:11:47      48    0.00    0.00    0.00    0.00    0.00    0.00    0.00    0.00    0.00  100.00
16:11:47      49    0.00    0.00    0.00    0.00    0.00    0.00    0.00    0.00    0.00  100.00
16:11:47      50    0.00    0.00    0.00    0.00    0.00    0.00    0.00    0.00    0.00  100.00
16:11:47      51    0.00    0.00    0.00    0.00    0.00    0.00    0.00    0.00    0.00  100.00
16:11:47      52    0.00    0.00    0.00    0.00    0.00    0.00    0.00    0.00    0.00  100.00
16:11:47      53    0.00    0.00    1.00    0.00    0.00    0.00    0.00    0.00    0.00   99.00
16:11:47      54    0.00    0.00    0.00    0.00    0.00    0.00    0.00    0.00    0.00  100.00
16:11:47      55    0.00    0.00    0.00    0.00    0.00    0.00    0.00    0.00    0.00  100.00
16:11:47      56    0.00    0.00    0.00    0.00    0.00    0.00    0.00    0.00    0.00  100.00
16:11:47      57    0.00    0.00    0.00    0.00    0.00    0.00    0.00    0.00    0.00  100.00
16:11:47      58    0.00    0.00    1.00   19.00    0.00    0.00    0.00    0.00    0.00   80.00
16:11:47      59    0.00    0.00    0.00    0.00    0.00    0.00    0.00    0.00    0.00  100.00
16:11:47      60    0.00    0.00    0.00    0.00    0.00    0.00    0.00    0.00    0.00  100.00
16:11:47      61    0.00    0.00    0.00    0.00    0.00    0.00    0.00    0.00    0.00  100.00
16:11:47      62    1.00    0.00    0.00    0.00    0.00    0.00    0.00    0.00    0.00   99.00
16:11:47      63    0.00    0.00    0.00    0.00    0.00    0.00    0.00    0.00    0.00  100.00
16:11:47      64    2.00    0.00    1.00    1.00    0.00    0.00    0.00    0.00    0.00   96.00
16:11:47      65    0.00    0.00    1.00    0.00    0.00    0.00    0.00    0.00    0.00   99.00
16:11:47      66    1.00    0.00    0.00    0.00    0.00    0.00    0.00    0.00    0.00   99.00
16:11:47      67    0.00    0.00    0.00    0.00    0.00    0.00    0.00    0.00    0.00  100.00
16:11:47      68    0.99    0.00    0.99    0.00    0.00    0.00    0.00    0.00    0.00   98.02
16:11:47      69    0.00    0.00    0.00    0.00    0.00    0.00    0.00    0.00    0.00  100.00
16:11:47      70    1.00    0.00    0.00    0.00    0.00    0.00    0.00    0.00    0.00   99.00
16:11:47      71    1.00    0.00    0.00    0.00    0.00    0.00    0.00    0.00    0.00   99.00

16:11:47     CPU    %usr   %nice    %sys %iowait    %irq   %soft  %steal  %guest  %gnice   %idle
16:11:48     all    0.84    0.00    0.46    0.26    0.00    0.00    0.00    0.00    0.00   98.44
16:11:48       0    0.00    0.00    0.00    0.00    0.00    0.00    0.00    0.00    0.00  100.00
16:11:48       1    0.00    0.00    0.00    0.00    0.00    0.00    0.00    0.00    0.00  100.00
16:11:48       2    0.00    0.00    0.00    0.00    0.00    0.00    0.00    0.00    0.00  100.00
16:11:48       3    0.00    0.00    0.00    0.00    0.00    0.00    0.00    0.00    0.00  100.00
16:11:48       4    0.99    0.00    1.98    0.00    0.00    0.00    0.00    0.00    0.00   97.03
16:11:48       5    0.00    0.00    0.00    0.00    0.00    0.00    0.00    0.00    0.00  100.00
16:11:48       6    0.00    0.00    1.00    0.00    0.00    0.00    0.00    0.00    0.00   99.00
16:11:48       7    0.00    0.00    0.00    0.00    0.00    0.00    0.00    0.00    0.00  100.00
16:11:48       8    0.00    0.00    0.00    0.00    0.00    0.00    0.00    0.00    0.00  100.00
16:11:48       9    0.00    0.00    0.00    0.00    0.00    0.00    0.00    0.00    0.00  100.00
16:11:48      10    0.00    0.00    0.00    0.00    0.00    0.00    0.00    0.00    0.00  100.00
16:11:48      11    0.00    0.00    0.00    0.00    0.00    0.00    0.00    0.00    0.00  100.00
16:11:48      12    0.00    0.00    0.00    0.00    0.00    0.00    0.00    0.00    0.00  100.00
16:11:48      13    0.00    0.00    1.02    0.00    0.00    0.00    0.00    0.00    0.00   98.98
16:11:48      14    1.01    0.00    0.00    0.00    0.00    0.00    0.00    0.00    0.00   98.99
16:11:48      15    0.00    0.00    0.99    0.00    0.00    0.00    0.00    0.00    0.00   99.01
16:11:48      16    2.00    0.00    0.00    0.00    0.00    0.00    0.00    0.00    0.00   98.00
16:11:48      17    0.00    0.00    0.00    0.00    0.00    0.00    0.00    0.00    0.00  100.00
16:11:48      18    8.08    0.00    4.04    1.01    0.00    0.00    0.00    0.00    0.00   86.87
16:11:48      19    2.00    0.00    0.00    0.00    0.00    0.00    0.00    0.00    0.00   98.00
16:11:48      20    1.00    0.00    0.00    0.00    0.00    0.00    0.00    0.00    0.00   99.00
16:11:48      21    0.99    0.00    0.00    0.00    0.00    0.00    0.00    0.00    0.00   99.01
16:11:48      22    6.06    0.00    5.05    0.00    0.00    0.00    0.00    0.00    0.00   88.89
16:11:48      23    1.01    0.00    0.00    0.00    0.00    0.00    0.00    0.00    0.00   98.99
16:11:48      24    1.00    0.00    0.00    0.00    0.00    0.00    0.00    0.00    0.00   99.00
16:11:48      25    0.00    0.00    1.00    0.00    0.00    0.00    0.00    0.00    0.00   99.00
16:11:48      26    3.03    0.00    1.01    0.00    0.00    0.00    0.00    0.00    0.00   95.96
16:11:48      27    2.00    0.00    2.00    0.00    0.00    0.00    0.00    0.00    0.00   96.00
16:11:48      28    0.00    0.00    0.00    0.00    0.00    0.00    0.00    0.00    0.00  100.00
16:11:48      29    0.00    0.00    0.00    0.00    0.00    0.00    0.00    0.00    0.00  100.00
16:11:48      30    2.94    0.00    1.96    0.00    0.00    0.00    0.00    0.00    0.00   95.10
16:11:48      31    3.00    0.00    2.00    0.00    0.00    0.00    0.00    0.00    0.00   95.00
16:11:48      32    3.00    0.00    3.00    0.00    0.00    0.00    0.00    0.00    0.00   94.00
16:11:48      33    0.00    0.00    0.00    0.00    0.00    0.00    0.00    0.00    0.00  100.00
16:11:48      34   13.13    0.00    2.02    1.01    0.00    0.00    0.00    0.00    0.00   83.84
16:11:48      35    3.00    0.00    1.00    0.00    0.00    0.00    0.00    0.00    0.00   96.00
16:11:48      36    2.00    0.00    0.00    0.00    0.00    0.00    0.00    0.00    0.00   98.00
16:11:48      37    1.00    0.00    0.00    0.00    0.00    0.00    0.00    0.00    0.00   99.00
16:11:48      38    0.00    0.00    0.00    0.00    0.00    0.00    0.00    0.00    0.00  100.00
16:11:48      39    0.00    0.00    0.00    0.00    0.00    0.00    0.00    0.00    0.00  100.00
16:11:48      40    0.00    0.00    0.00    0.00    0.00    0.00    0.00    0.00    0.00  100.00
16:11:48      41    0.00    0.00    0.00    0.00    0.00    0.00    0.00    0.00    0.00  100.00
16:11:48      42    0.00    0.00    0.99    0.00    0.00    0.00    0.00    0.00    0.00   99.01
16:11:48      43    0.00    0.00    0.00    0.00    0.00    0.00    0.00    0.00    0.00  100.00
16:11:48      44    0.00    0.00    1.00    0.00    0.00    0.00    0.00    0.00    0.00   99.00
16:11:48      45    0.00    0.00    0.00    0.00    0.00    0.00    0.00    0.00    0.00  100.00
16:11:48      46    0.00    0.00    0.00    0.00    0.00    0.00    0.00    0.00    0.00  100.00
16:11:48      47    0.00    0.00    1.00    0.00    0.00    0.00    0.00    0.00    0.00   99.00
16:11:48      48    0.00    0.00    0.00    0.00    0.00    0.00    0.00    0.00    0.00  100.00
16:11:48      49    0.00    0.00    0.00    0.00    0.00    0.00    0.00    0.00    0.00  100.00
16:11:48      50    0.00    0.00    0.00    0.00    0.00    0.00    0.00    0.00    0.00  100.00
16:11:48      51    0.00    0.00    0.00    0.00    0.00    0.00    0.00    0.00    0.00  100.00
16:11:48      52    0.00    0.00    0.00    0.00    0.00    0.00    0.00    0.00    0.00  100.00
16:11:48      53    0.00    0.00    0.99    0.00    0.00    0.00    0.00    0.00    0.00   99.01
16:11:48      54    0.00    0.00    0.99    0.00    0.00    0.00    0.00    0.00    0.00   99.01
16:11:48      55    0.00    0.00    0.00    0.00    0.00    0.00    0.00    0.00    0.00  100.00
16:11:48      56    0.00    0.00    0.00    0.00    0.00    0.00    0.00    0.00    0.00  100.00
16:11:48      57    0.00    0.00    0.00    0.00    0.00    0.00    0.00    0.00    0.00  100.00
16:11:48      58    1.01    0.00    0.00   17.17    0.00    0.00    0.00    0.00    0.00   81.82
16:11:48      59    0.00    0.00    0.00    0.00    0.00    0.00    0.00    0.00    0.00  100.00
16:11:48      60    0.00    0.00    0.00    0.00    0.00    0.00    0.00    0.00    0.00  100.00
16:11:48      61    0.00    0.00    0.00    0.00    0.00    0.00    0.00    0.00    0.00  100.00
16:11:48      62    0.00    0.00    0.00    0.00    0.00    0.00    0.00    0.00    0.00  100.00
16:11:48      63    0.00    0.00    0.00    0.00    0.00    0.00    0.00    0.00    0.00  100.00
16:11:48      64    0.00    0.00    0.00    0.00    0.00    0.00    0.00    0.00    0.00  100.00
16:11:48      65    1.02    0.00    0.00    0.00    0.00    0.00    0.00    0.00    0.00   98.98
16:11:48      66    0.00    0.00    0.00    0.00    0.00    0.00    0.00    0.00    0.00  100.00
16:11:48      67    0.00    0.00    0.00    0.00    0.00    0.00    0.00    0.00    0.00  100.00
16:11:48      68    0.00    0.00    0.00    0.00    0.00    0.00    0.00    0.00    0.00  100.00
16:11:48      69    0.00    0.00    0.00    0.00    0.00    0.00    0.00    0.00    0.00  100.00
16:11:48      70    1.00    0.00    0.00    0.00    0.00    0.00    0.00    0.00    0.00   99.00
16:11:48      71    0.00    0.00    0.00    0.00    0.00    0.00    0.00    0.00    0.00  100.00

16:11:48     CPU    %usr   %nice    %sys %iowait    %irq   %soft  %steal  %guest  %gnice   %idle
16:11:49     all    1.06    0.00    0.47    0.32    0.00    0.00    0.00    0.00    0.00   98.15
16:11:49       0    0.00    0.00    0.00    0.00    0.00    0.00    0.00    0.00    0.00  100.00
16:11:49       1    0.99    0.00    0.00    0.00    0.00    0.00    0.00    0.00    0.00   99.01
16:11:49       2    0.00    0.00    0.00    0.00    0.00    0.00    0.00    0.00    0.00  100.00
16:11:49       3    0.00    0.00    0.00    0.00    0.00    0.00    0.00    0.00    0.00  100.00
16:11:49       4    0.00    0.00    0.00    0.00    0.00    0.00    0.00    0.00    0.00  100.00
16:11:49       5    0.00    0.00    1.98    0.00    0.00    0.00    0.00    0.00    0.00   98.02
16:11:49       6    0.00    0.00    0.00    0.00    0.00    0.00    0.00    0.00    0.00  100.00
16:11:49       7    0.00    0.00    0.00    0.00    0.00    0.00    0.00    0.00    0.00  100.00
16:11:49       8    0.00    0.00    0.00    0.00    0.00    0.00    0.00    0.00    0.00  100.00
16:11:49       9    0.00    0.00    0.00    0.00    0.00    0.00    0.00    0.00    0.00  100.00
16:11:49      10    0.00    0.00    0.00    0.00    0.00    0.00    0.00    0.00    0.00  100.00
16:11:49      11    0.00    0.00    0.00    0.00    0.00    0.00    0.00    0.00    0.00  100.00
16:11:49      12    0.00    0.00    0.99    0.00    0.00    0.00    0.00    0.00    0.00   99.01
16:11:49      13    0.00    0.00    0.00    0.00    0.00    0.00    0.00    0.00    0.00  100.00
16:11:49      14    0.00    0.00    0.00    0.00    0.00    0.00    0.00    0.00    0.00  100.00
16:11:49      15    0.00    0.00    0.00    0.00    0.00    0.00    0.00    0.00    0.00  100.00
16:11:49      16    0.00    0.00    0.00    0.00    0.00    0.00    0.00    0.00    0.00  100.00
16:11:49      17    0.00    0.00    0.00    0.00    0.00    0.00    0.00    0.00    0.00  100.00
16:11:49      18    5.10    0.00    2.04    1.02    0.00    0.00    0.00    0.00    0.00   91.84
16:11:49      19    1.01    0.00    1.01    0.00    0.00    0.00    0.00    0.00    0.00   97.98
16:11:49      20    4.04    0.00    0.00    0.00    0.00    0.00    0.00    0.00    0.00   95.96
16:11:49      21    0.00    0.00    0.99    0.00    0.00    0.00    0.00    0.00    0.00   99.01
16:11:49      22   27.72    0.00    6.93    0.99    0.00    0.00    0.00    0.00    0.00   64.36
16:11:49      23    2.00    0.00    0.00    0.00    0.00    0.00    0.00    0.00    0.00   98.00
16:11:49      24    1.00    0.00    0.00    0.00    0.00    0.00    0.00    0.00    0.00   99.00
16:11:49      25    1.01    0.00    0.00    0.00    0.00    0.00    0.00    0.00    0.00   98.99
16:11:49      26    3.00    0.00    3.00    0.00    0.00    0.00    0.00    0.00    0.00   94.00
16:11:49      27    5.05    0.00    3.03    0.00    0.00    0.00    0.00    0.00    0.00   91.92
16:11:49      28    1.00    0.00    0.00    0.00    0.00    0.00    0.00    0.00    0.00   99.00
16:11:49      29    1.98    0.00    1.98    0.00    0.00    0.00    0.00    0.00    0.00   96.04
16:11:49      30    1.01    0.00    0.00    0.00    0.00    0.00    0.00    0.00    0.00   98.99
16:11:49      31    6.00    0.00    2.00    0.00    0.00    0.00    0.00    0.00    0.00   92.00
16:11:49      32    2.00    0.00    2.00    0.00    0.00    0.00    0.00    0.00    0.00   96.00
16:11:49      33    0.00    0.00    0.00    0.00    0.00    0.00    0.00    0.00    0.00  100.00
16:11:49      34    7.92    0.00    2.97    0.00    0.00    0.00    0.00    0.00    0.00   89.11
16:11:49      35    1.01    0.00    0.00    0.00    0.00    0.00    0.00    0.00    0.00   98.99
16:11:49      36    1.01    0.00    0.00    0.00    0.00    0.00    0.00    0.00    0.00   98.99
16:11:49      37    0.00    0.00    0.00    0.00    0.00    0.00    0.00    0.00    0.00  100.00
16:11:49      38    0.00    0.00    0.99    0.00    0.00    0.00    0.00    0.00    0.00   99.01
16:11:49      39    0.00    0.00    0.00    0.00    0.00    0.00    0.00    0.00    0.00  100.00
16:11:49      40    1.02    0.00    0.00    0.00    0.00    0.00    0.00    0.00    0.00   98.98
16:11:49      41    0.00    0.00    0.00    0.00    0.00    0.00    0.00    0.00    0.00  100.00
16:11:49      42    0.00    0.00    0.00    0.00    0.00    0.00    0.00    0.00    0.00  100.00
16:11:49      43    0.00    0.00    0.00    0.00    0.00    0.00    0.00    0.00    0.00  100.00
16:11:49      44    0.00    0.00    0.00    0.00    0.00    0.00    0.00    0.00    0.00  100.00
16:11:49      45    0.00    0.00    0.00    0.00    0.00    0.00    0.00    0.00    0.00  100.00
16:11:49      46    0.00    0.00    0.00    0.00    0.00    0.00    0.00    0.00    0.00  100.00
16:11:49      47    0.00    0.00    0.00    0.00    0.00    0.00    0.00    0.00    0.00  100.00
16:11:49      48    0.00    0.00    0.00    0.00    0.00    0.00    0.00    0.00    0.00  100.00
16:11:49      49    0.00    0.00    0.00    0.00    0.00    0.00    0.00    0.00    0.00  100.00
16:11:49      50    0.00    0.00    0.00    0.00    0.00    0.00    0.00    0.00    0.00  100.00
16:11:49      51    0.00    0.00    0.00    0.00    0.00    0.00    0.00    0.00    0.00  100.00
16:11:49      52    0.00    0.00    0.00    0.00    0.00    0.00    0.00    0.00    0.00  100.00
16:11:49      53    0.00    0.00    0.00    0.00    0.00    0.00    0.00    0.00    0.00  100.00
16:11:49      54    0.00    0.00    0.00    0.00    0.00    0.00    0.00    0.00    0.00  100.00
16:11:49      55    0.00    0.00    0.00    0.00    0.00    0.00    0.00    0.00    0.00  100.00
16:11:49      56    0.98    0.00    0.98    0.00    0.00    0.00    0.00    0.00    0.00   98.04
16:11:49      57    1.01    0.00    1.01    0.00    0.00    0.00    0.00    0.00    0.00   97.98
16:11:49      58    0.00    0.00    1.01   21.21    0.00    0.00    0.00    0.00    0.00   77.78
16:11:49      59    0.00    0.00    0.00    0.00    0.00    0.00    0.00    0.00    0.00  100.00
16:11:49      60    0.00    0.00    0.00    0.00    0.00    0.00    0.00    0.00    0.00  100.00
16:11:49      61    0.00    0.00    0.00    0.00    0.00    0.00    0.00    0.00    0.00  100.00
16:11:49      62    0.00    0.00    1.00    0.00    0.00    0.00    0.00    0.00    0.00   99.00
16:11:49      63    0.00    0.00    0.00    0.00    0.00    0.00    0.00    0.00    0.00  100.00
16:11:49      64    0.00    0.00    0.00    0.00    0.00    0.00    0.00    0.00    0.00  100.00
16:11:49      65    0.00    0.00    0.00    0.00    0.00    0.00    0.00    0.00    0.00  100.00
16:11:49      66    0.00    0.00    0.00    0.00    0.00    0.00    0.00    0.00    0.00  100.00
16:11:49      67    0.00    0.00    0.00    0.00    0.00    0.00    0.00    0.00    0.00  100.00
16:11:49      68    0.00    0.00    0.00    0.00    0.00    0.00    0.00    0.00    0.00  100.00
16:11:49      69    0.00    0.00    0.00    0.00    0.00    0.00    0.00    0.00    0.00  100.00
16:11:49      70    0.00    0.00    0.00    0.00    0.00    0.00    0.00    0.00    0.00  100.00
16:11:49      71    0.00    0.00    0.00    0.00    0.00    0.00    0.00    0.00    0.00  100.00

16:11:49     CPU    %usr   %nice    %sys %iowait    %irq   %soft  %steal  %guest  %gnice   %idle
16:11:50     all    0.63    0.00    0.43    0.28    0.00    0.00    0.00    0.00    0.00   98.66
16:11:50       0    0.00    0.00    0.00    0.00    0.00    0.00    0.00    0.00    0.00  100.00
16:11:50       1    0.00    0.00    0.00    0.00    0.00    0.00    0.00    0.00    0.00  100.00
16:11:50       2    0.00    0.00    0.00    0.00    0.00    0.00    0.00    0.00    0.00  100.00
16:11:50       3    0.00    0.00    0.00    0.00    0.00    0.00    0.00    0.00    0.00  100.00
16:11:50       4    0.00    0.00    0.00    0.00    0.00    0.00    0.00    0.00    0.00  100.00
16:11:50       5    0.00    0.00    0.00    0.00    0.00    0.00    0.00    0.00    0.00  100.00
16:11:50       6    0.00    0.00    0.00    0.00    0.00    0.00    0.00    0.00    0.00  100.00
16:11:50       7    0.00    0.00    0.00    0.00    0.00    0.00    0.00    0.00    0.00  100.00
16:11:50       8    0.00    0.00    0.00    0.00    0.00    0.00    0.00    0.00    0.00  100.00
16:11:50       9    0.00    0.00    0.00    0.00    0.00    0.00    0.00    0.00    0.00  100.00
16:11:50      10    0.99    0.00    0.00    0.00    0.00    0.00    0.00    0.00    0.00   99.01
16:11:50      11    0.00    0.00    0.00    0.00    0.00    0.00    0.00    0.00    0.00  100.00
16:11:50      12    0.00    0.00    0.00    0.00    0.00    0.00    0.00    0.00    0.00  100.00
16:11:50      13    0.99    0.00    0.00    0.00    0.00    0.00    0.00    0.00    0.00   99.01
16:11:50      14    0.00    0.00    1.00    0.00    0.00    0.00    0.00    0.00    0.00   99.00
16:11:50      15    0.00    0.00    0.00    0.00    0.00    0.00    0.00    0.00    0.00  100.00
16:11:50      16    0.00    0.00    0.00    0.00    0.00    0.00    0.00    0.00    0.00  100.00
16:11:50      17    0.00    0.00    0.00    0.00    0.00    0.00    0.00    0.00    0.00  100.00
16:11:50      18    7.07    0.00    3.03    0.00    0.00    0.00    0.00    0.00    0.00   89.90
16:11:50      19    3.00    0.00    1.00    0.00    0.00    0.00    0.00    0.00    0.00   96.00
16:11:50      20    2.97    0.00    0.99    0.00    0.00    0.00    0.00    0.00    0.00   96.04
16:11:50      21    0.00    0.00    0.00    0.00    0.00    0.00    0.00    0.00    0.00  100.00
16:11:50      22    5.00    0.00    8.00    1.00    0.00    0.00    0.00    0.00    0.00   86.00
16:11:50      23    1.00    0.00    0.00    0.00    0.00    0.00    0.00    0.00    0.00   99.00
16:11:50      24    1.02    0.00    0.00    0.00    0.00    0.00    0.00    0.00    0.00   98.98
16:11:50      25    2.00    0.00    2.00    0.00    0.00    0.00    0.00    0.00    0.00   96.00
16:11:50      26    4.04    0.00    1.01    0.00    0.00    0.00    0.00    0.00    0.00   94.95
16:11:50      27    4.04    0.00    3.03    1.01    0.00    0.00    0.00    0.00    0.00   91.92
16:11:50      28    0.00    0.00    0.00    0.00    0.00    0.00    0.00    0.00    0.00  100.00
16:11:50      29    2.02    0.00    1.01    0.00    0.00    0.00    0.00    0.00    0.00   96.97
16:11:50      30    0.00    0.00    1.00    0.00    0.00    0.00    0.00    0.00    0.00   99.00
16:11:50      31    1.01    0.00    0.00    0.00    0.00    0.00    0.00    0.00    0.00   98.99
16:11:50      32    0.00    0.00    0.00    0.00    0.00    0.00    0.00    0.00    0.00  100.00
16:11:50      33    0.00    0.00    0.00    0.00    0.00    0.00    0.00    0.00    0.00  100.00
16:11:50      34    5.05    0.00    1.01    1.01    0.00    0.00    0.00    0.00    0.00   92.93
16:11:50      35    0.00    0.00    0.00    0.00    0.00    0.00    0.00    0.00    0.00  100.00
16:11:50      36    0.99    0.00    0.00    0.00    0.00    0.00    0.00    0.00    0.00   99.01
16:11:50      37    1.00    0.00    0.00    0.00    0.00    0.00    0.00    0.00    0.00   99.00
16:11:50      38    0.00    0.00    0.00    0.00    0.00    0.00    0.00    0.00    0.00  100.00
16:11:50      39    0.00    0.00    0.00    0.00    0.00    0.00    0.00    0.00    0.00  100.00
16:11:50      40    0.00    0.00    0.00    0.00    0.00    0.00    0.00    0.00    0.00  100.00
16:11:50      41    0.00    0.00    0.00    0.00    0.00    0.00    0.00    0.00    0.00  100.00
16:11:50      42    0.00    0.00    0.00    0.00    0.00    0.00    0.00    0.00    0.00  100.00
16:11:50      43    0.99    0.00    0.99    0.00    0.00    0.00    0.00    0.00    0.00   98.02
16:11:50      44    0.00    0.00    1.00    0.00    0.00    0.00    0.00    0.00    0.00   99.00
16:11:50      45    0.00    0.00    0.00    0.00    0.00    0.00    0.00    0.00    0.00  100.00
16:11:50      46    0.00    0.00    0.00    0.00    0.00    0.00    0.00    0.00    0.00  100.00
16:11:50      47    0.00    0.00    0.00    6.06    0.00    0.00    0.00    0.00    0.00   93.94
16:11:50      48    0.00    0.00    0.00    0.00    0.00    0.00    0.00    0.00    0.00  100.00
16:11:50      49    0.00    0.00    0.00    0.00    0.00    0.00    0.00    0.00    0.00  100.00
16:11:50      50    0.00    0.00    0.00    0.00    0.00    0.00    0.00    0.00    0.00  100.00
16:11:50      51    0.00    0.00    0.00    0.00    0.00    0.00    0.00    0.00    0.00  100.00
16:11:50      52    0.00    0.00    0.00    0.00    0.00    0.00    0.00    0.00    0.00  100.00
16:11:50      53    0.00    0.00    0.00    0.00    0.00    0.00    0.00    0.00    0.00  100.00
16:11:50      54    0.00    0.00    0.00    0.00    0.00    0.00    0.00    0.00    0.00  100.00
16:11:50      55    0.00    0.00    0.99    0.00    0.00    0.00    0.00    0.00    0.00   99.01
16:11:50      56    1.02    0.00    1.02    0.00    0.00    0.00    0.00    0.00    0.00   97.96
16:11:50      57    1.01    0.00    4.04    0.00    0.00    0.00    0.00    0.00    0.00   94.95
16:11:50      58    0.00    0.00    0.00   11.00    0.00    0.00    0.00    0.00    0.00   89.00
16:11:50      59    0.00    0.00    0.00    0.00    0.00    0.00    0.00    0.00    0.00  100.00
16:11:50      60    0.00    0.00    0.00    0.00    0.00    0.00    0.00    0.00    0.00  100.00
16:11:50      61    0.00    0.00    0.00    0.00    0.00    0.00    0.00    0.00    0.00  100.00
16:11:50      62    0.00    0.00    0.00    0.00    0.00    0.00    0.00    0.00    0.00  100.00
16:11:50      63    0.00    0.00    0.00    0.00    0.00    0.00    0.00    0.00    0.00  100.00
16:11:50      64    0.00    0.00    0.00    0.00    0.00    0.00    0.00    0.00    0.00  100.00
16:11:50      65    0.00    0.00    0.00    0.00    0.00    0.00    0.00    0.00    0.00  100.00
16:11:50      66    0.00    0.00    0.00    0.00    0.00    0.00    0.00    0.00    0.00  100.00
16:11:50      67    0.00    0.00    0.00    0.00    0.00    0.00    0.00    0.00    0.00  100.00
16:11:50      68    0.00    0.00    0.00    0.00    0.00    0.00    0.00    0.00    0.00  100.00
16:11:50      69    0.00    0.00    0.00    0.00    0.00    0.00    0.00    0.00    0.00  100.00
16:11:50      70    0.00    0.00    0.00    0.00    0.00    0.00    0.00    0.00    0.00  100.00
16:11:50      71    0.00    0.00    0.00    0.00    0.00    0.00    0.00    0.00    0.00  100.00

16:11:50     CPU    %usr   %nice    %sys %iowait    %irq   %soft  %steal  %guest  %gnice   %idle
16:11:51     all    0.79    0.00    0.53    0.32    0.00    0.00    0.00    0.00    0.00   98.36
16:11:51       0    0.00    0.00    1.03    0.00    0.00    0.00    0.00    0.00    0.00   98.97
16:11:51       1    0.00    0.00    0.00    0.00    0.00    0.00    0.00    0.00    0.00  100.00
16:11:51       2    0.00    0.00    0.00    0.00    0.00    0.00    0.00    0.00    0.00  100.00
16:11:51       3    2.00    0.00    0.00    0.00    0.00    0.00    0.00    0.00    0.00   98.00
16:11:51       4    0.00    0.00    0.00    0.00    0.00    0.00    0.00    0.00    0.00  100.00
16:11:51       5    0.00    0.00    0.00    0.00    0.00    0.00    0.00    0.00    0.00  100.00
16:11:51       6    0.00    0.00    1.00    0.00    0.00    0.00    0.00    0.00    0.00   99.00
16:11:51       7    0.00    0.00    0.00    0.00    0.00    0.00    0.00    0.00    0.00  100.00
16:11:51       8    0.00    0.00    0.00    0.00    0.00    0.00    0.00    0.00    0.00  100.00
16:11:51       9    0.00    0.00    0.00    0.00    0.00    0.00    0.00    0.00    0.00  100.00
16:11:51      10    0.00    0.00    0.00    0.00    0.00    0.00    0.00    0.00    0.00  100.00
16:11:51      11    0.00    0.00    0.00    0.00    0.00    0.00    0.00    0.00    0.00  100.00
16:11:51      12    0.00    0.00    0.00    0.00    0.00    0.00    0.00    0.00    0.00  100.00
16:11:51      13    0.00    0.00    1.00    0.00    0.00    0.00    0.00    0.00    0.00   99.00
16:11:51      14    0.00    0.00    0.00    0.00    0.00    0.00    0.00    0.00    0.00  100.00
16:11:51      15    0.00    0.00    0.00    0.00    0.00    0.00    0.00    0.00    0.00  100.00
16:11:51      16    0.00    0.00    0.00    0.00    0.00    0.00    0.00    0.00    0.00  100.00
16:11:51      17    0.00    0.00    0.00    0.00    0.00    0.00    0.00    0.00    0.00  100.00
16:11:51      18   11.22    0.00    1.02    0.00    0.00    0.00    0.00    0.00    0.00   87.76
16:11:51      19    1.00    0.00    1.00    5.00    0.00    0.00    0.00    0.00    0.00   93.00
16:11:51      20    2.02    0.00    0.00    0.00    0.00    0.00    0.00    0.00    0.00   97.98
16:11:51      21    0.99    0.00    0.00    0.00    0.00    0.00    0.00    0.00    0.00   99.01
16:11:51      22    7.14    0.00    8.16    0.00    0.00    0.00    0.00    0.00    0.00   84.69
16:11:51      23    1.98    0.00    0.99    0.99    0.00    0.00    0.00    0.00    0.00   96.04
16:11:51      24    0.99    0.00    0.00    0.00    0.00    0.00    0.00    0.00    0.00   99.01
16:11:51      25    1.00    0.00    0.00    0.00    0.00    0.00    0.00    0.00    0.00   99.00
16:11:51      26    4.00    0.00    3.00    8.00    0.00    0.00    0.00    0.00    0.00   85.00
16:11:51      27    1.00    0.00    2.00    0.00    0.00    0.00    0.00    0.00    0.00   97.00
16:11:51      28    1.00    0.00    0.00    0.00    0.00    0.00    0.00    0.00    0.00   99.00
16:11:51      29    4.00    0.00    4.00    1.00    0.00    0.00    0.00    0.00    0.00   91.00
16:11:51      30    3.03    0.00    3.03    0.00    0.00    0.00    0.00    0.00    0.00   93.94
16:11:51      31    0.00    0.00    0.00    0.00    0.00    0.00    0.00    0.00    0.00  100.00
16:11:51      32    0.00    0.00    0.00    0.00    0.00    0.00    0.00    0.00    0.00  100.00
16:11:51      33    3.96    0.00    2.97    0.99    0.00    0.00    0.00    0.00    0.00   92.08
16:11:51      34    7.07    0.00    2.02    0.00    0.00    0.00    0.00    0.00    0.00   90.91
16:11:51      35    2.00    0.00    1.00    0.00    0.00    0.00    0.00    0.00    0.00   97.00
16:11:51      36    0.00    0.00    0.00    0.00    0.00    0.00    0.00    0.00    0.00  100.00
16:11:51      37    1.00    0.00    0.00    0.00    0.00    0.00    0.00    0.00    0.00   99.00
16:11:51      38    0.00    0.00    0.00    0.00    0.00    0.00    0.00    0.00    0.00  100.00
16:11:51      39    0.00    0.00    0.00    0.00    0.00    0.00    0.00    0.00    0.00  100.00
16:11:51      40    0.00    0.00    1.01    0.00    0.00    0.00    0.00    0.00    0.00   98.99
16:11:51      41    0.00    0.00    0.00    0.00    0.00    0.00    0.00    0.00    0.00  100.00
16:11:51      42    0.00    0.00    0.00    0.00    0.00    0.00    0.00    0.00    0.00  100.00
16:11:51      43    0.00    0.00    0.00    0.00    0.00    0.00    0.00    0.00    0.00  100.00
16:11:51      44    0.00    0.00    0.00    0.00    0.00    0.00    0.00    0.00    0.00  100.00
16:11:51      45    0.00    0.00    0.00    0.00    0.00    0.00    0.00    0.00    0.00  100.00
16:11:51      46    0.00    0.00    0.00    0.00    0.00    0.00    0.00    0.00    0.00  100.00
16:11:51      47    0.00    0.00    0.00    7.07    0.00    0.00    0.00    0.00    0.00   92.93
16:11:51      48    0.00    0.00    0.00    0.00    0.00    0.00    0.00    0.00    0.00  100.00
16:11:51      49    0.00    0.00    0.00    0.00    0.00    0.00    0.00    0.00    0.00  100.00
16:11:51      50    0.00    0.00    0.00    0.00    0.00    0.00    0.00    0.00    0.00  100.00
16:11:51      51    0.00    0.00    0.00    0.00    0.00    0.00    0.00    0.00    0.00  100.00
16:11:51      52    0.00    0.00    0.00    0.00    0.00    0.00    0.00    0.00    0.00  100.00
16:11:51      53    0.00    0.00    0.00    0.00    0.00    0.00    0.00    0.00    0.00  100.00
16:11:51      54    0.00    0.00    0.00    0.00    0.00    0.00    0.00    0.00    0.00  100.00
16:11:51      55    0.00    0.00    0.00    0.00    0.00    0.00    0.00    0.00    0.00  100.00
16:11:51      56    0.00    0.00    0.00    0.00    0.00    0.00    0.00    0.00    0.00  100.00
16:11:51      57    0.99    0.00    4.95    0.00    0.00    0.00    0.00    0.00    0.00   94.06
16:11:51      58    0.00    0.00    0.00    0.00    0.00    0.00    0.00    0.00    0.00  100.00
16:11:51      59    0.00    0.00    0.00    0.00    0.00    0.00    0.00    0.00    0.00  100.00
16:11:51      60    0.00    0.00    0.00    0.00    0.00    0.00    0.00    0.00    0.00  100.00
16:11:51      61    0.00    0.00    0.00    0.00    0.00    0.00    0.00    0.00    0.00  100.00
16:11:51      62    0.00    0.00    0.00    0.00    0.00    0.00    0.00    0.00    0.00  100.00
16:11:51      63    0.00    0.00    0.00    0.00    0.00    0.00    0.00    0.00    0.00  100.00
16:11:51      64    0.00    0.00    0.00    0.00    0.00    0.00    0.00    0.00    0.00  100.00
16:11:51      65    0.00    0.00    0.00    0.00    0.00    0.00    0.00    0.00    0.00  100.00
16:11:51      66    0.00    0.00    0.00    0.00    0.00    0.00    0.00    0.00    0.00  100.00
16:11:51      67    0.00    0.00    0.00    0.00    0.00    0.00    0.00    0.00    0.00  100.00
16:11:51      68    0.00    0.00    0.00    0.00    0.00    0.00    0.00    0.00    0.00  100.00
16:11:51      69    0.00    0.00    0.00    0.00    0.00    0.00    0.00    0.00    0.00  100.00
16:11:51      70    1.00    0.00    0.00    0.00    0.00    0.00    0.00    0.00    0.00   99.00
16:11:51      71    0.00    0.00    0.00    0.00    0.00    0.00    0.00    0.00    0.00  100.00

16:11:51     CPU    %usr   %nice    %sys %iowait    %irq   %soft  %steal  %guest  %gnice   %idle
16:11:52     all    0.74    0.00    0.42    0.32    0.00    0.01    0.00    0.00    0.00   98.51
16:11:52       0    0.00    0.00    0.00    0.00    0.00    0.00    0.00    0.00    0.00  100.00
16:11:52       1    0.00    0.00    0.00    0.00    0.00    0.00    0.00    0.00    0.00  100.00
16:11:52       2    0.00    0.00    0.00    0.00    0.00    0.00    0.00    0.00    0.00  100.00
16:11:52       3    1.00    0.00    0.00    0.00    0.00    0.00    0.00    0.00    0.00   99.00
16:11:52       4    0.00    0.00    0.00    0.00    0.00    0.00    0.00    0.00    0.00  100.00
16:11:52       5    0.00    0.00    0.00    0.00    0.00    0.00    0.00    0.00    0.00  100.00
16:11:52       6    0.00    0.00    0.00    0.00    0.00    0.00    0.00    0.00    0.00  100.00
16:11:52       7    0.00    0.00    0.00    0.00    0.00    0.00    0.00    0.00    0.00  100.00
16:11:52       8    0.00    0.00    0.00    0.00    0.00    0.00    0.00    0.00    0.00  100.00
16:11:52       9    0.00    0.00    0.00    0.00    0.00    0.00    0.00    0.00    0.00  100.00
16:11:52      10    0.00    0.00    0.00    0.00    0.00    0.00    0.00    0.00    0.00  100.00
16:11:52      11    0.00    0.00    0.00    0.00    0.00    0.00    0.00    0.00    0.00  100.00
16:11:52      12    0.00    0.00    0.00    0.00    0.00    0.00    0.00    0.00    0.00  100.00
16:11:52      13    0.00    0.00    0.00    0.00    0.00    0.00    0.00    0.00    0.00  100.00
16:11:52      14    0.00    0.00    0.00    0.00    0.00    0.00    0.00    0.00    0.00  100.00
16:11:52      15    1.00    0.00    0.00    0.00    0.00    0.00    0.00    0.00    0.00   99.00
16:11:52      16    0.00    0.00    0.00    0.00    0.00    0.00    0.00    0.00    0.00  100.00
16:11:52      17    0.00    0.00    0.00    0.00    0.00    0.00    0.00    0.00    0.00  100.00
16:11:52      18    7.00    0.00    3.00    8.00    0.00    0.00    0.00    0.00    0.00   82.00
16:11:52      19    0.00    0.00    0.00   12.24    0.00    0.00    0.00    0.00    0.00   87.76
16:11:52      20    1.00    0.00    0.00    0.00    0.00    0.00    0.00    0.00    0.00   99.00
16:11:52      21    0.00    0.00    0.00    0.00    0.00    0.00    0.00    0.00    0.00  100.00
16:11:52      22   11.11    0.00    7.07    1.01    0.00    0.00    0.00    0.00    0.00   80.81
16:11:52      23    4.00    0.00    2.00    0.00    0.00    0.00    0.00    0.00    0.00   94.00
16:11:52      24    1.00    0.00    1.00    0.00    0.00    0.00    0.00    0.00    0.00   98.00
16:11:52      25    1.00    0.00    0.00    0.00    0.00    0.00    0.00    0.00    0.00   99.00
16:11:52      26    4.04    0.00    2.02    1.01    0.00    0.00    0.00    0.00    0.00   92.93
16:11:52      27    1.00    0.00    0.00    0.00    0.00    1.00    0.00    0.00    0.00   98.00
16:11:52      28    0.00    0.00    1.00    0.00    0.00    0.00    0.00    0.00    0.00   99.00
16:11:52      29    2.00    0.00    2.00    0.00    0.00    0.00    0.00    0.00    0.00   96.00
16:11:52      30    1.00    0.00    1.00    0.00    0.00    0.00    0.00    0.00    0.00   98.00
16:11:52      31    0.00    0.00    1.00    0.00    0.00    0.00    0.00    0.00    0.00   99.00
16:11:52      32    0.00    0.00    0.00    0.00    0.00    0.00    0.00    0.00    0.00  100.00
16:11:52      33    0.00    0.00    0.00    0.00    0.00    0.00    0.00    0.00    0.00  100.00
16:11:52      34    6.00    0.00    2.00    1.00    0.00    0.00    0.00    0.00    0.00   91.00
16:11:52      35    2.00    0.00    0.00    0.00    0.00    0.00    0.00    0.00    0.00   98.00
16:11:52      36    1.98    0.00    0.99    0.00    0.00    0.00    0.00    0.00    0.00   97.03
16:11:52      37    1.00    0.00    0.00    0.00    0.00    0.00    0.00    0.00    0.00   99.00
16:11:52      38    0.00    0.00    0.00    0.00    0.00    0.00    0.00    0.00    0.00  100.00
16:11:52      39    0.00    0.00    0.00    0.00    0.00    0.00    0.00    0.00    0.00  100.00
16:11:52      40    0.00    0.00    0.00    0.00    0.00    0.00    0.00    0.00    0.00  100.00
16:11:52      41    0.99    0.00    0.00    0.00    0.00    0.00    0.00    0.00    0.00   99.01
16:11:52      42    0.00    0.00    0.00    0.00    0.00    0.00    0.00    0.00    0.00  100.00
16:11:52      43    0.00    0.00    1.00    0.00    0.00    0.00    0.00    0.00    0.00   99.00
16:11:52      44    1.00    0.00    1.00    0.00    0.00    0.00    0.00    0.00    0.00   98.00
16:11:52      45    0.00    0.00    0.00    0.00    0.00    0.00    0.00    0.00    0.00  100.00
16:11:52      46    0.00    0.00    0.00    0.00    0.00    0.00    0.00    0.00    0.00  100.00
16:11:52      47    0.00    0.00    0.00    0.00    0.00    0.00    0.00    0.00    0.00  100.00
16:11:52      48    0.00    0.00    0.00    0.00    0.00    0.00    0.00    0.00    0.00  100.00
16:11:52      49    0.00    0.00    0.00    0.00    0.00    0.00    0.00    0.00    0.00  100.00
16:11:52      50    0.00    0.00    0.00    0.00    0.00    0.00    0.00    0.00    0.00  100.00
16:11:52      51    0.99    0.00    0.00    0.00    0.00    0.00    0.00    0.00    0.00   99.01
16:11:52      52    0.00    0.00    0.00    0.00    0.00    0.00    0.00    0.00    0.00  100.00
16:11:52      53    0.00    0.00    0.00    0.00    0.00    0.00    0.00    0.00    0.00  100.00
16:11:52      54    0.00    0.00    0.00    0.00    0.00    0.00    0.00    0.00    0.00  100.00
16:11:52      55    0.00    0.00    0.00    0.00    0.00    0.00    0.00    0.00    0.00  100.00
16:11:52      56    0.99    0.00    0.99    0.00    0.00    0.00    0.00    0.00    0.00   98.02
16:11:52      57    1.02    0.00    3.06    0.00    0.00    0.00    0.00    0.00    0.00   95.92
16:11:52      58    0.98    0.00    0.98    0.00    0.00    0.00    0.00    0.00    0.00   98.04
16:11:52      59    0.00    0.00    0.00    0.00    0.00    0.00    0.00    0.00    0.00  100.00
16:11:52      60    0.00    0.00    0.00    0.00    0.00    0.00    0.00    0.00    0.00  100.00
16:11:52      61    0.00    0.00    0.00    0.00    0.00    0.00    0.00    0.00    0.00  100.00
16:11:52      62    0.00    0.00    0.00    0.00    0.00    0.00    0.00    0.00    0.00  100.00
16:11:52      63    0.00    0.00    0.00    0.00    0.00    0.00    0.00    0.00    0.00  100.00
16:11:52      64    0.00    0.00    0.00    0.00    0.00    0.00    0.00    0.00    0.00  100.00
16:11:52      65    0.00    0.00    0.00    0.00    0.00    0.00    0.00    0.00    0.00  100.00
16:11:52      66    0.00    0.00    0.00    0.00    0.00    0.00    0.00    0.00    0.00  100.00
16:11:52      67    0.00    0.00    0.00    0.00    0.00    0.00    0.00    0.00    0.00  100.00
16:11:52      68    0.00    0.00    0.00    0.00    0.00    0.00    0.00    0.00    0.00  100.00
16:11:52      69    0.99    0.00    0.00    0.00    0.00    0.00    0.00    0.00    0.00   99.01
16:11:52      70    0.00    0.00    0.00    0.00    0.00    0.00    0.00    0.00    0.00  100.00
16:11:52      71    0.00    0.00    0.00    0.00    0.00    0.00    0.00    0.00    0.00  100.00

16:11:52     CPU    %usr   %nice    %sys %iowait    %irq   %soft  %steal  %guest  %gnice   %idle
16:11:53     all    0.71    0.00    0.43    0.28    0.00    0.00    0.00    0.00    0.00   98.58
16:11:53       0    1.03    0.00    0.00    0.00    0.00    0.00    0.00    0.00    0.00   98.97
16:11:53       1    0.00    0.00    0.00    0.00    0.00    0.00    0.00    0.00    0.00  100.00
16:11:53       2    0.00    0.00    0.00    0.00    0.00    0.00    0.00    0.00    0.00  100.00
16:11:53       3    0.00    0.00    0.00    0.00    0.00    0.00    0.00    0.00    0.00  100.00
16:11:53       4    0.00    0.00    0.00    0.00    0.00    0.00    0.00    0.00    0.00  100.00
16:11:53       5    0.99    0.00    0.00    0.00    0.00    0.00    0.00    0.00    0.00   99.01
16:11:53       6    0.00    0.00    0.00    0.00    0.00    0.00    0.00    0.00    0.00  100.00
16:11:53       7    0.00    0.00    0.00    0.00    0.00    0.00    0.00    0.00    0.00  100.00
16:11:53       8    0.00    0.00    0.00    0.00    0.00    0.00    0.00    0.00    0.00  100.00
16:11:53       9    0.00    0.00    0.00    0.00    0.00    0.00    0.00    0.00    0.00  100.00
16:11:53      10    0.00    0.00    0.00    0.00    0.00    0.00    0.00    0.00    0.00  100.00
16:11:53      11    0.00    0.00    0.00    0.00    0.00    0.00    0.00    0.00    0.00  100.00
16:11:53      12    0.00    0.00    0.00    0.00    0.00    0.00    0.00    0.00    0.00  100.00
16:11:53      13    0.00    0.00    0.00    0.00    0.00    0.00    0.00    0.00    0.00  100.00
16:11:53      14    0.00    0.00    0.99    0.00    0.00    0.00    0.00    0.00    0.00   99.01
16:11:53      15    0.00    0.00    0.00    0.00    0.00    0.00    0.00    0.00    0.00  100.00
16:11:53      16    0.00    0.00    0.00    0.00    0.00    0.00    0.00    0.00    0.00  100.00
16:11:53      17    0.00    0.00    0.00    0.00    0.00    0.00    0.00    0.00    0.00  100.00
16:11:53      18    9.09    0.00    2.02    3.03    0.00    0.00    0.00    0.00    0.00   85.86
16:11:53      19    2.00    0.00    0.00    0.00    0.00    0.00    0.00    0.00    0.00   98.00
16:11:53      20    1.01    0.00    1.01    0.00    0.00    0.00    0.00    0.00    0.00   97.98
16:11:53      21    2.00    0.00    2.00    1.00    0.00    0.00    0.00    0.00    0.00   95.00
16:11:53      22    5.05    0.00    7.07    0.00    0.00    0.00    0.00    0.00    0.00   87.88
16:11:53      23    2.04    0.00    0.00    0.00    0.00    0.00    0.00    0.00    0.00   97.96
16:11:53      24    0.00    0.00    0.00    0.00    0.00    0.00    0.00    0.00    0.00  100.00
16:11:53      25    1.01    0.00    1.01    0.00    0.00    0.00    0.00    0.00    0.00   97.98
16:11:53      26    4.95    0.00    1.98    0.00    0.00    0.00    0.00    0.00    0.00   93.07
16:11:53      27    1.00    0.00    1.00    0.00    0.00    0.00    0.00    0.00    0.00   98.00
16:11:53      28    2.04    0.00    1.02    0.00    0.00    0.00    0.00    0.00    0.00   96.94
16:11:53      29    2.00    0.00    1.00    0.00    0.00    0.00    0.00    0.00    0.00   97.00
16:11:53      30    2.00    0.00    2.00    0.00    0.00    0.00    0.00    0.00    0.00   96.00
16:11:53      31    0.00    0.00    0.00    0.00    0.00    0.00    0.00    0.00    0.00  100.00
16:11:53      32    1.00    0.00    0.00    0.00    0.00    0.00    0.00    0.00    0.00   99.00
16:11:53      33    0.00    0.00    0.00    0.00    0.00    0.00    0.00    0.00    0.00  100.00
16:11:53      34    4.08    0.00    2.04    0.00    0.00    0.00    0.00    0.00    0.00   93.88
16:11:53      35    4.00    0.00    1.00    0.00    0.00    0.00    0.00    0.00    0.00   95.00
16:11:53      36    2.00    0.00    0.00    0.00    0.00    0.00    0.00    0.00    0.00   98.00
16:11:53      37    0.00    0.00    0.99    0.00    0.00    0.00    0.00    0.00    0.00   99.01
16:11:53      38    0.00    0.00    0.00    0.00    0.00    0.00    0.00    0.00    0.00  100.00
16:11:53      39    0.00    0.00    0.00    0.00    0.00    0.00    0.00    0.00    0.00  100.00
16:11:53      40    0.00    0.00    0.00    0.00    0.00    0.00    0.00    0.00    0.00  100.00
16:11:53      41    0.00    0.00    0.00    0.00    0.00    0.00    0.00    0.00    0.00  100.00
16:11:53      42    0.00    0.00    0.00    0.00    0.00    0.00    0.00    0.00    0.00  100.00
16:11:53      43    0.00    0.00    0.00    0.00    0.00    0.00    0.00    0.00    0.00  100.00
16:11:53      44    0.00    0.00    1.00    0.00    0.00    0.00    0.00    0.00    0.00   99.00
16:11:53      45    0.00    0.00    0.00    0.00    0.00    0.00    0.00    0.00    0.00  100.00
16:11:53      46    0.00    0.00    0.00    0.00    0.00    0.00    0.00    0.00    0.00  100.00
16:11:53      47    0.00    0.00    0.00   16.16    0.00    0.00    0.00    0.00    0.00   83.84
16:11:53      48    0.00    0.00    0.00    0.00    0.00    0.00    0.00    0.00    0.00  100.00
16:11:53      49    0.00    0.00    0.00    0.00    0.00    0.00    0.00    0.00    0.00  100.00
16:11:53      50    0.00    0.00    0.00    0.00    0.00    0.00    0.00    0.00    0.00  100.00
16:11:53      51    0.00    0.00    0.00    0.00    0.00    0.00    0.00    0.00    0.00  100.00
16:11:53      52    0.00    0.00    0.00    0.00    0.00    0.00    0.00    0.00    0.00  100.00
16:11:53      53    0.00    0.00    0.00    0.00    0.00    0.00    0.00    0.00    0.00  100.00
16:11:53      54    0.00    0.00    0.00    0.00    0.00    0.00    0.00    0.00    0.00  100.00
16:11:53      55    0.00    0.00    1.00    0.00    0.00    0.00    0.00    0.00    0.00   99.00
16:11:53      56    0.00    0.00    0.00    0.00    0.00    0.00    0.00    0.00    0.00  100.00
16:11:53      57    0.99    0.00    2.97    0.00    0.00    0.00    0.00    0.00    0.00   96.04
16:11:53      58    0.00    0.00    0.00    0.00    0.00    0.00    0.00    0.00    0.00  100.00
16:11:53      59    0.00    0.00    0.00    0.00    0.00    0.00    0.00    0.00    0.00  100.00
16:11:53      60    0.00    0.00    0.00    0.00    0.00    0.00    0.00    0.00    0.00  100.00
16:11:53      61    0.00    0.00    0.00    0.00    0.00    0.00    0.00    0.00    0.00  100.00
16:11:53      62    0.00    0.00    0.00    0.00    0.00    0.00    0.00    0.00    0.00  100.00
16:11:53      63    0.00    0.00    0.00    0.00    0.00    0.00    0.00    0.00    0.00  100.00
16:11:53      64    0.99    0.00    0.00    0.00    0.00    0.00    0.00    0.00    0.00   99.01
16:11:53      65    0.99    0.00    0.00    0.00    0.00    0.00    0.00    0.00    0.00   99.01
16:11:53      66    0.99    0.00    0.99    0.00    0.00    0.00    0.00    0.00    0.00   98.02
16:11:53      67    0.00    0.00    0.00    0.00    0.00    0.00    0.00    0.00    0.00  100.00
16:11:53      68    0.00    0.00    0.00    0.00    0.00    0.00    0.00    0.00    0.00  100.00
16:11:53      69    0.00    0.00    0.00    0.00    0.00    0.00    0.00    0.00    0.00  100.00
16:11:53      70    0.00    0.00    0.00    0.00    0.00    0.00    0.00    0.00    0.00  100.00
16:11:53      71    0.00    0.00    0.00    0.00    0.00    0.00    0.00    0.00    0.00  100.00

16:11:53     CPU    %usr   %nice    %sys %iowait    %irq   %soft  %steal  %guest  %gnice   %idle
16:11:54     all    0.71    0.00    0.64    0.31    0.00    0.03    0.00    0.00    0.00   98.32
16:11:54       0    0.00    0.00    0.00    0.00    0.00    1.05    0.00    0.00    0.00   98.95
16:11:54       1    1.01    0.00    5.05    0.00    0.00    0.00    0.00    0.00    0.00   93.94
16:11:54       2    2.97    0.00    2.97    0.99    0.00    0.00    0.00    0.00    0.00   93.07
16:11:54       3    0.00    0.00    0.00    0.00    0.00    0.00    0.00    0.00    0.00  100.00
16:11:54       4    0.00    0.00    0.00    0.00    0.00    0.00    0.00    0.00    0.00  100.00
16:11:54       5    1.01    0.00    0.00    0.00    0.00    0.00    0.00    0.00    0.00   98.99
16:11:54       6    0.00    0.00    0.00    0.00    0.00    0.00    0.00    0.00    0.00  100.00
16:11:54       7    0.00    0.00    0.00    0.00    0.00    0.00    0.00    0.00    0.00  100.00
16:11:54       8    0.00    0.00    0.00    0.00    0.00    0.00    0.00    0.00    0.00  100.00
16:11:54       9    0.00    0.00    0.00    0.00    0.00    0.00    0.00    0.00    0.00  100.00
16:11:54      10    0.00    0.00    0.00    0.00    0.00    0.00    0.00    0.00    0.00  100.00
16:11:54      11    0.00    0.00    0.00    0.00    0.00    0.00    0.00    0.00    0.00  100.00
16:11:54      12    0.00    0.00    0.99    0.00    0.00    0.00    0.00    0.00    0.00   99.01
16:11:54      13    0.00    0.00    0.00    0.00    0.00    0.00    0.00    0.00    0.00  100.00
16:11:54      14    0.00    0.00    1.00    0.00    0.00    0.00    0.00    0.00    0.00   99.00
16:11:54      15    0.00    0.00    0.00    0.00    0.00    0.00    0.00    0.00    0.00  100.00
16:11:54      16    0.00    0.00    0.00    0.00    0.00    0.00    0.00    0.00    0.00  100.00
16:11:54      17    0.00    0.00    0.00    0.00    0.00    0.00    0.00    0.00    0.00  100.00
16:11:54      18    4.00    0.00    3.00    1.00    0.00    0.00    0.00    0.00    0.00   92.00
16:11:54      19    1.00    0.00    0.00    0.00    0.00    0.00    0.00    0.00    0.00   99.00
16:11:54      20    1.00    0.00    0.00    0.00    0.00    0.00    0.00    0.00    0.00   99.00
16:11:54      21    0.99    0.00    0.99    0.00    0.00    0.00    0.00    0.00    0.00   98.02
16:11:54      22    6.00    0.00   12.00    0.00    0.00    0.00    0.00    0.00    0.00   82.00
16:11:54      23    2.97    0.00    0.99    0.00    0.00    0.00    0.00    0.00    0.00   96.04
16:11:54      24    4.95    0.00    0.99    0.00    0.00    0.00    0.00    0.00    0.00   94.06
16:11:54      25    2.00    0.00    2.00    0.00    0.00    0.00    0.00    0.00    0.00   96.00
16:11:54      26    7.07    0.00    3.03    0.00    0.00    0.00    0.00    0.00    0.00   89.90
16:11:54      27    1.00    0.00    2.00    1.00    0.00    0.00    0.00    0.00    0.00   96.00
16:11:54      28    4.00    0.00    1.00    0.00    0.00    0.00    0.00    0.00    0.00   95.00
16:11:54      29    1.02    0.00    1.02    0.00    0.00    0.00    0.00    0.00    0.00   97.96
16:11:54      30    0.00    0.00    0.00    0.00    0.00    0.00    0.00    0.00    0.00  100.00
16:11:54      31    0.00    0.00    0.00    0.00    0.00    0.00    0.00    0.00    0.00  100.00
16:11:54      32    0.00    0.00    0.00    0.00    0.00    0.00    0.00    0.00    0.00  100.00
16:11:54      33    0.99    0.00    0.00    0.00    0.00    0.00    0.00    0.00    0.00   99.01
16:11:54      34    5.05    0.00    3.03    0.00    0.00    0.00    0.00    0.00    0.00   91.92
16:11:54      35    0.00    0.00    1.01    0.00    0.00    0.00    0.00    0.00    0.00   98.99
16:11:54      36    0.00    0.00    0.00    0.00    0.00    0.00    0.00    0.00    0.00  100.00
16:11:54      37    1.02    0.00    0.00    0.00    0.00    0.00    0.00    0.00    0.00   98.98
16:11:54      38    1.01    0.00    0.00    0.00    0.00    0.00    0.00    0.00    0.00   98.99
16:11:54      39    0.00    0.00    0.00    0.00    0.00    0.00    0.00    0.00    0.00  100.00
16:11:54      40    1.00    0.00    0.00    0.00    0.00    1.00    0.00    0.00    0.00   98.00
16:11:54      41    0.00    0.00    0.00    0.00    0.00    0.00    0.00    0.00    0.00  100.00
16:11:54      42    0.00    0.00    0.00    0.00    0.00    0.00    0.00    0.00    0.00  100.00
16:11:54      43    0.00    0.00    0.00    0.00    0.00    0.00    0.00    0.00    0.00  100.00
16:11:54      44    0.00    0.00    3.03    0.00    0.00    0.00    0.00    0.00    0.00   96.97
16:11:54      45    0.00    0.00    0.00    0.00    0.00    0.00    0.00    0.00    0.00  100.00
16:11:54      46    0.00    0.00    0.00    0.00    0.00    0.00    0.00    0.00    0.00  100.00
16:11:54      47    0.00    0.00    1.00   19.00    0.00    0.00    0.00    0.00    0.00   80.00
16:11:54      48    0.00    0.00    0.00    0.00    0.00    0.00    0.00    0.00    0.00  100.00
16:11:54      49    0.00    0.00    0.00    0.00    0.00    0.00    0.00    0.00    0.00  100.00
16:11:54      50    0.00    0.00    0.00    0.00    0.00    0.00    0.00    0.00    0.00  100.00
16:11:54      51    0.00    0.00    0.00    0.00    0.00    0.00    0.00    0.00    0.00  100.00
16:11:54      52    0.00    0.00    0.00    0.00    0.00    0.00    0.00    0.00    0.00  100.00
16:11:54      53    0.00    0.00    0.00    0.00    0.00    0.00    0.00    0.00    0.00  100.00
16:11:54      54    0.99    0.00    0.00    0.00    0.00    0.00    0.00    0.00    0.00   99.01
16:11:54      55    0.00    0.00    1.00    0.00    0.00    0.00    0.00    0.00    0.00   99.00
16:11:54      56    0.00    0.00    0.00    0.00    0.00    0.00    0.00    0.00    0.00  100.00
16:11:54      57    0.00    0.00    0.00    0.00    0.00    0.00    0.00    0.00    0.00  100.00
16:11:54      58    0.00    0.00    0.00    0.00    0.00    0.00    0.00    0.00    0.00  100.00
16:11:54      59    0.00    0.00    0.00    0.00    0.00    0.00    0.00    0.00    0.00  100.00
16:11:54      60    0.00    0.00    0.00    0.00    0.00    0.00    0.00    0.00    0.00  100.00
16:11:54      61    0.00    0.00    0.00    0.00    0.00    0.00    0.00    0.00    0.00  100.00
16:11:54      62    0.00    0.00    0.00    0.00    0.00    0.00    0.00    0.00    0.00  100.00
16:11:54      63    0.00    0.00    0.00    0.00    0.00    0.00    0.00    0.00    0.00  100.00
16:11:54      64    0.00    0.00    0.00    0.00    0.00    0.00    0.00    0.00    0.00  100.00
16:11:54      65    0.00    0.00    0.00    0.00    0.00    0.00    0.00    0.00    0.00  100.00
16:11:54      66    0.00    0.00    0.00    0.00    0.00    0.00    0.00    0.00    0.00  100.00
16:11:54      67    0.00    0.00    0.00    0.00    0.00    0.00    0.00    0.00    0.00  100.00
16:11:54      68    0.00    0.00    0.00    0.00    0.00    0.00    0.00    0.00    0.00  100.00
16:11:54      69    0.00    0.00    0.00    0.00    0.00    0.00    0.00    0.00    0.00  100.00
16:11:54      70    0.00    0.00    0.00    0.00    0.00    0.00    0.00    0.00    0.00  100.00
16:11:54      71    0.00    0.00    0.00    0.00    0.00    0.00    0.00    0.00    0.00  100.00

16:11:54     CPU    %usr   %nice    %sys %iowait    %irq   %soft  %steal  %guest  %gnice   %idle
16:11:55     all    0.75    0.00    0.46    0.29    0.00    0.00    0.00    0.00    0.00   98.50
16:11:55       0    1.02    0.00    1.02    0.00    0.00    0.00    0.00    0.00    0.00   97.96
16:11:55       1    0.00    0.00    0.00    0.00    0.00    0.00    0.00    0.00    0.00  100.00
16:11:55       2    1.02    0.00    1.02    0.00    0.00    0.00    0.00    0.00    0.00   97.96
16:11:55       3    0.00    0.00    0.00    0.00    0.00    0.00    0.00    0.00    0.00  100.00
16:11:55       4    0.00    0.00    0.00    0.00    0.00    0.00    0.00    0.00    0.00  100.00
16:11:55       5    0.00    0.00    0.00    0.00    0.00    0.00    0.00    0.00    0.00  100.00
16:11:55       6    0.00    0.00    0.00    0.00    0.00    0.00    0.00    0.00    0.00  100.00
16:11:55       7    0.00    0.00    0.00    0.00    0.00    0.00    0.00    0.00    0.00  100.00
16:11:55       8    0.00    0.00    0.00    0.00    0.00    0.00    0.00    0.00    0.00  100.00
16:11:55       9    0.00    0.00    0.00    0.00    0.00    0.00    0.00    0.00    0.00  100.00
16:11:55      10    0.00    0.00    0.00    0.00    0.00    0.00    0.00    0.00    0.00  100.00
16:11:55      11    0.00    0.00    0.00    0.00    0.00    0.00    0.00    0.00    0.00  100.00
16:11:55      12    1.00    0.00    0.00    0.00    0.00    0.00    0.00    0.00    0.00   99.00
16:11:55      13    1.00    0.00    0.00    0.00    0.00    0.00    0.00    0.00    0.00   99.00
16:11:55      14    0.00    0.00    1.00    0.00    0.00    0.00    0.00    0.00    0.00   99.00
16:11:55      15    0.00    0.00    0.00    0.00    0.00    0.00    0.00    0.00    0.00  100.00
16:11:55      16    0.00    0.00    0.00    0.00    0.00    0.00    0.00    0.00    0.00  100.00
16:11:55      17    0.00    0.00    0.00    0.00    0.00    0.00    0.00    0.00    0.00  100.00
16:11:55      18    4.00    0.00    4.00    0.00    0.00    0.00    0.00    0.00    0.00   92.00
16:11:55      19    4.00    0.00    1.00    0.00    0.00    0.00    0.00    0.00    0.00   95.00
16:11:55      20    1.00    0.00    0.00    0.00    0.00    0.00    0.00    0.00    0.00   99.00
16:11:55      21    1.01    0.00    0.00    0.00    0.00    0.00    0.00    0.00    0.00   98.99
16:11:55      22    5.05    0.00    4.04    0.00    0.00    0.00    0.00    0.00    0.00   90.91
16:11:55      23    2.04    0.00    0.00    0.00    0.00    0.00    0.00    0.00    0.00   97.96
16:11:55      24    3.03    0.00    0.00    0.00    0.00    0.00    0.00    0.00    0.00   96.97
16:11:55      25    3.03    0.00    1.01    0.00    0.00    0.00    0.00    0.00    0.00   95.96
16:11:55      26    5.05    0.00    5.05    0.00    0.00    0.00    0.00    0.00    0.00   89.90
16:11:55      27    2.00    0.00    1.00    0.00    0.00    0.00    0.00    0.00    0.00   97.00
16:11:55      28    1.00    0.00    0.00    0.00    0.00    0.00    0.00    0.00    0.00   99.00
16:11:55      29    1.98    0.00    1.98    0.99    0.00    0.00    0.00    0.00    0.00   95.05
16:11:55      30    1.00    0.00    0.00    0.00    0.00    0.00    0.00    0.00    0.00   99.00
16:11:55      31    0.99    0.00    0.00    0.00    0.00    0.00    0.00    0.00    0.00   99.01
16:11:55      32    0.00    0.00    0.99    0.00    0.00    0.00    0.00    0.00    0.00   99.01
16:11:55      33    0.00    0.00    2.00    0.00    0.00    0.00    0.00    0.00    0.00   98.00
16:11:55      34    6.06    0.00    1.01    0.00    0.00    0.00    0.00    0.00    0.00   92.93
16:11:55      35    2.97    0.00    0.99    0.99    0.00    0.00    0.00    0.00    0.00   95.05
16:11:55      36    1.98    0.00    0.00    0.00    0.00    0.00    0.00    0.00    0.00   98.02
16:11:55      37    1.98    0.00    0.00    0.00    0.00    0.00    0.00    0.00    0.00   98.02
16:11:55      38    0.00    0.00    0.00    0.00    0.00    0.00    0.00    0.00    0.00  100.00
16:11:55      39    0.00    0.00    0.00    0.00    0.00    0.00    0.00    0.00    0.00  100.00
16:11:55      40    0.00    0.00    0.00    0.00    0.00    0.00    0.00    0.00    0.00  100.00
16:11:55      41    0.00    0.00    0.00    0.00    0.00    0.00    0.00    0.00    0.00  100.00
16:11:55      42    0.00    0.00    0.00    0.00    0.00    0.00    0.00    0.00    0.00  100.00
16:11:55      43    0.00    0.00    1.00    0.00    0.00    0.00    0.00    0.00    0.00   99.00
16:11:55      44    1.00    0.00    4.00    0.00    0.00    0.00    0.00    0.00    0.00   95.00
16:11:55      45    0.00    0.00    1.00    0.00    0.00    0.00    0.00    0.00    0.00   99.00
16:11:55      46    0.99    0.00    0.00    0.99    0.00    0.00    0.00    0.00    0.00   98.02
16:11:55      47    0.00    0.00    1.01   18.18    0.00    0.00    0.00    0.00    0.00   80.81
16:11:55      48    0.00    0.00    0.00    0.00    0.00    0.00    0.00    0.00    0.00  100.00
16:11:55      49    0.00    0.00    0.00    0.00    0.00    0.00    0.00    0.00    0.00  100.00
16:11:55      50    0.00    0.00    0.00    0.00    0.00    0.00    0.00    0.00    0.00  100.00
16:11:55      51    0.00    0.00    0.00    0.00    0.00    0.00    0.00    0.00    0.00  100.00
16:11:55      52    0.00    0.00    0.00    0.00    0.00    0.00    0.00    0.00    0.00  100.00
16:11:55      53    0.00    0.00    0.00    0.00    0.00    0.00    0.00    0.00    0.00  100.00
16:11:55      54    0.00    0.00    0.00    0.00    0.00    0.00    0.00    0.00    0.00  100.00
16:11:55      55    0.00    0.00    0.00    0.00    0.00    0.00    0.00    0.00    0.00  100.00
16:11:55      56    0.00    0.00    0.00    0.00    0.00    0.00    0.00    0.00    0.00  100.00
16:11:55      57    0.00    0.00    0.00    0.00    0.00    0.00    0.00    0.00    0.00  100.00
16:11:55      58    0.00    0.00    0.00    0.00    0.00    0.00    0.00    0.00    0.00  100.00
16:11:55      59    0.00    0.00    0.00    0.00    0.00    0.00    0.00    0.00    0.00  100.00
16:11:55      60    0.00    0.00    0.00    0.00    0.00    0.00    0.00    0.00    0.00  100.00
16:11:55      61    0.00    0.00    0.00    0.00    0.00    0.00    0.00    0.00    0.00  100.00
16:11:55      62    0.00    0.00    0.00    0.00    0.00    0.00    0.00    0.00    0.00  100.00
16:11:55      63    0.00    0.00    0.00    0.00    0.00    0.00    0.00    0.00    0.00  100.00
16:11:55      64    0.00    0.00    0.00    0.00    0.00    0.00    0.00    0.00    0.00  100.00
16:11:55      65    0.00    0.00    0.00    0.00    0.00    0.00    0.00    0.00    0.00  100.00
16:11:55      66    0.00    0.00    0.00    0.00    0.00    0.00    0.00    0.00    0.00  100.00
16:11:55      67    0.00    0.00    0.00    0.00    0.00    0.00    0.00    0.00    0.00  100.00
16:11:55      68    0.00    0.00    0.00    0.00    0.00    0.00    0.00    0.00    0.00  100.00
16:11:55      69    0.00    0.00    0.00    0.00    0.00    0.00    0.00    0.00    0.00  100.00
16:11:55      70    0.00    0.00    0.00    0.00    0.00    0.00    0.00    0.00    0.00  100.00
16:11:55      71    0.00    0.00    0.00    0.00    0.00    0.00    0.00    0.00    0.00  100.00

16:11:55     CPU    %usr   %nice    %sys %iowait    %irq   %soft  %steal  %guest  %gnice   %idle
16:11:56     all    0.65    0.00    0.50    0.26    0.00    0.00    0.00    0.00    0.00   98.58
16:11:56       0    0.00    0.00    0.00    0.00    0.00    0.00    0.00    0.00    0.00  100.00
16:11:56       1    0.00    0.00    0.00    0.00    0.00    0.00    0.00    0.00    0.00  100.00
16:11:56       2    0.98    0.00    0.98    0.00    0.00    0.00    0.00    0.00    0.00   98.04
16:11:56       3    1.00    0.00    1.00    0.00    0.00    0.00    0.00    0.00    0.00   98.00
16:11:56       4    0.00    0.00    0.00    0.00    0.00    0.00    0.00    0.00    0.00  100.00
16:11:56       5    0.00    0.00    0.00    0.00    0.00    0.00    0.00    0.00    0.00  100.00
16:11:56       6    0.00    0.00    0.00    0.00    0.00    0.00    0.00    0.00    0.00  100.00
16:11:56       7    0.00    0.00    0.00    0.00    0.00    0.00    0.00    0.00    0.00  100.00
16:11:56       8    0.00    0.00    0.00    0.00    0.00    0.00    0.00    0.00    0.00  100.00
16:11:56       9    0.00    0.00    0.00    0.00    0.00    0.00    0.00    0.00    0.00  100.00
16:11:56      10    0.00    0.00    0.00    0.00    0.00    0.00    0.00    0.00    0.00  100.00
16:11:56      11    0.00    0.00    0.00    0.00    0.00    0.00    0.00    0.00    0.00  100.00
16:11:56      12    0.00    0.00    0.00    0.00    0.00    0.00    0.00    0.00    0.00  100.00
16:11:56      13    0.00    0.00    0.00    0.00    0.00    0.00    0.00    0.00    0.00  100.00
16:11:56      14    0.00    0.00    0.00    0.00    0.00    0.00    0.00    0.00    0.00  100.00
16:11:56      15    0.00    0.00    0.00    0.00    0.00    0.00    0.00    0.00    0.00  100.00
16:11:56      16    0.00    0.00    0.00    0.00    0.00    0.00    0.00    0.00    0.00  100.00
16:11:56      17    0.00    0.00    0.00    0.00    0.00    0.00    0.00    0.00    0.00  100.00
16:11:56      18    9.00    0.00    3.00    1.00    0.00    0.00    0.00    0.00    0.00   87.00
16:11:56      19    1.00    0.00    1.00    0.00    0.00    0.00    0.00    0.00    0.00   98.00
16:11:56      20    1.00    0.00    1.00    0.00    0.00    0.00    0.00    0.00    0.00   98.00
16:11:56      21    1.00    0.00    1.00    0.00    0.00    0.00    0.00    0.00    0.00   98.00
16:11:56      22    3.03    0.00    2.02    1.01    0.00    0.00    0.00    0.00    0.00   93.94
16:11:56      23    1.98    0.00    0.99    0.00    0.00    0.00    0.00    0.00    0.00   97.03
16:11:56      24    2.00    0.00    1.00    0.00    0.00    0.00    0.00    0.00    0.00   97.00
16:11:56      25    2.00    0.00    0.00    0.00    0.00    0.00    0.00    0.00    0.00   98.00
16:11:56      26    4.00    0.00    7.00    1.00    0.00    0.00    0.00    0.00    0.00   88.00
16:11:56      27    4.00    0.00    1.00    0.00    0.00    0.00    0.00    0.00    0.00   95.00
16:11:56      28    0.00    0.00    0.00    0.00    0.00    0.00    0.00    0.00    0.00  100.00
16:11:56      29    0.00    0.00    0.99    0.00    0.00    0.00    0.00    0.00    0.00   99.01
16:11:56      30    0.00    0.00    0.00    0.00    0.00    0.00    0.00    0.00    0.00  100.00
16:11:56      31    0.00    0.00    0.00    0.00    0.00    0.00    0.00    0.00    0.00  100.00
16:11:56      32    0.00    0.00    0.00    0.00    0.00    0.00    0.00    0.00    0.00  100.00
16:11:56      33    0.00    0.00    0.00    0.00    0.00    0.00    0.00    0.00    0.00  100.00
16:11:56      34    4.04    0.00    2.02    1.01    0.00    0.00    0.00    0.00    0.00   92.93
16:11:56      35    4.04    0.00    3.03    0.00    0.00    0.00    0.00    0.00    0.00   92.93
16:11:56      36    1.01    0.00    1.01    0.00    0.00    0.00    0.00    0.00    0.00   97.98
16:11:56      37    3.00    0.00    1.00    0.00    0.00    0.00    0.00    0.00    0.00   96.00
16:11:56      38    2.00    0.00    1.00    0.00    0.00    0.00    0.00    0.00    0.00   97.00
16:11:56      39    0.00    0.00    0.00    0.00    0.00    0.00    0.00    0.00    0.00  100.00
16:11:56      40    1.02    0.00    0.00    0.00    0.00    0.00    0.00    0.00    0.00   98.98
16:11:56      41    0.00    0.00    0.00    0.00    0.00    0.00    0.00    0.00    0.00  100.00
16:11:56      42    0.00    0.00    0.00    0.00    0.00    0.00    0.00    0.00    0.00  100.00
16:11:56      43    0.00    0.00    1.01    0.00    0.00    0.00    0.00    0.00    0.00   98.99
16:11:56      44    0.00    0.00    4.08    0.00    0.00    0.00    0.00    0.00    0.00   95.92
16:11:56      45    0.00    0.00    1.00    0.00    0.00    0.00    0.00    0.00    0.00   99.00
16:11:56      46    0.00    0.00    0.00   15.31    0.00    0.00    0.00    0.00    0.00   84.69
16:11:56      47    0.00    0.00    0.00    0.00    0.00    0.00    0.00    0.00    0.00  100.00
16:11:56      48    0.00    0.00    0.00    0.00    0.00    0.00    0.00    0.00    0.00  100.00
16:11:56      49    0.00    0.00    0.00    0.00    0.00    0.00    0.00    0.00    0.00  100.00
16:11:56      50    0.00    0.00    0.00    0.00    0.00    0.00    0.00    0.00    0.00  100.00
16:11:56      51    0.00    0.00    0.00    0.00    0.00    0.00    0.00    0.00    0.00  100.00
16:11:56      52    0.00    0.00    0.00    0.00    0.00    0.00    0.00    0.00    0.00  100.00
16:11:56      53    0.00    0.00    0.00    0.00    0.00    0.00    0.00    0.00    0.00  100.00
16:11:56      54    0.00    0.00    0.00    0.00    0.00    0.00    0.00    0.00    0.00  100.00
16:11:56      55    0.00    0.00    1.00    0.00    0.00    0.00    0.00    0.00    0.00   99.00
16:11:56      56    0.00    0.00    0.00    0.00    0.00    0.00    0.00    0.00    0.00  100.00
16:11:56      57    0.00    0.00    0.00    0.00    0.00    0.00    0.00    0.00    0.00  100.00
16:11:56      58    1.00    0.00    0.00    0.00    0.00    0.00    0.00    0.00    0.00   99.00
16:11:56      59    0.00    0.00    0.00    0.00    0.00    0.00    0.00    0.00    0.00  100.00
16:11:56      60    0.00    0.00    0.00    0.00    0.00    0.00    0.00    0.00    0.00  100.00
16:11:56      61    0.00    0.00    0.00    0.00    0.00    0.00    0.00    0.00    0.00  100.00
16:11:56      62    0.00    0.00    0.00    0.00    0.00    0.00    0.00    0.00    0.00  100.00
16:11:56      63    0.00    0.00    0.00    0.00    0.00    0.00    0.00    0.00    0.00  100.00
16:11:56      64    0.00    0.00    0.00    0.00    0.00    0.00    0.00    0.00    0.00  100.00
16:11:56      65    0.00    0.00    0.00    0.00    0.00    0.00    0.00    0.00    0.00  100.00
16:11:56      66    0.00    0.00    0.00    0.00    0.00    0.00    0.00    0.00    0.00  100.00
16:11:56      67    0.00    0.00    0.00    0.00    0.00    0.00    0.00    0.00    0.00  100.00
16:11:56      68    0.00    0.00    0.00    0.00    0.00    0.00    0.00    0.00    0.00  100.00
16:11:56      69    0.00    0.00    0.00    0.00    0.00    0.00    0.00    0.00    0.00  100.00
16:11:56      70    0.00    0.00    0.00    0.00    0.00    0.00    0.00    0.00    0.00  100.00
16:11:56      71    0.00    0.00    0.00    0.00    0.00    0.00    0.00    0.00    0.00  100.00

16:11:56     CPU    %usr   %nice    %sys %iowait    %irq   %soft  %steal  %guest  %gnice   %idle
16:11:57     all    0.70    0.00    0.43    0.32    0.00    0.00    0.00    0.00    0.00   98.55
16:11:57       0    0.00    0.00    0.00    0.00    0.00    0.00    0.00    0.00    0.00  100.00
16:11:57       1    0.00    0.00    0.00    0.00    0.00    0.00    0.00    0.00    0.00  100.00
16:11:57       2    0.00    0.00    0.00    0.00    0.00    0.00    0.00    0.00    0.00  100.00
16:11:57       3    0.00    0.00    0.00    0.00    0.00    0.00    0.00    0.00    0.00  100.00
16:11:57       4    0.00    0.00    0.00    0.00    0.00    0.00    0.00    0.00    0.00  100.00
16:11:57       5    0.00    0.00    0.00    0.00    0.00    0.00    0.00    0.00    0.00  100.00
16:11:57       6    0.00    0.00    0.00    0.00    0.00    0.00    0.00    0.00    0.00  100.00
16:11:57       7    0.00    0.00    0.00    0.00    0.00    0.00    0.00    0.00    0.00  100.00
16:11:57       8    0.00    0.00    0.00    0.00    0.00    0.00    0.00    0.00    0.00  100.00
16:11:57       9    0.00    0.00    0.00    0.00    0.00    0.00    0.00    0.00    0.00  100.00
16:11:57      10    0.00    0.00    0.00    0.00    0.00    0.00    0.00    0.00    0.00  100.00
16:11:57      11    0.00    0.00    0.00    0.00    0.00    0.00    0.00    0.00    0.00  100.00
16:11:57      12    0.00    0.00    0.00    0.00    0.00    0.00    0.00    0.00    0.00  100.00
16:11:57      13    0.00    0.00    0.00    0.00    0.00    0.00    0.00    0.00    0.00  100.00
16:11:57      14    0.00    0.00    0.00    0.00    0.00    0.00    0.00    0.00    0.00  100.00
16:11:57      15    0.00    0.00    1.01    0.00    0.00    0.00    0.00    0.00    0.00   98.99
16:11:57      16    0.00    0.00    0.00    0.00    0.00    0.00    0.00    0.00    0.00  100.00
16:11:57      17    0.00    0.00    0.00    0.00    0.00    0.00    0.00    0.00    0.00  100.00
16:11:57      18    6.06    0.00    2.02    0.00    0.00    0.00    0.00    0.00    0.00   91.92
16:11:57      19    3.06    0.00    0.00    0.00    0.00    0.00    0.00    0.00    0.00   96.94
16:11:57      20    4.00    0.00    3.00    1.00    0.00    0.00    0.00    0.00    0.00   92.00
16:11:57      21    2.02    0.00    1.01    0.00    0.00    0.00    0.00    0.00    0.00   96.97
16:11:57      22    6.06    0.00    1.01    0.00    0.00    0.00    0.00    0.00    0.00   92.93
16:11:57      23    2.02    0.00    0.00    0.00    0.00    0.00    0.00    0.00    0.00   97.98
16:11:57      24    3.00    0.00    0.00    0.00    0.00    0.00    0.00    0.00    0.00   97.00
16:11:57      25    1.98    0.00    0.99    0.99    0.00    0.00    0.00    0.00    0.00   96.04
16:11:57      26    4.95    0.00    7.92    0.00    0.00    0.00    0.00    0.00    0.00   87.13
16:11:57      27    2.02    0.00    2.02    0.00    0.00    0.00    0.00    0.00    0.00   95.96
16:11:57      28    0.99    0.00    0.99    0.00    0.00    0.00    0.00    0.00    0.00   98.02
16:11:57      29    1.01    0.00    0.00    0.00    0.00    0.00    0.00    0.00    0.00   98.99
16:11:57      30    2.97    0.00    1.98    0.99    0.00    0.00    0.00    0.00    0.00   94.06
16:11:57      31    0.00    0.00    1.01    0.00    0.00    0.00    0.00    0.00    0.00   98.99
16:11:57      32    0.00    0.00    0.00    0.00    0.00    0.00    0.00    0.00    0.00  100.00
16:11:57      33    0.00    0.00    0.00    0.00    0.00    0.00    0.00    0.00    0.00  100.00
16:11:57      34    2.97    0.00    1.98    0.00    0.00    0.00    0.00    0.00    0.00   95.05
16:11:57      35    1.00    0.00    1.00    0.00    0.00    0.00    0.00    0.00    0.00   98.00
16:11:57      36    2.00    0.00    0.00    0.00    0.00    0.00    0.00    0.00    0.00   98.00
16:11:57      37    0.00    0.00    0.00    0.00    0.00    0.00    0.00    0.00    0.00  100.00
16:11:57      38    0.00    0.00    0.00    0.00    0.00    0.00    0.00    0.00    0.00  100.00
16:11:57      39    0.00    0.00    0.00    0.00    0.00    0.00    0.00    0.00    0.00  100.00
16:11:57      40    0.00    0.00    0.00    0.00    0.00    0.00    0.00    0.00    0.00  100.00
16:11:57      41    0.00    0.00    0.00    0.00    0.00    0.00    0.00    0.00    0.00  100.00
16:11:57      42    0.99    0.00    0.00    0.00    0.00    0.00    0.00    0.00    0.00   99.01
16:11:57      43    0.00    0.00    0.99    0.00    0.00    0.00    0.00    0.00    0.00   99.01
16:11:57      44    0.99    0.00    0.99    0.00    0.00    0.00    0.00    0.00    0.00   98.02
16:11:57      45    1.00    0.00    1.00    0.00    0.00    0.00    0.00    0.00    0.00   98.00
16:11:57      46    0.00    0.00    1.00   20.00    0.00    0.00    0.00    0.00    0.00   79.00
16:11:57      47    0.99    0.00    0.00    0.00    0.00    0.00    0.00    0.00    0.00   99.01
16:11:57      48    0.00    0.00    0.00    0.00    0.00    0.00    0.00    0.00    0.00  100.00
16:11:57      49    0.00    0.00    0.00    0.00    0.00    0.00    0.00    0.00    0.00  100.00
16:11:57      50    0.00    0.00    0.00    0.00    0.00    0.00    0.00    0.00    0.00  100.00
16:11:57      51    0.00    0.00    0.00    0.00    0.00    0.00    0.00    0.00    0.00  100.00
16:11:57      52    0.00    0.00    0.00    0.00    0.00    0.00    0.00    0.00    0.00  100.00
16:11:57      53    0.00    0.00    0.00    0.00    0.00    0.00    0.00    0.00    0.00  100.00
16:11:57      54    0.00    0.00    0.00    0.00    0.00    0.00    0.00    0.00    0.00  100.00
16:11:57      55    0.00    0.00    0.00    0.00    0.00    0.00    0.00    0.00    0.00  100.00
16:11:57      56    0.00    0.00    0.00    0.00    0.00    0.00    0.00    0.00    0.00  100.00
16:11:57      57    0.00    0.00    0.00    0.00    0.00    0.00    0.00    0.00    0.00  100.00
16:11:57      58    0.00    0.00    0.00    0.00    0.00    0.00    0.00    0.00    0.00  100.00
16:11:57      59    0.00    0.00    0.00    0.00    0.00    0.00    0.00    0.00    0.00  100.00
16:11:57      60    0.00    0.00    0.00    0.00    0.00    0.00    0.00    0.00    0.00  100.00
16:11:57      61    0.00    0.00    0.00    0.00    0.00    0.00    0.00    0.00    0.00  100.00
16:11:57      62    0.00    0.00    0.00    0.00    0.00    0.00    0.00    0.00    0.00  100.00
16:11:57      63    0.00    0.00    0.00    0.00    0.00    0.00    0.00    0.00    0.00  100.00
16:11:57      64    0.00    0.00    0.00    0.00    0.00    0.00    0.00    0.00    0.00  100.00
16:11:57      65    0.00    0.00    0.00    0.00    0.00    0.00    0.00    0.00    0.00  100.00
16:11:57      66    0.00    0.00    0.00    0.00    0.00    0.00    0.00    0.00    0.00  100.00
16:11:57      67    0.00    0.00    0.00    0.00    0.00    0.00    0.00    0.00    0.00  100.00
16:11:57      68    0.00    0.00    0.00    0.00    0.00    0.00    0.00    0.00    0.00  100.00
16:11:57      69    0.00    0.00    0.00    0.00    0.00    0.00    0.00    0.00    0.00  100.00
16:11:57      70    0.00    0.00    0.99    0.00    0.00    0.00    0.00    0.00    0.00   99.01
16:11:57      71    0.00    0.00    0.00    0.00    0.00    0.00    0.00    0.00    0.00  100.00

16:11:57     CPU    %usr   %nice    %sys %iowait    %irq   %soft  %steal  %guest  %gnice   %idle
16:11:58     all    0.61    0.00    0.40    0.31    0.00    0.01    0.00    0.00    0.00   98.66
16:11:58       0    0.00    0.00    0.00    0.00    0.00    0.00    0.00    0.00    0.00  100.00
16:11:58       1    0.00    0.00    0.00    0.00    0.00    0.00    0.00    0.00    0.00  100.00
16:11:58       2    0.00    0.00    0.00    0.00    0.00    0.00    0.00    0.00    0.00  100.00
16:11:58       3    0.00    0.00    0.00    0.00    0.00    0.00    0.00    0.00    0.00  100.00
16:11:58       4    0.00    0.00    0.00    0.00    0.00    0.00    0.00    0.00    0.00  100.00
16:11:58       5    0.00    0.00    0.00    0.00    0.00    0.00    0.00    0.00    0.00  100.00
16:11:58       6    0.00    0.00    0.00    0.00    0.00    0.00    0.00    0.00    0.00  100.00
16:11:58       7    0.00    0.00    1.00    0.00    0.00    0.00    0.00    0.00    0.00   99.00
16:11:58       8    0.00    0.00    0.00    0.00    0.00    0.00    0.00    0.00    0.00  100.00
16:11:58       9    0.00    0.00    0.00    0.00    0.00    0.00    0.00    0.00    0.00  100.00
16:11:58      10    0.00    0.00    0.00    0.00    0.00    0.00    0.00    0.00    0.00  100.00
16:11:58      11    0.00    0.00    0.00    0.00    0.00    0.00    0.00    0.00    0.00  100.00
16:11:58      12    0.00    0.00    0.99    0.00    0.00    0.00    0.00    0.00    0.00   99.01
16:11:58      13    0.00    0.00    0.00    0.00    0.00    0.00    0.00    0.00    0.00  100.00
16:11:58      14    0.00    0.00    0.99    0.00    0.00    0.00    0.00    0.00    0.00   99.01
16:11:58      15    0.00    0.00    0.00    0.00    0.00    0.00    0.00    0.00    0.00  100.00
16:11:58      16    0.00    0.00    0.00    0.00    0.00    0.00    0.00    0.00    0.00  100.00
16:11:58      17    0.00    0.00    0.00    0.00    0.00    0.00    0.00    0.00    0.00  100.00
16:11:58      18   10.00    0.00    6.00    1.00    0.00    0.00    0.00    0.00    0.00   83.00
16:11:58      19    1.00    0.00    2.00    0.00    0.00    0.00    0.00    0.00    0.00   97.00
16:11:58      20    0.00    0.00    1.01    0.00    0.00    0.00    0.00    0.00    0.00   98.99
16:11:58      21    2.00    0.00    0.00    0.00    0.00    0.00    0.00    0.00    0.00   98.00
16:11:58      22    4.00    0.00    3.00    1.00    0.00    1.00    0.00    0.00    0.00   91.00
16:11:58      23    3.03    0.00    0.00    0.00    0.00    0.00    0.00    0.00    0.00   96.97
16:11:58      24    2.00    0.00    1.00    1.00    0.00    0.00    0.00    0.00    0.00   96.00
16:11:58      25    1.00    0.00    1.00    0.00    0.00    0.00    0.00    0.00    0.00   98.00
16:11:58      26    5.10    0.00    3.06    0.00    0.00    0.00    0.00    0.00    0.00   91.84
16:11:58      27    4.00    0.00    4.00    0.00    0.00    0.00    0.00    0.00    0.00   92.00
16:11:58      28    2.04    0.00    2.04    0.00    0.00    0.00    0.00    0.00    0.00   95.92
16:11:58      29    0.00    0.00    1.00    0.00    0.00    0.00    0.00    0.00    0.00   99.00
16:11:58      30    0.00    0.00    0.00    0.00    0.00    0.00    0.00    0.00    0.00  100.00
16:11:58      31    1.00    0.00    0.00    0.00    0.00    0.00    0.00    0.00    0.00   99.00
16:11:58      32    0.00    0.00    0.00    0.00    0.00    0.00    0.00    0.00    0.00  100.00
16:11:58      33    0.00    0.00    0.00    0.00    0.00    0.00    0.00    0.00    0.00  100.00
16:11:58      34    2.04    0.00    1.02    0.00    0.00    0.00    0.00    0.00    0.00   96.94
16:11:58      35    1.01    0.00    0.00    0.00    0.00    0.00    0.00    0.00    0.00   98.99
16:11:58      36    1.00    0.00    0.00    0.00    0.00    0.00    0.00    0.00    0.00   99.00
16:11:58      37    1.00    0.00    0.00    0.00    0.00    0.00    0.00    0.00    0.00   99.00
16:11:58      38    0.00    0.00    0.00    0.00    0.00    0.00    0.00    0.00    0.00  100.00
16:11:58      39    0.00    0.00    0.00    0.00    0.00    0.00    0.00    0.00    0.00  100.00
16:11:58      40    1.01    0.00    0.00    0.00    0.00    0.00    0.00    0.00    0.00   98.99
16:11:58      41    0.00    0.00    0.00    0.00    0.00    0.00    0.00    0.00    0.00  100.00
16:11:58      42    0.00    0.00    0.00    0.00    0.00    0.00    0.00    0.00    0.00  100.00
16:11:58      43    0.00    0.00    0.00    0.00    0.00    0.00    0.00    0.00    0.00  100.00
16:11:58      44    0.00    0.00    1.00    0.00    0.00    0.00    0.00    0.00    0.00   99.00
16:11:58      45    1.00    0.00    0.00    0.00    0.00    0.00    0.00    0.00    0.00   99.00
16:11:58      46    0.00    0.00    0.00   19.00    0.00    0.00    0.00    0.00    0.00   81.00
16:11:58      47    0.00    0.00    0.00    0.00    0.00    0.00    0.00    0.00    0.00  100.00
16:11:58      48    0.00    0.00    0.00    0.00    0.00    0.00    0.00    0.00    0.00  100.00
16:11:58      49    0.00    0.00    0.00    0.00    0.00    0.00    0.00    0.00    0.00  100.00
16:11:58      50    0.00    0.00    0.00    0.00    0.00    0.00    0.00    0.00    0.00  100.00
16:11:58      51    0.00    0.00    0.00    0.00    0.00    0.00    0.00    0.00    0.00  100.00
16:11:58      52    0.00    0.00    0.00    0.00    0.00    0.00    0.00    0.00    0.00  100.00
16:11:58      53    0.00    0.00    0.00    0.00    0.00    0.00    0.00    0.00    0.00  100.00
16:11:58      54    0.00    0.00    0.00    0.00    0.00    0.00    0.00    0.00    0.00  100.00
16:11:58      55    0.00    0.00    0.00    0.00    0.00    0.00    0.00    0.00    0.00  100.00
16:11:58      56    0.00    0.00    0.00    0.00    0.00    0.00    0.00    0.00    0.00  100.00
16:11:58      57    0.00    0.00    0.00    0.00    0.00    0.00    0.00    0.00    0.00  100.00
16:11:58      58    0.00    0.00    0.00    0.00    0.00    0.00    0.00    0.00    0.00  100.00
16:11:58      59    0.00    0.00    0.00    0.00    0.00    0.00    0.00    0.00    0.00  100.00
16:11:58      60    0.00    0.00    0.00    0.00    0.00    0.00    0.00    0.00    0.00  100.00
16:11:58      61    0.00    0.00    0.00    0.00    0.00    0.00    0.00    0.00    0.00  100.00
16:11:58      62    0.99    0.00    0.00    0.00    0.00    0.00    0.00    0.00    0.00   99.01
16:11:58      63    0.00    0.00    0.00    0.00    0.00    0.00    0.00    0.00    0.00  100.00
16:11:58      64    0.00    0.00    0.00    0.00    0.00    0.00    0.00    0.00    0.00  100.00
16:11:58      65    0.00    0.00    0.00    0.00    0.00    0.00    0.00    0.00    0.00  100.00
16:11:58      66    0.00    0.00    0.00    0.00    0.00    0.00    0.00    0.00    0.00  100.00
16:11:58      67    0.00    0.00    0.00    0.00    0.00    0.00    0.00    0.00    0.00  100.00
16:11:58      68    0.00    0.00    0.00    0.00    0.00    0.00    0.00    0.00    0.00  100.00
16:11:58      69    0.00    0.00    0.00    0.00    0.00    0.00    0.00    0.00    0.00  100.00
16:11:58      70    1.00    0.00    0.00    0.00    0.00    0.00    0.00    0.00    0.00   99.00
16:11:58      71    0.00    0.00    0.00    0.00    0.00    0.00    0.00    0.00    0.00  100.00

16:11:58     CPU    %usr   %nice    %sys %iowait    %irq   %soft  %steal  %guest  %gnice   %idle
16:11:59     all    0.65    0.00    0.54    0.28    0.00    0.01    0.00    0.00    0.00   98.51
16:11:59       0    0.00    0.00    0.00    0.00    0.00    0.00    0.00    0.00    0.00  100.00
16:11:59       1    0.00    0.00    0.00    0.00    0.00    0.00    0.00    0.00    0.00  100.00
16:11:59       2    0.00    0.00    0.00    0.00    0.00    0.00    0.00    0.00    0.00  100.00
16:11:59       3    0.00    0.00    0.00    0.00    0.00    0.00    0.00    0.00    0.00  100.00
16:11:59       4    0.00    0.00    0.00    0.00    0.00    0.00    0.00    0.00    0.00  100.00
16:11:59       5    0.00    0.00    0.00    0.00    0.00    0.00    0.00    0.00    0.00  100.00
16:11:59       6    0.00    0.00    0.00    0.00    0.00    0.00    0.00    0.00    0.00  100.00
16:11:59       7    0.00    0.00    0.00    0.00    0.00    0.00    0.00    0.00    0.00  100.00
16:11:59       8    0.00    0.00    0.00    0.00    0.00    0.00    0.00    0.00    0.00  100.00
16:11:59       9    0.00    0.00    0.00    0.00    0.00    0.00    0.00    0.00    0.00  100.00
16:11:59      10    0.00    0.00    0.00    0.00    0.00    0.00    0.00    0.00    0.00  100.00
16:11:59      11    0.00    0.00    0.00    0.00    0.00    0.00    0.00    0.00    0.00  100.00
16:11:59      12    0.00    0.00    0.00    0.00    0.00    0.00    0.00    0.00    0.00  100.00
16:11:59      13    0.00    0.00    0.00    0.00    0.00    0.00    0.00    0.00    0.00  100.00
16:11:59      14    0.00    0.00    0.00    0.00    0.00    0.00    0.00    0.00    0.00  100.00
16:11:59      15    0.98    0.00    1.96    0.00    0.00    0.00    0.00    0.00    0.00   97.06
16:11:59      16    1.00    0.00    0.00    0.00    0.00    0.00    0.00    0.00    0.00   99.00
16:11:59      17    0.00    0.00    0.00    0.00    0.00    0.00    0.00    0.00    0.00  100.00
16:11:59      18    8.08    0.00    8.08    0.00    0.00    1.01    0.00    0.00    0.00   82.83
16:11:59      19    4.04    0.00    1.01    0.00    0.00    0.00    0.00    0.00    0.00   94.95
16:11:59      20    2.00    0.00    0.00    0.00    0.00    0.00    0.00    0.00    0.00   98.00
16:11:59      21    0.00    0.00    1.00    0.00    0.00    0.00    0.00    0.00    0.00   99.00
16:11:59      22    5.10    0.00    3.06    0.00    0.00    0.00    0.00    0.00    0.00   91.84
16:11:59      23    3.00    0.00    0.00    0.00    0.00    0.00    0.00    0.00    0.00   97.00
16:11:59      24    1.00    0.00    1.00    0.00    0.00    0.00    0.00    0.00    0.00   98.00
16:11:59      25    1.00    0.00    0.00    0.00    0.00    0.00    0.00    0.00    0.00   99.00
16:11:59      26    5.05    0.00    4.04    4.04    0.00    0.00    0.00    0.00    0.00   86.87
16:11:59      27    1.01    0.00    1.01    0.00    0.00    0.00    0.00    0.00    0.00   97.98
16:11:59      28    4.95    0.00    3.96    0.00    0.00    0.00    0.00    0.00    0.00   91.09
16:11:59      29    0.00    0.00    0.00    0.00    0.00    0.00    0.00    0.00    0.00  100.00
16:11:59      30    1.00    0.00    0.00    0.00    0.00    0.00    0.00    0.00    0.00   99.00
16:11:59      31    2.94    0.00    3.92    0.98    0.00    0.00    0.00    0.00    0.00   92.16
16:11:59      32    0.00    0.00    0.00    0.00    0.00    0.00    0.00    0.00    0.00  100.00
16:11:59      33    0.00    0.00    0.00    0.00    0.00    0.00    0.00    0.00    0.00  100.00
16:11:59      34    4.04    0.00    2.02    0.00    0.00    0.00    0.00    0.00    0.00   93.94
16:11:59      35    0.00    0.00    1.00    0.00    0.00    0.00    0.00    0.00    0.00   99.00
16:11:59      36    0.00    0.00    1.01    0.00    0.00    0.00    0.00    0.00    0.00   98.99
16:11:59      37    0.00    0.00    0.00    0.00    0.00    0.00    0.00    0.00    0.00  100.00
16:11:59      38    0.00    0.00    0.00    0.00    0.00    0.00    0.00    0.00    0.00  100.00
16:11:59      39    0.00    0.00    0.00    0.00    0.00    0.00    0.00    0.00    0.00  100.00
16:11:59      40    0.00    0.00    1.01    0.00    0.00    0.00    0.00    0.00    0.00   98.99
16:11:59      41    0.00    0.00    0.00    0.00    0.00    0.00    0.00    0.00    0.00  100.00
16:11:59      42    0.00    0.00    0.00    0.00    0.00    0.00    0.00    0.00    0.00  100.00
16:11:59      43    0.00    0.00    1.00    0.00    0.00    0.00    0.00    0.00    0.00   99.00
16:11:59      44    0.00    0.00    1.00    0.00    0.00    0.00    0.00    0.00    0.00   99.00
16:11:59      45    0.00    0.00    0.00    0.00    0.00    0.00    0.00    0.00    0.00  100.00
16:11:59      46    0.00    0.00    0.00    2.02    0.00    0.00    0.00    0.00    0.00   97.98
16:11:59      47    0.00    0.00    0.00   13.00    0.00    0.00    0.00    0.00    0.00   87.00
16:11:59      48    0.00    0.00    0.00    0.00    0.00    0.00    0.00    0.00    0.00  100.00
16:11:59      49    0.00    0.00    0.00    0.00    0.00    0.00    0.00    0.00    0.00  100.00
16:11:59      50    0.00    0.00    0.00    0.00    0.00    0.00    0.00    0.00    0.00  100.00
16:11:59      51    0.00    0.00    0.00    0.00    0.00    0.00    0.00    0.00    0.00  100.00
16:11:59      52    0.00    0.00    0.00    0.00    0.00    0.00    0.00    0.00    0.00  100.00
16:11:59      53    0.00    0.00    1.00    0.00    0.00    0.00    0.00    0.00    0.00   99.00
16:11:59      54    0.00    0.00    0.00    0.00    0.00    0.00    0.00    0.00    0.00  100.00
16:11:59      55    0.00    0.00    0.00    0.00    0.00    0.00    0.00    0.00    0.00  100.00
16:11:59      56    0.00    0.00    0.00    0.00    0.00    0.00    0.00    0.00    0.00  100.00
16:11:59      57    0.00    0.00    0.00    0.00    0.00    0.00    0.00    0.00    0.00  100.00
16:11:59      58    1.00    0.00    0.00    0.00    0.00    0.00    0.00    0.00    0.00   99.00
16:11:59      59    0.00    0.00    0.00    0.00    0.00    0.00    0.00    0.00    0.00  100.00
16:11:59      60    0.00    0.00    0.00    0.00    0.00    0.00    0.00    0.00    0.00  100.00
16:11:59      61    0.00    0.00    0.99    0.00    0.00    0.00    0.00    0.00    0.00   99.01
16:11:59      62    0.00    0.00    0.00    0.00    0.00    0.00    0.00    0.00    0.00  100.00
16:11:59      63    0.00    0.00    0.00    0.00    0.00    0.00    0.00    0.00    0.00  100.00
16:11:59      64    0.00    0.00    0.00    0.00    0.00    0.00    0.00    0.00    0.00  100.00
16:11:59      65    0.00    0.00    0.00    0.00    0.00    0.00    0.00    0.00    0.00  100.00
16:11:59      66    0.00    0.00    0.00    0.00    0.00    0.00    0.00    0.00    0.00  100.00
16:11:59      67    0.00    0.00    0.00    0.00    0.00    0.00    0.00    0.00    0.00  100.00
16:11:59      68    0.99    0.00    0.99    0.00    0.00    0.00    0.00    0.00    0.00   98.02
16:11:59      69    0.00    0.00    0.00    0.00    0.00    0.00    0.00    0.00    0.00  100.00
16:11:59      70    0.00    0.00    0.00    0.00    0.00    0.00    0.00    0.00    0.00  100.00
16:11:59      71    0.00    0.00    0.00    0.00    0.00    0.00    0.00    0.00    0.00  100.00

16:11:59     CPU    %usr   %nice    %sys %iowait    %irq   %soft  %steal  %guest  %gnice   %idle
16:12:00     all    0.67    0.00    0.45    0.33    0.00    0.00    0.00    0.00    0.00   98.55
16:12:00       0    0.00    0.00    0.00    0.00    0.00    0.00    0.00    0.00    0.00  100.00
16:12:00       1    0.00    0.00    0.00    0.00    0.00    0.00    0.00    0.00    0.00  100.00
16:12:00       2    0.00    0.00    0.00    0.00    0.00    0.00    0.00    0.00    0.00  100.00
16:12:00       3    0.00    0.00    0.00    0.00    0.00    0.00    0.00    0.00    0.00  100.00
16:12:00       4    0.00    0.00    0.00    0.00    0.00    0.00    0.00    0.00    0.00  100.00
16:12:00       5    0.00    0.00    0.00    0.00    0.00    0.00    0.00    0.00    0.00  100.00
16:12:00       6    0.00    0.00    0.00    0.00    0.00    0.00    0.00    0.00    0.00  100.00
16:12:00       7    0.00    0.00    0.00    0.00    0.00    0.00    0.00    0.00    0.00  100.00
16:12:00       8    0.00    0.00    0.00    0.00    0.00    0.00    0.00    0.00    0.00  100.00
16:12:00       9    0.00    0.00    0.00    0.00    0.00    0.00    0.00    0.00    0.00  100.00
16:12:00      10    1.00    0.00    0.00    0.00    0.00    0.00    0.00    0.00    0.00   99.00
16:12:00      11    0.00    0.00    0.00    0.00    0.00    0.00    0.00    0.00    0.00  100.00
16:12:00      12    0.00    0.00    1.00    0.00    0.00    0.00    0.00    0.00    0.00   99.00
16:12:00      13    0.00    0.00    1.02    0.00    0.00    0.00    0.00    0.00    0.00   98.98
16:12:00      14    0.00    0.00    0.00    0.00    0.00    0.00    0.00    0.00    0.00  100.00
16:12:00      15    0.00    0.00    0.00    0.00    0.00    0.00    0.00    0.00    0.00  100.00
16:12:00      16    0.00    0.00    0.00    0.00    0.00    0.00    0.00    0.00    0.00  100.00
16:12:00      17    0.00    0.00    0.00    0.00    0.00    0.00    0.00    0.00    0.00  100.00
16:12:00      18    5.10    0.00    8.16    1.02    0.00    0.00    0.00    0.00    0.00   85.71
16:12:00      19    2.00    0.00    1.00    0.00    0.00    0.00    0.00    0.00    0.00   97.00
16:12:00      20    0.99    0.00    0.99    0.00    0.00    0.00    0.00    0.00    0.00   98.02
16:12:00      21    2.00    0.00    1.00    0.00    0.00    0.00    0.00    0.00    0.00   97.00
16:12:00      22    5.05    0.00    3.03    1.01    0.00    0.00    0.00    0.00    0.00   90.91
16:12:00      23    2.00    0.00    2.00    0.00    0.00    0.00    0.00    0.00    0.00   96.00
16:12:00      24    5.00    0.00    0.00    0.00    0.00    0.00    0.00    0.00    0.00   95.00
16:12:00      25    1.01    0.00    1.01    0.00    0.00    0.00    0.00    0.00    0.00   97.98
16:12:00      26    8.00    0.00    2.00    0.00    0.00    0.00    0.00    0.00    0.00   90.00
16:12:00      27    1.00    0.00    1.00    1.00    0.00    0.00    0.00    0.00    0.00   97.00
16:12:00      28    2.02    0.00    0.00    0.00    0.00    0.00    0.00    0.00    0.00   97.98
16:12:00      29    1.00    0.00    1.00    0.00    0.00    0.00    0.00    0.00    0.00   98.00
16:12:00      30    0.00    0.00    2.02    0.00    0.00    0.00    0.00    0.00    0.00   97.98
16:12:00      31    1.01    0.00    1.01    0.00    0.00    0.00    0.00    0.00    0.00   97.98
16:12:00      32    0.00    0.00    0.00    0.00    0.00    0.00    0.00    0.00    0.00  100.00
16:12:00      33    0.00    0.00    0.00    0.00    0.00    0.00    0.00    0.00    0.00  100.00
16:12:00      34    5.94    0.00    2.97    0.99    0.00    0.00    0.00    0.00    0.00   90.10
16:12:00      35    1.00    0.00    0.00    0.00    0.00    0.00    0.00    0.00    0.00   99.00
16:12:00      36    1.00    0.00    0.00    0.00    0.00    0.00    0.00    0.00    0.00   99.00
16:12:00      37    0.00    0.00    0.00    0.00    0.00    0.00    0.00    0.00    0.00  100.00
16:12:00      38    0.00    0.00    0.00    0.00    0.00    0.00    0.00    0.00    0.00  100.00
16:12:00      39    0.00    0.00    0.00    0.00    0.00    0.00    0.00    0.00    0.00  100.00
16:12:00      40    1.02    0.00    0.00    0.00    0.00    0.00    0.00    0.00    0.00   98.98
16:12:00      41    0.00    0.00    0.00    0.00    0.00    0.00    0.00    0.00    0.00  100.00
16:12:00      42    0.00    0.00    0.00    0.00    0.00    0.00    0.00    0.00    0.00  100.00
16:12:00      43    0.00    0.00    0.00    0.00    0.00    0.00    0.00    0.00    0.00  100.00
16:12:00      44    0.00    0.00    0.00    0.00    0.00    0.00    0.00    0.00    0.00  100.00
16:12:00      45    0.00    0.00    0.00    0.00    0.00    0.00    0.00    0.00    0.00  100.00
16:12:00      46    0.00    0.00    0.00    0.00    0.00    0.00    0.00    0.00    0.00  100.00
16:12:00      47    0.00    0.00    1.01   20.20    0.00    0.00    0.00    0.00    0.00   78.79
16:12:00      48    0.00    0.00    0.00    0.00    0.00    0.00    0.00    0.00    0.00  100.00
16:12:00      49    0.00    0.00    0.00    0.00    0.00    0.00    0.00    0.00    0.00  100.00
16:12:00      50    0.00    0.00    0.00    0.00    0.00    0.00    0.00    0.00    0.00  100.00
16:12:00      51    0.00    0.00    0.00    0.00    0.00    0.00    0.00    0.00    0.00  100.00
16:12:00      52    0.00    0.00    0.00    0.00    0.00    0.00    0.00    0.00    0.00  100.00
16:12:00      53    0.00    0.00    0.00    0.00    0.00    0.00    0.00    0.00    0.00  100.00
16:12:00      54    0.00    0.00    1.00    0.00    0.00    0.00    0.00    0.00    0.00   99.00
16:12:00      55    0.00    0.00    0.00    0.00    0.00    0.00    0.00    0.00    0.00  100.00
16:12:00      56    0.00    0.00    0.00    0.00    0.00    0.00    0.00    0.00    0.00  100.00
16:12:00      57    0.00    0.00    0.00    0.00    0.00    0.00    0.00    0.00    0.00  100.00
16:12:00      58    0.00    0.00    0.00    0.00    0.00    0.00    0.00    0.00    0.00  100.00
16:12:00      59    0.00    0.00    0.00    0.00    0.00    0.00    0.00    0.00    0.00  100.00
16:12:00      60    0.00    0.00    0.00    0.00    0.00    0.00    0.00    0.00    0.00  100.00
16:12:00      61    0.00    0.00    0.00    0.00    0.00    0.00    0.00    0.00    0.00  100.00
16:12:00      62    0.00    0.00    1.00    0.00    0.00    0.00    0.00    0.00    0.00   99.00
16:12:00      63    0.00    0.00    0.00    0.00    0.00    0.00    0.00    0.00    0.00  100.00
16:12:00      64    0.00    0.00    0.00    0.00    0.00    0.00    0.00    0.00    0.00  100.00
16:12:00      65    0.00    0.00    0.00    0.00    0.00    0.00    0.00    0.00    0.00  100.00
16:12:00      66    0.00    0.00    0.00    0.00    0.00    0.00    0.00    0.00    0.00  100.00
16:12:00      67    0.00    0.00    0.00    0.00    0.00    0.00    0.00    0.00    0.00  100.00
16:12:00      68    0.00    0.00    0.00    0.00    0.00    0.00    0.00    0.00    0.00  100.00
16:12:00      69    0.00    0.00    0.00    0.00    0.00    0.00    0.00    0.00    0.00  100.00
16:12:00      70    2.00    0.00    0.00    0.00    0.00    0.00    0.00    0.00    0.00   98.00
16:12:00      71    0.00    0.00    0.00    0.00    0.00    0.00    0.00    0.00    0.00  100.00

16:12:00     CPU    %usr   %nice    %sys %iowait    %irq   %soft  %steal  %guest  %gnice   %idle
16:12:01     all    0.64    0.00    0.40    0.26    0.00    0.00    0.00    0.00    0.00   98.69
16:12:01       0    0.00    0.00    0.00    0.00    0.00    0.00    0.00    0.00    0.00  100.00
16:12:01       1    0.00    0.00    0.00    0.00    0.00    0.00    0.00    0.00    0.00  100.00
16:12:01       2    0.00    0.00    0.00    0.00    0.00    0.00    0.00    0.00    0.00  100.00
16:12:01       3    0.00    0.00    0.00    0.00    0.00    0.00    0.00    0.00    0.00  100.00
16:12:01       4    0.00    0.00    0.00    0.00    0.00    0.00    0.00    0.00    0.00  100.00
16:12:01       5    0.00    0.00    0.00    0.00    0.00    0.00    0.00    0.00    0.00  100.00
16:12:01       6    0.00    0.00    0.00    0.00    0.00    0.00    0.00    0.00    0.00  100.00
16:12:01       7    0.00    0.00    0.00    0.00    0.00    0.00    0.00    0.00    0.00  100.00
16:12:01       8    0.00    0.00    0.00    0.00    0.00    0.00    0.00    0.00    0.00  100.00
16:12:01       9    0.00    0.00    0.00    0.00    0.00    0.00    0.00    0.00    0.00  100.00
16:12:01      10    0.00    0.00    0.00    0.00    0.00    0.00    0.00    0.00    0.00  100.00
16:12:01      11    0.00    0.00    0.00    0.00    0.00    0.00    0.00    0.00    0.00  100.00
16:12:01      12    0.00    0.00    0.00    0.00    0.00    0.00    0.00    0.00    0.00  100.00
16:12:01      13    0.00    0.00    1.00    0.00    0.00    0.00    0.00    0.00    0.00   99.00
16:12:01      14    0.00    0.00    1.00    0.00    0.00    0.00    0.00    0.00    0.00   99.00
16:12:01      15    0.00    0.00    0.00    0.00    0.00    0.00    0.00    0.00    0.00  100.00
16:12:01      16    0.00    0.00    0.00    0.00    0.00    0.00    0.00    0.00    0.00  100.00
16:12:01      17    0.00    0.00    0.00    0.00    0.00    0.00    0.00    0.00    0.00  100.00
16:12:01      18    8.00    0.00    6.00    1.00    0.00    0.00    0.00    0.00    0.00   85.00
16:12:01      19    2.02    0.00    1.01    0.00    0.00    0.00    0.00    0.00    0.00   96.97
16:12:01      20    0.00    0.00    0.00    0.00    0.00    0.00    0.00    0.00    0.00  100.00
16:12:01      21    1.01    0.00    1.01    0.00    0.00    0.00    0.00    0.00    0.00   97.98
16:12:01      22    4.00    0.00    2.00    0.00    0.00    0.00    0.00    0.00    0.00   94.00
16:12:01      23    3.03    0.00    2.02    0.00    0.00    0.00    0.00    0.00    0.00   94.95
16:12:01      24    1.01    0.00    0.00    0.00    0.00    0.00    0.00    0.00    0.00   98.99
16:12:01      25    3.00    0.00    1.00    0.00    0.00    0.00    0.00    0.00    0.00   96.00
16:12:01      26    2.02    0.00    2.02    0.00    0.00    0.00    0.00    0.00    0.00   95.96
16:12:01      27    4.00    0.00    2.00    0.00    0.00    0.00    0.00    0.00    0.00   94.00
16:12:01      28    1.00    0.00    2.00    0.00    0.00    0.00    0.00    0.00    0.00   97.00
16:12:01      29    1.01    0.00    1.01    0.00    0.00    0.00    0.00    0.00    0.00   97.98
16:12:01      30    1.00    0.00    0.00    0.00    0.00    0.00    0.00    0.00    0.00   99.00
16:12:01      31    3.03    0.00    1.01    1.01    0.00    0.00    0.00    0.00    0.00   94.95
16:12:01      32    0.00    0.00    0.00    0.00    0.00    0.00    0.00    0.00    0.00  100.00
16:12:01      33    1.00    0.00    0.00    0.00    0.00    0.00    0.00    0.00    0.00   99.00
16:12:01      34    4.08    0.00    2.04    0.00    0.00    0.00    0.00    0.00    0.00   93.88
16:12:01      35    1.01    0.00    0.00    0.00    0.00    0.00    0.00    0.00    0.00   98.99
16:12:01      36    1.01    0.00    0.00    0.00    0.00    0.00    0.00    0.00    0.00   98.99
16:12:01      37    1.00    0.00    0.00    0.00    0.00    0.00    0.00    0.00    0.00   99.00
16:12:01      38    0.00    0.00    0.00    0.00    0.00    0.00    0.00    0.00    0.00  100.00
16:12:01      39    0.00    0.00    0.00    0.00    0.00    0.00    0.00    0.00    0.00  100.00
16:12:01      40    1.02    0.00    0.00    0.00    0.00    0.00    0.00    0.00    0.00   98.98
16:12:01      41    0.00    0.00    0.00    0.00    0.00    0.00    0.00    0.00    0.00  100.00
16:12:01      42    0.00    0.00    0.00    0.00    0.00    0.00    0.00    0.00    0.00  100.00
16:12:01      43    0.00    0.00    0.00    0.00    0.00    0.00    0.00    0.00    0.00  100.00
16:12:01      44    0.00    0.00    1.00    0.00    0.00    0.00    0.00    0.00    0.00   99.00
16:12:01      45    0.00    0.00    0.00    0.00    0.00    0.00    0.00    0.00    0.00  100.00
16:12:01      46    0.00    0.00    0.00    0.00    0.00    0.00    0.00    0.00    0.00  100.00
16:12:01      47    0.00    0.00    1.00   17.00    0.00    0.00    0.00    0.00    0.00   82.00
16:12:01      48    0.00    0.00    0.00    0.00    0.00    0.00    0.00    0.00    0.00  100.00
16:12:01      49    0.00    0.00    0.00    0.00    0.00    0.00    0.00    0.00    0.00  100.00
16:12:01      50    0.99    0.00    0.00    0.00    0.00    0.00    0.00    0.00    0.00   99.01
16:12:01      51    0.00    0.00    0.00    0.00    0.00    0.00    0.00    0.00    0.00  100.00
16:12:01      52    0.99    0.00    0.00    0.00    0.00    0.00    0.00    0.00    0.00   99.01
16:12:01      53    0.00    0.00    0.00    0.00    0.00    0.00    0.00    0.00    0.00  100.00
16:12:01      54    0.00    0.00    2.00    0.00    0.00    0.00    0.00    0.00    0.00   98.00
16:12:01      55    0.00    0.00    0.00    0.00    0.00    0.00    0.00    0.00    0.00  100.00
16:12:01      56    0.00    0.00    0.00    0.00    0.00    0.00    0.00    0.00    0.00  100.00
16:12:01      57    0.00    0.00    0.00    0.00    0.00    0.00    0.00    0.00    0.00  100.00
16:12:01      58    0.00    0.00    0.00    0.00    0.00    0.00    0.00    0.00    0.00  100.00
16:12:01      59    0.00    0.00    0.00    0.00    0.00    0.00    0.00    0.00    0.00  100.00
16:12:01      60    0.00    0.00    0.00    0.00    0.00    0.00    0.00    0.00    0.00  100.00
16:12:01      61    0.00    0.00    0.00    0.00    0.00    0.00    0.00    0.00    0.00  100.00
16:12:01      62    1.00    0.00    0.00    0.00    0.00    0.00    0.00    0.00    0.00   99.00
16:12:01      63    0.00    0.00    0.00    0.00    0.00    0.00    0.00    0.00    0.00  100.00
16:12:01      64    0.00    0.00    0.00    0.00    0.00    0.00    0.00    0.00    0.00  100.00
16:12:01      65    0.00    0.00    0.00    0.00    0.00    0.00    0.00    0.00    0.00  100.00
16:12:01      66    0.00    0.00    0.00    0.00    0.00    0.00    0.00    0.00    0.00  100.00
16:12:01      67    0.00    0.00    0.00    0.00    0.00    0.00    0.00    0.00    0.00  100.00
16:12:01      68    0.00    0.00    0.00    0.00    0.00    0.00    0.00    0.00    0.00  100.00
16:12:01      69    0.00    0.00    0.00    0.00    0.00    0.00    0.00    0.00    0.00  100.00
16:12:01      70    0.00    0.00    0.00    0.00    0.00    0.00    0.00    0.00    0.00  100.00
16:12:01      71    0.00    0.00    0.00    0.00    0.00    0.00    0.00    0.00    0.00  100.00

16:12:01     CPU    %usr   %nice    %sys %iowait    %irq   %soft  %steal  %guest  %gnice   %idle
16:12:02     all    0.72    0.00    0.50    0.25    0.00    0.00    0.00    0.00    0.00   98.52
16:12:02       0    0.00    0.00    0.00    0.00    0.00    0.00    0.00    0.00    0.00  100.00
16:12:02       1    0.00    0.00    0.00    0.00    0.00    0.00    0.00    0.00    0.00  100.00
16:12:02       2    1.01    0.00    1.01    0.00    0.00    0.00    0.00    0.00    0.00   97.98
16:12:02       3    0.00    0.00    0.00    0.00    0.00    0.00    0.00    0.00    0.00  100.00
16:12:02       4    0.00    0.00    0.00    0.00    0.00    0.00    0.00    0.00    0.00  100.00
16:12:02       5    0.00    0.00    0.00    0.00    0.00    0.00    0.00    0.00    0.00  100.00
16:12:02       6    0.00    0.00    0.00    0.00    0.00    0.00    0.00    0.00    0.00  100.00
16:12:02       7    0.00    0.00    0.00    0.00    0.00    0.00    0.00    0.00    0.00  100.00
16:12:02       8    0.00    0.00    0.00    0.00    0.00    0.00    0.00    0.00    0.00  100.00
16:12:02       9    0.00    0.00    0.00    0.00    0.00    0.00    0.00    0.00    0.00  100.00
16:12:02      10    0.00    0.00    0.00    0.00    0.00    0.00    0.00    0.00    0.00  100.00
16:12:02      11    0.00    0.00    0.00    0.00    0.00    0.00    0.00    0.00    0.00  100.00
16:12:02      12    0.00    0.00    0.00    0.00    0.00    0.00    0.00    0.00    0.00  100.00
16:12:02      13    0.00    0.00    0.00    0.00    0.00    0.00    0.00    0.00    0.00  100.00
16:12:02      14    0.00    0.00    0.00    0.00    0.00    0.00    0.00    0.00    0.00  100.00
16:12:02      15    1.00    0.00    2.00    0.00    0.00    0.00    0.00    0.00    0.00   97.00
16:12:02      16    0.00    0.00    0.00    0.00    0.00    0.00    0.00    0.00    0.00  100.00
16:12:02      17    0.00    0.00    0.00    0.00    0.00    0.00    0.00    0.00    0.00  100.00
16:12:02      18   10.10    0.00    2.02    0.00    0.00    0.00    0.00    0.00    0.00   87.88
16:12:02      19    3.00    0.00    1.00    0.00    0.00    0.00    0.00    0.00    0.00   96.00
16:12:02      20    0.00    0.00    0.99    0.00    0.00    0.00    0.00    0.00    0.00   99.01
16:12:02      21    1.00    0.00    0.00    0.00    0.00    0.00    0.00    0.00    0.00   99.00
16:12:02      22    4.12    0.00    5.15    0.00    0.00    0.00    0.00    0.00    0.00   90.72
16:12:02      23    0.99    0.00    0.99    0.00    0.00    0.00    0.00    0.00    0.00   98.02
16:12:02      24    2.97    0.00    1.98    0.00    0.00    0.00    0.00    0.00    0.00   95.05
16:12:02      25    3.03    0.00    3.03    0.00    0.00    0.00    0.00    0.00    0.00   93.94
16:12:02      26    5.05    0.00    1.01    0.00    0.00    0.00    0.00    0.00    0.00   93.94
16:12:02      27    1.01    0.00    0.00    0.00    0.00    0.00    0.00    0.00    0.00   98.99
16:12:02      28    1.01    0.00    1.01    0.00    0.00    0.00    0.00    0.00    0.00   97.98
16:12:02      29    2.00    0.00    1.00    0.00    0.00    0.00    0.00    0.00    0.00   97.00
16:12:02      30    0.00    0.00    1.00    0.00    0.00    0.00    0.00    0.00    0.00   99.00
16:12:02      31    1.98    0.00    1.98    0.00    0.00    0.00    0.00    0.00    0.00   96.04
16:12:02      32    1.00    0.00    1.00    0.00    0.00    0.00    0.00    0.00    0.00   98.00
16:12:02      33    0.00    0.00    1.00    0.00    0.00    0.00    0.00    0.00    0.00   99.00
16:12:02      34    4.04    0.00    2.02    0.00    0.00    0.00    0.00    0.00    0.00   93.94
16:12:02      35    2.97    0.00    0.00    0.00    0.00    0.00    0.00    0.00    0.00   97.03
16:12:02      36    1.00    0.00    0.00    0.00    0.00    0.00    0.00    0.00    0.00   99.00
16:12:02      37    1.01    0.00    0.00    0.00    0.00    0.00    0.00    0.00    0.00   98.99
16:12:02      38    0.99    0.00    0.00    0.00    0.00    0.00    0.00    0.00    0.00   99.01
16:12:02      39    0.00    0.00    0.00    0.00    0.00    0.00    0.00    0.00    0.00  100.00
16:12:02      40    0.00    0.00    1.02    0.00    0.00    0.00    0.00    0.00    0.00   98.98
16:12:02      41    0.00    0.00    0.00    0.00    0.00    0.00    0.00    0.00    0.00  100.00
16:12:02      42    0.00    0.00    0.00    0.00    0.00    0.00    0.00    0.00    0.00  100.00
16:12:02      43    0.00    0.00    0.00    0.00    0.00    0.00    0.00    0.00    0.00  100.00
16:12:02      44    0.00    0.00    0.00    0.00    0.00    0.00    0.00    0.00    0.00  100.00
16:12:02      45    0.00    0.00    0.00    0.00    0.00    0.00    0.00    0.00    0.00  100.00
16:12:02      46    0.00    0.00    0.00    0.00    0.00    0.00    0.00    0.00    0.00  100.00
16:12:02      47    0.00    0.00    1.01   18.18    0.00    0.00    0.00    0.00    0.00   80.81
16:12:02      48    0.00    0.00    0.00    0.00    0.00    0.00    0.00    0.00    0.00  100.00
16:12:02      49    0.00    0.00    0.00    0.00    0.00    0.00    0.00    0.00    0.00  100.00
16:12:02      50    0.00    0.00    0.00    0.00    0.00    0.00    0.00    0.00    0.00  100.00
16:12:02      51    0.00    0.00    0.00    0.00    0.00    0.00    0.00    0.00    0.00  100.00
16:12:02      52    0.00    0.00    0.00    0.00    0.00    0.00    0.00    0.00    0.00  100.00
16:12:02      53    0.00    0.00    1.00    0.00    0.00    0.00    0.00    0.00    0.00   99.00
16:12:02      54    2.02    0.00    5.05    0.00    0.00    0.00    0.00    0.00    0.00   92.93
16:12:02      55    0.00    0.00    0.00    0.00    0.00    0.00    0.00    0.00    0.00  100.00
16:12:02      56    0.00    0.00    0.00    0.00    0.00    0.00    0.00    0.00    0.00  100.00
16:12:02      57    0.00    0.00    0.00    0.00    0.00    0.00    0.00    0.00    0.00  100.00
16:12:02      58    0.00    0.00    0.00    0.00    0.00    0.00    0.00    0.00    0.00  100.00
16:12:02      59    0.00    0.00    0.00    0.00    0.00    0.00    0.00    0.00    0.00  100.00
16:12:02      60    0.00    0.00    0.00    0.00    0.00    0.00    0.00    0.00    0.00  100.00
16:12:02      61    0.00    0.00    0.00    0.00    0.00    0.00    0.00    0.00    0.00  100.00
16:12:02      62    0.00    0.00    0.00    0.00    0.00    0.00    0.00    0.00    0.00  100.00
16:12:02      63    0.00    0.00    0.00    0.00    0.00    0.00    0.00    0.00    0.00  100.00
16:12:02      64    0.00    0.00    0.00    0.00    0.00    0.00    0.00    0.00    0.00  100.00
16:12:02      65    0.00    0.00    0.00    0.00    0.00    0.00    0.00    0.00    0.00  100.00
16:12:02      66    0.00    0.00    0.00    0.00    0.00    0.00    0.00    0.00    0.00  100.00
16:12:02      67    0.00    0.00    0.00    0.00    0.00    0.00    0.00    0.00    0.00  100.00
16:12:02      68    0.00    0.00    0.00    0.00    0.00    0.00    0.00    0.00    0.00  100.00
16:12:02      69    0.00    0.00    0.00    0.00    0.00    0.00    0.00    0.00    0.00  100.00
16:12:02      70    1.00    0.00    0.00    0.00    0.00    0.00    0.00    0.00    0.00   99.00
16:12:02      71    0.00    0.00    0.00    0.00    0.00    0.00    0.00    0.00    0.00  100.00

16:12:02     CPU    %usr   %nice    %sys %iowait    %irq   %soft  %steal  %guest  %gnice   %idle
16:12:03     all    0.67    0.00    0.42    0.32    0.00    0.03    0.00    0.00    0.00   98.57
16:12:03       0    0.00    0.00    0.00    0.00    0.00    0.00    0.00    0.00    0.00  100.00
16:12:03       1    0.00    0.00    0.00    0.00    0.00    0.00    0.00    0.00    0.00  100.00
16:12:03       2    0.00    0.00    0.00    0.00    0.00    0.00    0.00    0.00    0.00  100.00
16:12:03       3    0.00    0.00    0.00    0.00    0.00    0.00    0.00    0.00    0.00  100.00
16:12:03       4    0.00    0.00    0.00    0.00    0.00    0.00    0.00    0.00    0.00  100.00
16:12:03       5    0.00    0.00    0.00    0.00    0.00    0.00    0.00    0.00    0.00  100.00
16:12:03       6    0.00    0.00    0.00    0.00    0.00    0.00    0.00    0.00    0.00  100.00
16:12:03       7    0.00    0.00    0.00    0.00    0.00    0.00    0.00    0.00    0.00  100.00
16:12:03       8    0.00    0.00    0.00    0.00    0.00    0.00    0.00    0.00    0.00  100.00
16:12:03       9    0.00    0.00    0.00    0.00    0.00    0.00    0.00    0.00    0.00  100.00
16:12:03      10    0.00    0.00    0.00    0.00    0.00    0.00    0.00    0.00    0.00  100.00
16:12:03      11    0.00    0.00    0.00    0.00    0.00    0.00    0.00    0.00    0.00  100.00
16:12:03      12    0.00    0.00    1.00    0.00    0.00    0.00    0.00    0.00    0.00   99.00
16:12:03      13    0.00    0.00    0.00    0.00    0.00    0.00    0.00    0.00    0.00  100.00
16:12:03      14    0.00    0.00    0.00    0.00    0.00    0.00    0.00    0.00    0.00  100.00
16:12:03      15    0.00    0.00    1.00    0.00    0.00    0.00    0.00    0.00    0.00   99.00
16:12:03      16    0.00    0.00    0.00    0.00    0.00    0.00    0.00    0.00    0.00  100.00
16:12:03      17    0.00    0.00    0.00    0.00    0.00    0.00    0.00    0.00    0.00  100.00
16:12:03      18    9.09    0.00    3.03    0.00    0.00    0.00    0.00    0.00    0.00   87.88
16:12:03      19    1.98    0.00    0.99    0.99    0.00    0.00    0.00    0.00    0.00   96.04
16:12:03      20    1.00    0.00    0.00    0.00    0.00    0.00    0.00    0.00    0.00   99.00
16:12:03      21    1.00    0.00    0.00    0.00    0.00    0.00    0.00    0.00    0.00   99.00
16:12:03      22    6.93    0.00    1.98    0.99    0.00    0.99    0.00    0.00    0.00   89.11
16:12:03      23    1.02    0.00    1.02    0.00    0.00    0.00    0.00    0.00    0.00   97.96
16:12:03      24    2.02    0.00    0.00    0.00    0.00    0.00    0.00    0.00    0.00   97.98
16:12:03      25    1.98    0.00    0.99    0.99    0.00    0.00    0.00    0.00    0.00   96.04
16:12:03      26    3.03    0.00    1.01    1.01    0.00    0.00    0.00    0.00    0.00   94.95
16:12:03      27    3.00    0.00    1.00    0.00    0.00    0.00    0.00    0.00    0.00   96.00
16:12:03      28    1.00    0.00    0.00    0.00    0.00    0.00    0.00    0.00    0.00   99.00
16:12:03      29    2.00    0.00    2.00    0.00    0.00    0.00    0.00    0.00    0.00   96.00
16:12:03      30    1.01    0.00    0.00    0.00    0.00    0.00    0.00    0.00    0.00   98.99
16:12:03      31    0.00    0.00    0.00    0.00    0.00    0.00    0.00    0.00    0.00  100.00
16:12:03      32    0.00    0.00    3.06    0.00    0.00    0.00    0.00    0.00    0.00   96.94
16:12:03      33    1.00    0.00    1.00    0.00    0.00    0.00    0.00    0.00    0.00   98.00
16:12:03      34    4.04    0.00    2.02    1.01    0.00    0.00    0.00    0.00    0.00   92.93
16:12:03      35    1.00    0.00    1.00    0.00    0.00    0.00    0.00    0.00    0.00   98.00
16:12:03      36    1.98    0.00    0.99    0.00    0.00    0.00    0.00    0.00    0.00   97.03
16:12:03      37    1.00    0.00    1.00    0.00    0.00    0.00    0.00    0.00    0.00   98.00
16:12:03      38    0.00    0.00    0.00    0.00    0.00    0.00    0.00    0.00    0.00  100.00
16:12:03      39    0.00    0.00    0.00    0.00    0.00    0.00    0.00    0.00    0.00  100.00
16:12:03      40    1.01    0.00    0.00    0.00    0.00    1.01    0.00    0.00    0.00   97.98
16:12:03      41    0.00    0.00    0.00    0.00    0.00    0.00    0.00    0.00    0.00  100.00
16:12:03      42    0.00    0.00    0.00    0.00    0.00    0.00    0.00    0.00    0.00  100.00
16:12:03      43    0.00    0.00    1.00    0.00    0.00    0.00    0.00    0.00    0.00   99.00
16:12:03      44    0.00    0.00    0.00    0.00    0.00    0.00    0.00    0.00    0.00  100.00
16:12:03      45    0.00    0.00    0.00    0.00    0.00    0.00    0.00    0.00    0.00  100.00
16:12:03      46    0.00    0.00    0.00    0.00    0.00    0.00    0.00    0.00    0.00  100.00
16:12:03      47    0.00    0.00    0.00   18.18    0.00    0.00    0.00    0.00    0.00   81.82
16:12:03      48    0.00    0.00    0.00    0.00    0.00    0.00    0.00    0.00    0.00  100.00
16:12:03      49    0.00    0.00    0.00    0.00    0.00    0.00    0.00    0.00    0.00  100.00
16:12:03      50    0.00    0.00    0.00    0.00    0.00    0.00    0.00    0.00    0.00  100.00
16:12:03      51    0.00    0.00    0.00    0.00    0.00    0.00    0.00    0.00    0.00  100.00
16:12:03      52    0.00    0.00    0.00    0.00    0.00    0.00    0.00    0.00    0.00  100.00
16:12:03      53    0.00    0.00    1.00    0.00    0.00    0.00    0.00    0.00    0.00   99.00
16:12:03      54    1.98    0.00    4.95    0.00    0.00    0.00    0.00    0.00    0.00   93.07
16:12:03      55    0.00    0.00    0.00    0.00    0.00    0.00    0.00    0.00    0.00  100.00
16:12:03      56    0.00    0.00    0.00    0.00    0.00    0.00    0.00    0.00    0.00  100.00
16:12:03      57    0.00    0.00    0.00    0.00    0.00    0.00    0.00    0.00    0.00  100.00
16:12:03      58    1.00    0.00    0.00    0.00    0.00    0.00    0.00    0.00    0.00   99.00
16:12:03      59    0.00    0.00    0.00    0.00    0.00    0.00    0.00    0.00    0.00  100.00
16:12:03      60    0.00    0.00    0.00    0.00    0.00    0.00    0.00    0.00    0.00  100.00
16:12:03      61    0.00    0.00    0.00    0.00    0.00    0.00    0.00    0.00    0.00  100.00
16:12:03      62    0.00    0.00    0.00    0.00    0.00    0.00    0.00    0.00    0.00  100.00
16:12:03      63    0.00    0.00    0.00    0.00    0.00    0.00    0.00    0.00    0.00  100.00
16:12:03      64    0.00    0.00    0.00    0.00    0.00    0.00    0.00    0.00    0.00  100.00
16:12:03      65    0.00    0.00    0.00    0.00    0.00    0.00    0.00    0.00    0.00  100.00
16:12:03      66    0.00    0.00    0.00    0.00    0.00    0.00    0.00    0.00    0.00  100.00
16:12:03      67    0.00    0.00    0.00    0.00    0.00    0.00    0.00    0.00    0.00  100.00
16:12:03      68    0.00    0.00    0.00    0.00    0.00    0.00    0.00    0.00    0.00  100.00
16:12:03      69    0.00    0.00    0.00    0.00    0.00    0.00    0.00    0.00    0.00  100.00
16:12:03      70    0.00    0.00    0.00    0.00    0.00    0.00    0.00    0.00    0.00  100.00
16:12:03      71    0.00    0.00    0.00    0.00    0.00    0.00    0.00    0.00    0.00  100.00

16:12:03     CPU    %usr   %nice    %sys %iowait    %irq   %soft  %steal  %guest  %gnice   %idle
16:12:04     all    0.72    0.00    0.50    0.26    0.00    0.01    0.00    0.00    0.00   98.50
16:12:04       0    0.00    0.00    0.00    0.00    0.00    0.00    0.00    0.00    0.00  100.00
16:12:04       1    0.00    0.00    0.00    0.00    0.00    0.00    0.00    0.00    0.00  100.00
16:12:04       2    0.00    0.00    0.00    0.00    0.00    0.00    0.00    0.00    0.00  100.00
16:12:04       3    1.00    0.00    0.00    0.00    0.00    0.00    0.00    0.00    0.00   99.00
16:12:04       4    0.00    0.00    0.00    0.00    0.00    0.00    0.00    0.00    0.00  100.00
16:12:04       5    0.00    0.00    0.00    0.00    0.00    0.00    0.00    0.00    0.00  100.00
16:12:04       6    0.00    0.00    1.00    0.00    0.00    0.00    0.00    0.00    0.00   99.00
16:12:04       7    0.00    0.00    0.00    0.00    0.00    0.00    0.00    0.00    0.00  100.00
16:12:04       8    0.00    0.00    0.00    0.00    0.00    0.00    0.00    0.00    0.00  100.00
16:12:04       9    0.00    0.00    0.00    0.00    0.00    0.00    0.00    0.00    0.00  100.00
16:12:04      10    0.00    0.00    0.00    0.00    0.00    0.00    0.00    0.00    0.00  100.00
16:12:04      11    0.00    0.00    0.00    0.00    0.00    0.00    0.00    0.00    0.00  100.00
16:12:04      12    0.00    0.00    0.00    0.00    0.00    0.00    0.00    0.00    0.00  100.00
16:12:04      13    0.99    0.00    0.00    0.00    0.00    0.00    0.00    0.00    0.00   99.01
16:12:04      14    0.00    0.00    1.00    0.00    0.00    0.00    0.00    0.00    0.00   99.00
16:12:04      15    0.00    0.00    0.00    0.00    0.00    0.00    0.00    0.00    0.00  100.00
16:12:04      16    0.00    0.00    0.00    0.00    0.00    0.00    0.00    0.00    0.00  100.00
16:12:04      17    0.00    0.00    0.00    0.00    0.00    0.00    0.00    0.00    0.00  100.00
16:12:04      18    7.00    0.00    3.00    5.00    0.00    0.00    0.00    0.00    0.00   85.00
16:12:04      19    5.00    0.00    1.00    0.00    0.00    0.00    0.00    0.00    0.00   94.00
16:12:04      20    1.01    0.00    1.01    0.00    0.00    0.00    0.00    0.00    0.00   97.98
16:12:04      21    0.00    0.00    0.00    0.00    0.00    0.00    0.00    0.00    0.00  100.00
16:12:04      22    7.00    0.00    2.00    0.00    0.00    0.00    0.00    0.00    0.00   91.00
16:12:04      23    0.00    0.00    1.00    0.00    0.00    0.00    0.00    0.00    0.00   99.00
16:12:04      24    0.99    0.00    0.99    0.00    0.00    0.00    0.00    0.00    0.00   98.02
16:12:04      25    1.01    0.00    2.02    0.00    0.00    0.00    0.00    0.00    0.00   96.97
16:12:04      26    6.00    0.00    2.00    0.00    0.00    1.00    0.00    0.00    0.00   91.00
16:12:04      27    2.00    0.00    0.00    0.00    0.00    0.00    0.00    0.00    0.00   98.00
16:12:04      28    1.00    0.00    1.00    1.00    0.00    0.00    0.00    0.00    0.00   97.00
16:12:04      29    1.00    0.00    0.00    0.00    0.00    0.00    0.00    0.00    0.00   99.00
16:12:04      30    0.00    0.00    2.00    0.00    0.00    0.00    0.00    0.00    0.00   98.00
16:12:04      31    0.00    0.00    1.00    0.00    0.00    0.00    0.00    0.00    0.00   99.00
16:12:04      32    2.00    0.00    3.00    0.00    0.00    0.00    0.00    0.00    0.00   95.00
16:12:04      33    0.00    0.00    0.00    0.00    0.00    0.00    0.00    0.00    0.00  100.00
16:12:04      34    6.06    0.00    0.00    0.00    0.00    0.00    0.00    0.00    0.00   93.94
16:12:04      35    1.98    0.00    0.00    0.00    0.00    0.00    0.00    0.00    0.00   98.02
16:12:04      36    1.00    0.00    1.00    0.00    0.00    0.00    0.00    0.00    0.00   98.00
16:12:04      37    1.00    0.00    0.00    0.00    0.00    0.00    0.00    0.00    0.00   99.00
16:12:04      38    0.00    0.00    0.00    0.00    0.00    0.00    0.00    0.00    0.00  100.00
16:12:04      39    0.00    0.00    0.00    0.00    0.00    0.00    0.00    0.00    0.00  100.00
16:12:04      40    0.00    0.00    0.00    0.00    0.00    0.00    0.00    0.00    0.00  100.00
16:12:04      41    0.00    0.00    0.00    0.00    0.00    0.00    0.00    0.00    0.00  100.00
16:12:04      42    0.00    0.00    0.00    0.00    0.00    0.00    0.00    0.00    0.00  100.00
16:12:04      43    0.00    0.00    0.00    0.00    0.00    0.00    0.00    0.00    0.00  100.00
16:12:04      44    1.00    0.00    1.00    0.00    0.00    0.00    0.00    0.00    0.00   98.00
16:12:04      45    0.00    0.00    0.99    0.00    0.00    0.00    0.00    0.00    0.00   99.01
16:12:04      46    0.00    0.00    0.00    0.00    0.00    0.00    0.00    0.00    0.00  100.00
16:12:04      47    0.00    0.00    1.01   13.13    0.00    0.00    0.00    0.00    0.00   85.86
16:12:04      48    0.00    0.00    0.00    0.00    0.00    0.00    0.00    0.00    0.00  100.00
16:12:04      49    0.00    0.00    0.00    0.00    0.00    0.00    0.00    0.00    0.00  100.00
16:12:04      50    0.00    0.00    0.99    0.00    0.00    0.00    0.00    0.00    0.00   99.01
16:12:04      51    0.00    0.00    0.00    0.00    0.00    0.00    0.00    0.00    0.00  100.00
16:12:04      52    0.00    0.00    0.00    0.00    0.00    0.00    0.00    0.00    0.00  100.00
16:12:04      53    0.00    0.00    1.00    0.00    0.00    0.00    0.00    0.00    0.00   99.00
16:12:04      54    1.01    0.00    5.05    0.00    0.00    0.00    0.00    0.00    0.00   93.94
16:12:04      55    0.00    0.00    0.00    0.00    0.00    0.00    0.00    0.00    0.00  100.00
16:12:04      56    0.00    0.00    0.00    0.00    0.00    0.00    0.00    0.00    0.00  100.00
16:12:04      57    0.00    0.00    0.00    0.00    0.00    0.00    0.00    0.00    0.00  100.00
16:12:04      58    0.00    0.00    0.00    0.00    0.00    0.00    0.00    0.00    0.00  100.00
16:12:04      59    0.00    0.00    0.00    0.00    0.00    0.00    0.00    0.00    0.00  100.00
16:12:04      60    0.00    0.00    0.00    0.00    0.00    0.00    0.00    0.00    0.00  100.00
16:12:04      61    0.00    0.00    0.00    0.00    0.00    0.00    0.00    0.00    0.00  100.00
16:12:04      62    0.00    0.00    0.00    0.00    0.00    0.00    0.00    0.00    0.00  100.00
16:12:04      63    0.00    0.00    0.00    0.00    0.00    0.00    0.00    0.00    0.00  100.00
16:12:04      64    0.00    0.00    0.00    0.00    0.00    0.00    0.00    0.00    0.00  100.00
16:12:04      65    2.00    0.00    1.00    0.00    0.00    0.00    0.00    0.00    0.00   97.00
16:12:04      66    0.00    0.00    0.00    0.00    0.00    0.00    0.00    0.00    0.00  100.00
16:12:04      67    1.98    0.00    1.98    0.00    0.00    0.00    0.00    0.00    0.00   96.04
16:12:04      68    0.00    0.00    0.00    0.00    0.00    0.00    0.00    0.00    0.00  100.00
16:12:04      69    0.00    0.00    0.00    0.00    0.00    0.00    0.00    0.00    0.00  100.00
16:12:04      70    0.00    0.00    0.00    0.00    0.00    0.00    0.00    0.00    0.00  100.00
16:12:04      71    0.00    0.00    0.00    0.00    0.00    0.00    0.00    0.00    0.00  100.00

16:12:04     CPU    %usr   %nice    %sys %iowait    %irq   %soft  %steal  %guest  %gnice   %idle
16:12:05     all    0.60    0.00    0.45    0.31    0.00    0.00    0.00    0.00    0.00   98.65
16:12:05       0    0.00    0.00    0.00    0.00    0.00    0.00    0.00    0.00    0.00  100.00
16:12:05       1    0.00    0.00    0.00    0.00    0.00    0.00    0.00    0.00    0.00  100.00
16:12:05       2    1.00    0.00    0.00    1.00    0.00    0.00    0.00    0.00    0.00   98.00
16:12:05       3    0.00    0.00    0.00    0.00    0.00    0.00    0.00    0.00    0.00  100.00
16:12:05       4    0.00    0.00    0.00    0.00    0.00    0.00    0.00    0.00    0.00  100.00
16:12:05       5    0.00    0.00    0.00    0.00    0.00    0.00    0.00    0.00    0.00  100.00
16:12:05       6    0.00    0.00    0.00    0.00    0.00    0.00    0.00    0.00    0.00  100.00
16:12:05       7    0.98    0.00    2.94    0.00    0.00    0.00    0.00    0.00    0.00   96.08
16:12:05       8    0.00    0.00    0.99    0.00    0.00    0.00    0.00    0.00    0.00   99.01
16:12:05       9    0.00    0.00    0.00    0.00    0.00    0.00    0.00    0.00    0.00  100.00
16:12:05      10    0.00    0.00    0.00    0.00    0.00    0.00    0.00    0.00    0.00  100.00
16:12:05      11    0.00    0.00    0.00    0.00    0.00    0.00    0.00    0.00    0.00  100.00
16:12:05      12    0.00    0.00    0.00    0.00    0.00    0.00    0.00    0.00    0.00  100.00
16:12:05      13    0.00    0.00    0.00    0.00    0.00    0.00    0.00    0.00    0.00  100.00
16:12:05      14    1.00    0.00    0.00    0.00    0.00    0.00    0.00    0.00    0.00   99.00
16:12:05      15    0.00    0.00    1.00    0.00    0.00    0.00    0.00    0.00    0.00   99.00
16:12:05      16    0.00    0.00    0.00    0.00    0.00    0.00    0.00    0.00    0.00  100.00
16:12:05      17    0.00    0.00    0.00    0.00    0.00    0.00    0.00    0.00    0.00  100.00
16:12:05      18    6.06    0.00    3.03    0.00    0.00    0.00    0.00    0.00    0.00   90.91
16:12:05      19    2.02    0.00    1.01    0.00    0.00    0.00    0.00    0.00    0.00   96.97
16:12:05      20    1.00    0.00    0.00    0.00    0.00    0.00    0.00    0.00    0.00   99.00
16:12:05      21    1.00    0.00    0.00    0.00    0.00    0.00    0.00    0.00    0.00   99.00
16:12:05      22    5.00    0.00    2.00    1.00    0.00    0.00    0.00    0.00    0.00   92.00
16:12:05      23    2.00    0.00    1.00    0.00    0.00    0.00    0.00    0.00    0.00   97.00
16:12:05      24    1.02    0.00    1.02    0.00    0.00    0.00    0.00    0.00    0.00   97.96
16:12:05      25    2.02    0.00    1.01    0.00    0.00    0.00    0.00    0.00    0.00   96.97
16:12:05      26    3.03    0.00    3.03    1.01    0.00    0.00    0.00    0.00    0.00   92.93
16:12:05      27    0.00    0.00    1.00    0.00    0.00    0.00    0.00    0.00    0.00   99.00
16:12:05      28    1.00    0.00    1.00    0.00    0.00    0.00    0.00    0.00    0.00   98.00
16:12:05      29    0.00    0.00    1.00    0.00    0.00    0.00    0.00    0.00    0.00   99.00
16:12:05      30    1.01    0.00    1.01    0.00    0.00    0.00    0.00    0.00    0.00   97.98
16:12:05      31    0.00    0.00    0.00    0.00    0.00    0.00    0.00    0.00    0.00  100.00
16:12:05      32    0.00    0.00    0.00    0.00    0.00    0.00    0.00    0.00    0.00  100.00
16:12:05      33    0.00    0.00    0.00    0.00    0.00    0.00    0.00    0.00    0.00  100.00
16:12:05      34    4.04    0.00    2.02    0.00    0.00    0.00    0.00    0.00    0.00   93.94
16:12:05      35    4.00    0.00    3.00    0.00    0.00    0.00    0.00    0.00    0.00   93.00
16:12:05      36    1.00    0.00    0.00    0.00    0.00    0.00    0.00    0.00    0.00   99.00
16:12:05      37    1.01    0.00    0.00    0.00    0.00    0.00    0.00    0.00    0.00   98.99
16:12:05      38    0.00    0.00    0.00    0.00    0.00    0.00    0.00    0.00    0.00  100.00
16:12:05      39    0.00    0.00    0.00    0.00    0.00    0.00    0.00    0.00    0.00  100.00
16:12:05      40    1.02    0.00    1.02    0.00    0.00    0.00    0.00    0.00    0.00   97.96
16:12:05      41    1.00    0.00    0.00    0.00    0.00    0.00    0.00    0.00    0.00   99.00
16:12:05      42    0.00    0.00    0.00    0.00    0.00    0.00    0.00    0.00    0.00  100.00
16:12:05      43    0.00    0.00    0.00    0.00    0.00    0.00    0.00    0.00    0.00  100.00
16:12:05      44    0.00    0.00    0.00    0.00    0.00    0.00    0.00    0.00    0.00  100.00
16:12:05      45    0.00    0.00    0.00    0.00    0.00    0.00    0.00    0.00    0.00  100.00
16:12:05      46    0.00    0.00    0.00    0.00    0.00    0.00    0.00    0.00    0.00  100.00
16:12:05      47    0.00    0.00    0.00   19.19    0.00    0.00    0.00    0.00    0.00   80.81
16:12:05      48    0.00    0.00    0.00    0.00    0.00    0.00    0.00    0.00    0.00  100.00
16:12:05      49    0.00    0.00    0.00    0.00    0.00    0.00    0.00    0.00    0.00  100.00
16:12:05      50    0.00    0.00    0.00    0.00    0.00    0.00    0.00    0.00    0.00  100.00
16:12:05      51    0.00    0.00    0.00    0.00    0.00    0.00    0.00    0.00    0.00  100.00
16:12:05      52    0.00    0.00    0.00    0.00    0.00    0.00    0.00    0.00    0.00  100.00
16:12:05      53    0.00    0.00    0.00    0.00    0.00    0.00    0.00    0.00    0.00  100.00
16:12:05      54    1.98    0.00    4.95    0.00    0.00    0.00    0.00    0.00    0.00   93.07
16:12:05      55    0.00    0.00    0.00    0.00    0.00    0.00    0.00    0.00    0.00  100.00
16:12:05      56    0.00    0.00    0.00    0.00    0.00    0.00    0.00    0.00    0.00  100.00
16:12:05      57    0.00    0.00    0.00    0.00    0.00    0.00    0.00    0.00    0.00  100.00
16:12:05      58    0.00    0.00    0.00    0.00    0.00    0.00    0.00    0.00    0.00  100.00
16:12:05      59    0.00    0.00    0.00    0.00    0.00    0.00    0.00    0.00    0.00  100.00
16:12:05      60    0.00    0.00    0.00    0.00    0.00    0.00    0.00    0.00    0.00  100.00
16:12:05      61    0.00    0.00    0.00    0.00    0.00    0.00    0.00    0.00    0.00  100.00
16:12:05      62    0.00    0.00    0.00    0.00    0.00    0.00    0.00    0.00    0.00  100.00
16:12:05      63    0.00    0.00    0.00    0.00    0.00    0.00    0.00    0.00    0.00  100.00
16:12:05      64    0.00    0.00    0.00    0.00    0.00    0.00    0.00    0.00    0.00  100.00
16:12:05      65    0.00    0.00    0.00    0.00    0.00    0.00    0.00    0.00    0.00  100.00
16:12:05      66    0.00    0.00    0.00    0.00    0.00    0.00    0.00    0.00    0.00  100.00
16:12:05      67    0.00    0.00    0.00    0.00    0.00    0.00    0.00    0.00    0.00  100.00
16:12:05      68    0.00    0.00    0.00    0.00    0.00    0.00    0.00    0.00    0.00  100.00
16:12:05      69    0.00    0.00    0.00    0.00    0.00    0.00    0.00    0.00    0.00  100.00
16:12:05      70    1.00    0.00    0.00    0.00    0.00    0.00    0.00    0.00    0.00   99.00
16:12:05      71    0.00    0.00    0.00    0.00    0.00    0.00    0.00    0.00    0.00  100.00

16:12:05     CPU    %usr   %nice    %sys %iowait    %irq   %soft  %steal  %guest  %gnice   %idle
16:12:06     all    0.77    0.00    0.47    0.26    0.00    0.00    0.00    0.00    0.00   98.50
16:12:06       0    1.03    0.00    0.00    0.00    0.00    0.00    0.00    0.00    0.00   98.97
16:12:06       1    0.00    0.00    0.00    0.00    0.00    0.00    0.00    0.00    0.00  100.00
16:12:06       2    0.99    0.00    0.00    0.00    0.00    0.00    0.00    0.00    0.00   99.01
16:12:06       3    0.00    0.00    0.00    0.00    0.00    0.00    0.00    0.00    0.00  100.00
16:12:06       4    0.00    0.00    0.00    0.00    0.00    0.00    0.00    0.00    0.00  100.00
16:12:06       5    0.00    0.00    0.00    0.00    0.00    0.00    0.00    0.00    0.00  100.00
16:12:06       6    0.00    0.00    0.00    0.00    0.00    0.00    0.00    0.00    0.00  100.00
16:12:06       7    1.02    0.00    3.06    0.00    0.00    0.00    0.00    0.00    0.00   95.92
16:12:06       8    0.00    0.00    0.00    0.00    0.00    0.00    0.00    0.00    0.00  100.00
16:12:06       9    0.00    0.00    0.00    0.00    0.00    0.00    0.00    0.00    0.00  100.00
16:12:06      10    0.99    0.00    0.00    0.00    0.00    0.00    0.00    0.00    0.00   99.01
16:12:06      11    0.00    0.00    0.00    0.00    0.00    0.00    0.00    0.00    0.00  100.00
16:12:06      12    0.00    0.00    1.00    0.00    0.00    0.00    0.00    0.00    0.00   99.00
16:12:06      13    0.00    0.00    0.00    0.00    0.00    0.00    0.00    0.00    0.00  100.00
16:12:06      14    0.00    0.00    0.00    0.00    0.00    0.00    0.00    0.00    0.00  100.00
16:12:06      15    0.00    0.00    0.00    0.00    0.00    0.00    0.00    0.00    0.00  100.00
16:12:06      16    0.00    0.00    1.00    0.00    0.00    0.00    0.00    0.00    0.00   99.00
16:12:06      17    0.00    0.00    0.00    0.00    0.00    0.00    0.00    0.00    0.00  100.00
16:12:06      18    6.06    0.00    2.02    0.00    0.00    0.00    0.00    0.00    0.00   91.92
16:12:06      19    4.00    0.00    1.00    0.00    0.00    0.00    0.00    0.00    0.00   95.00
16:12:06      20    1.98    0.00    0.00    0.00    0.00    0.00    0.00    0.00    0.00   98.02
16:12:06      21    2.00    0.00    2.00    0.00    0.00    0.00    0.00    0.00    0.00   96.00
16:12:06      22    4.04    0.00    3.03    1.01    0.00    0.00    0.00    0.00    0.00   91.92
16:12:06      23    3.00    0.00    2.00    1.00    0.00    0.00    0.00    0.00    0.00   94.00
16:12:06      24    1.96    0.00    0.98    0.00    0.00    0.00    0.00    0.00    0.00   97.06
16:12:06      25    2.02    0.00    2.02    0.00    0.00    0.00    0.00    0.00    0.00   95.96
16:12:06      26    5.00    0.00    2.00    0.00    0.00    0.00    0.00    0.00    0.00   93.00
16:12:06      27    2.02    0.00    1.01    0.00    0.00    0.00    0.00    0.00    0.00   96.97
16:12:06      28    1.98    0.00    0.99    0.00    0.00    0.00    0.00    0.00    0.00   97.03
16:12:06      29    0.00    0.00    0.00    0.00    0.00    0.00    0.00    0.00    0.00  100.00
16:12:06      30    0.99    0.00    0.99    0.00    0.00    0.00    0.00    0.00    0.00   98.02
16:12:06      31    1.01    0.00    0.00    0.00    0.00    0.00    0.00    0.00    0.00   98.99
16:12:06      32    0.00    0.00    0.00    0.00    0.00    0.00    0.00    0.00    0.00  100.00
16:12:06      33    0.00    0.00    0.00    0.00    0.00    0.00    0.00    0.00    0.00  100.00
16:12:06      34    5.05    0.00    3.03    0.00    0.00    0.00    0.00    0.00    0.00   91.92
16:12:06      35    1.01    0.00    0.00    0.00    0.00    0.00    0.00    0.00    0.00   98.99
16:12:06      36    1.01    0.00    0.00    0.00    0.00    0.00    0.00    0.00    0.00   98.99
16:12:06      37    1.98    0.00    0.99    0.00    0.00    0.00    0.00    0.00    0.00   97.03
16:12:06      38    1.00    0.00    0.00    0.00    0.00    0.00    0.00    0.00    0.00   99.00
16:12:06      39    0.00    0.00    0.00    0.00    0.00    0.00    0.00    0.00    0.00  100.00
16:12:06      40    0.00    0.00    0.00    0.00    0.00    0.00    0.00    0.00    0.00  100.00
16:12:06      41    0.00    0.00    0.00    0.00    0.00    0.00    0.00    0.00    0.00  100.00
16:12:06      42    0.00    0.00    0.00    0.00    0.00    0.00    0.00    0.00    0.00  100.00
16:12:06      43    0.00    0.00    0.00    0.00    0.00    0.00    0.00    0.00    0.00  100.00
16:12:06      44    0.00    0.00    0.00    0.00    0.00    0.00    0.00    0.00    0.00  100.00
16:12:06      45    0.99    0.00    0.00    0.00    0.00    0.00    0.00    0.00    0.00   99.01
16:12:06      46    0.00    0.00    0.00    0.00    0.00    0.00    0.00    0.00    0.00  100.00
16:12:06      47    0.00    0.00    0.99   16.83    0.00    0.00    0.00    0.00    0.00   82.18
16:12:06      48    0.00    0.00    0.00    0.00    0.00    0.00    0.00    0.00    0.00  100.00
16:12:06      49    0.00    0.00    0.00    0.00    0.00    0.00    0.00    0.00    0.00  100.00
16:12:06      50    0.00    0.00    0.00    0.00    0.00    0.00    0.00    0.00    0.00  100.00
16:12:06      51    0.00    0.00    0.00    0.00    0.00    0.00    0.00    0.00    0.00  100.00
16:12:06      52    0.00    0.00    0.00    0.00    0.00    0.00    0.00    0.00    0.00  100.00
16:12:06      53    0.00    0.00    0.00    0.00    0.00    0.00    0.00    0.00    0.00  100.00
16:12:06      54    2.00    0.00    5.00    0.00    0.00    0.00    0.00    0.00    0.00   93.00
16:12:06      55    0.00    0.00    0.00    0.00    0.00    0.00    0.00    0.00    0.00  100.00
16:12:06      56    1.00    0.00    1.00    0.00    0.00    0.00    0.00    0.00    0.00   98.00
16:12:06      57    0.00    0.00    0.00    0.00    0.00    0.00    0.00    0.00    0.00  100.00
16:12:06      58    1.00    0.00    0.00    0.00    0.00    0.00    0.00    0.00    0.00   99.00
16:12:06      59    0.00    0.00    0.00    0.00    0.00    0.00    0.00    0.00    0.00  100.00
16:12:06      60    0.00    0.00    0.00    0.00    0.00    0.00    0.00    0.00    0.00  100.00
16:12:06      61    0.00    0.00    0.00    0.00    0.00    0.00    0.00    0.00    0.00  100.00
16:12:06      62    0.00    0.00    0.00    0.00    0.00    0.00    0.00    0.00    0.00  100.00
16:12:06      63    0.00    0.00    0.00    0.00    0.00    0.00    0.00    0.00    0.00  100.00
16:12:06      64    0.00    0.00    0.00    0.00    0.00    0.00    0.00    0.00    0.00  100.00
16:12:06      65    0.00    0.00    0.00    0.00    0.00    0.00    0.00    0.00    0.00  100.00
16:12:06      66    0.00    0.00    0.00    0.00    0.00    0.00    0.00    0.00    0.00  100.00
16:12:06      67    0.00    0.00    0.00    0.00    0.00    0.00    0.00    0.00    0.00  100.00
16:12:06      68    0.00    0.00    0.00    0.00    0.00    0.00    0.00    0.00    0.00  100.00
16:12:06      69    0.00    0.00    0.00    0.00    0.00    0.00    0.00    0.00    0.00  100.00
16:12:06      70    0.00    0.00    0.00    0.00    0.00    0.00    0.00    0.00    0.00  100.00
16:12:06      71    0.00    0.00    0.00    0.00    0.00    0.00    0.00    0.00    0.00  100.00

16:12:06     CPU    %usr   %nice    %sys %iowait    %irq   %soft  %steal  %guest  %gnice   %idle
16:12:07     all    0.70    0.00    0.47    0.33    0.00    0.00    0.00    0.00    0.00   98.50
16:12:07       0    0.00    0.00    0.00    0.00    0.00    0.00    0.00    0.00    0.00  100.00
16:12:07       1    0.00    0.00    0.00    0.00    0.00    0.00    0.00    0.00    0.00  100.00
16:12:07       2    0.00    0.00    0.00    0.00    0.00    0.00    0.00    0.00    0.00  100.00
16:12:07       3    0.00    0.00    0.00    0.00    0.00    0.00    0.00    0.00    0.00  100.00
16:12:07       4    0.00    0.00    0.00    0.00    0.00    0.00    0.00    0.00    0.00  100.00
16:12:07       5    0.00    0.00    0.00    0.00    0.00    0.00    0.00    0.00    0.00  100.00
16:12:07       6    0.00    0.00    0.99    0.00    0.00    0.00    0.00    0.00    0.00   99.01
16:12:07       7    0.99    0.00    2.97    0.00    0.00    0.00    0.00    0.00    0.00   96.04
16:12:07       8    0.00    0.00    1.00    0.00    0.00    0.00    0.00    0.00    0.00   99.00
16:12:07       9    0.00    0.00    0.00    0.00    0.00    0.00    0.00    0.00    0.00  100.00
16:12:07      10    0.00    0.00    0.00    0.00    0.00    0.00    0.00    0.00    0.00  100.00
16:12:07      11    0.00    0.00    0.00    0.00    0.00    0.00    0.00    0.00    0.00  100.00
16:12:07      12    0.00    0.00    0.00    0.00    0.00    0.00    0.00    0.00    0.00  100.00
16:12:07      13    0.00    0.00    0.00    0.00    0.00    0.00    0.00    0.00    0.00  100.00
16:12:07      14    0.00    0.00    0.00    0.00    0.00    0.00    0.00    0.00    0.00  100.00
16:12:07      15    0.00    0.00    0.00    0.00    0.00    0.00    0.00    0.00    0.00  100.00
16:12:07      16    0.00    0.00    0.00    0.00    0.00    0.00    0.00    0.00    0.00  100.00
16:12:07      17    0.00    0.00    0.00    0.00    0.00    0.00    0.00    0.00    0.00  100.00
16:12:07      18    4.04    0.00    2.02    1.01    0.00    0.00    0.00    0.00    0.00   92.93
16:12:07      19    2.02    0.00    1.01    0.00    0.00    0.00    0.00    0.00    0.00   96.97
16:12:07      20    1.00    0.00    0.00    0.00    0.00    0.00    0.00    0.00    0.00   99.00
16:12:07      21    2.00    0.00    2.00    1.00    0.00    0.00    0.00    0.00    0.00   95.00
16:12:07      22    8.08    0.00    3.03    0.00    0.00    0.00    0.00    0.00    0.00   88.89
16:12:07      23    1.98    0.00    2.97    0.00    0.00    0.00    0.00    0.00    0.00   95.05
16:12:07      24    1.01    0.00    0.00    0.00    0.00    0.00    0.00    0.00    0.00   98.99
16:12:07      25    2.94    0.00    1.96    0.00    0.00    0.00    0.00    0.00    0.00   95.10
16:12:07      26    5.05    0.00    2.02    1.01    0.00    0.00    0.00    0.00    0.00   91.92
16:12:07      27    1.98    0.00    0.99    0.00    0.00    0.00    0.00    0.00    0.00   97.03
16:12:07      28    2.02    0.00    1.01    0.00    0.00    0.00    0.00    0.00    0.00   96.97
16:12:07      29    2.00    0.00    1.00    1.00    0.00    0.00    0.00    0.00    0.00   96.00
16:12:07      30    0.00    0.00    0.00    0.00    0.00    0.00    0.00    0.00    0.00  100.00
16:12:07      31    2.00    0.00    1.00    0.00    0.00    0.00    0.00    0.00    0.00   97.00
16:12:07      32    1.00    0.00    0.00    0.00    0.00    0.00    0.00    0.00    0.00   99.00
16:12:07      33    0.00    0.00    0.00    0.00    0.00    0.00    0.00    0.00    0.00  100.00
16:12:07      34    4.04    0.00    1.01    0.00    0.00    0.00    0.00    0.00    0.00   94.95
16:12:07      35    1.00    0.00    1.00    0.00    0.00    0.00    0.00    0.00    0.00   98.00
16:12:07      36    2.00    0.00    0.00    0.00    0.00    0.00    0.00    0.00    0.00   98.00
16:12:07      37    1.01    0.00    0.00    0.00    0.00    0.00    0.00    0.00    0.00   98.99
16:12:07      38    0.99    0.00    0.00    0.00    0.00    0.00    0.00    0.00    0.00   99.01
16:12:07      39    0.00    0.00    0.00    0.00    0.00    0.00    0.00    0.00    0.00  100.00
16:12:07      40    0.00    0.00    0.00    0.00    0.00    0.00    0.00    0.00    0.00  100.00
16:12:07      41    0.00    0.00    0.00    0.00    0.00    0.00    0.00    0.00    0.00  100.00
16:12:07      42    0.00    0.00    0.00    0.00    0.00    0.00    0.00    0.00    0.00  100.00
16:12:07      43    0.00    0.00    0.00    0.00    0.00    0.00    0.00    0.00    0.00  100.00
16:12:07      44    0.00    0.00    0.00    0.00    0.00    0.00    0.00    0.00    0.00  100.00
16:12:07      45    0.00    0.00    0.00    0.00    0.00    0.00    0.00    0.00    0.00  100.00
16:12:07      46    0.00    0.00    0.00    0.00    0.00    0.00    0.00    0.00    0.00  100.00
16:12:07      47    0.00    0.00    1.00   20.00    0.00    0.00    0.00    0.00    0.00   79.00
16:12:07      48    0.00    0.00    0.00    0.00    0.00    0.00    0.00    0.00    0.00  100.00
16:12:07      49    0.00    0.00    0.00    0.00    0.00    0.00    0.00    0.00    0.00  100.00
16:12:07      50    0.00    0.00    0.00    0.00    0.00    0.00    0.00    0.00    0.00  100.00
16:12:07      51    0.00    0.00    0.00    0.00    0.00    0.00    0.00    0.00    0.00  100.00
16:12:07      52    0.00    0.00    0.00    0.00    0.00    0.00    0.00    0.00    0.00  100.00
16:12:07      53    0.00    0.00    1.00    0.00    0.00    0.00    0.00    0.00    0.00   99.00
16:12:07      54    1.01    0.00    5.05    0.00    0.00    0.00    0.00    0.00    0.00   93.94
16:12:07      55    0.00    0.00    0.00    0.00    0.00    0.00    0.00    0.00    0.00  100.00
16:12:07      56    0.00    0.00    0.00    0.00    0.00    0.00    0.00    0.00    0.00  100.00
16:12:07      57    0.00    0.00    0.00    0.00    0.00    0.00    0.00    0.00    0.00  100.00
16:12:07      58    0.00    0.00    0.00    0.00    0.00    0.00    0.00    0.00    0.00  100.00
16:12:07      59    0.00    0.00    0.00    0.00    0.00    0.00    0.00    0.00    0.00  100.00
16:12:07      60    0.00    0.00    0.00    0.00    0.00    0.00    0.00    0.00    0.00  100.00
16:12:07      61    0.00    0.00    0.00    0.00    0.00    0.00    0.00    0.00    0.00  100.00
16:12:07      62    0.00    0.00    0.00    0.00    0.00    0.00    0.00    0.00    0.00  100.00
16:12:07      63    0.00    0.00    0.00    0.00    0.00    0.00    0.00    0.00    0.00  100.00
16:12:07      64    0.00    0.00    0.00    0.00    0.00    0.00    0.00    0.00    0.00  100.00
16:12:07      65    1.00    0.00    0.00    0.00    0.00    0.00    0.00    0.00    0.00   99.00
16:12:07      66    0.00    0.00    0.00    0.00    0.00    0.00    0.00    0.00    0.00  100.00
16:12:07      67    0.99    0.00    0.00    0.00    0.00    0.00    0.00    0.00    0.00   99.01
16:12:07      68    0.00    0.00    1.00    0.00    0.00    0.00    0.00    0.00    0.00   99.00
16:12:07      69    0.00    0.00    0.00    0.00    0.00    0.00    0.00    0.00    0.00  100.00
16:12:07      70    0.00    0.00    0.00    0.00    0.00    0.00    0.00    0.00    0.00  100.00
16:12:07      71    0.00    0.00    0.00    0.00    0.00    0.00    0.00    0.00    0.00  100.00

16:12:07     CPU    %usr   %nice    %sys %iowait    %irq   %soft  %steal  %guest  %gnice   %idle
16:12:08     all    0.78    0.00    0.39    0.29    0.00    0.00    0.00    0.00    0.00   98.54
16:12:08       0    0.00    0.00    0.00    0.00    0.00    0.00    0.00    0.00    0.00  100.00
16:12:08       1    0.00    0.00    0.00    0.00    0.00    0.00    0.00    0.00    0.00  100.00
16:12:08       2    0.00    0.00    0.00    0.00    0.00    0.00    0.00    0.00    0.00  100.00
16:12:08       3    0.00    0.00    0.00    0.00    0.00    0.00    0.00    0.00    0.00  100.00
16:12:08       4    0.00    0.00    0.00    0.00    0.00    0.00    0.00    0.00    0.00  100.00
16:12:08       5    0.00    0.00    0.00    0.00    0.00    0.00    0.00    0.00    0.00  100.00
16:12:08       6    0.00    0.00    0.00    0.00    0.00    0.00    0.00    0.00    0.00  100.00
16:12:08       7    0.00    0.00    0.00    0.00    0.00    0.00    0.00    0.00    0.00  100.00
16:12:08       8    0.00    0.00    0.00    0.00    0.00    0.00    0.00    0.00    0.00  100.00
16:12:08       9    0.00    0.00    0.00    0.00    0.00    0.00    0.00    0.00    0.00  100.00
16:12:08      10    0.00    0.00    0.00    0.00    0.00    0.00    0.00    0.00    0.00  100.00
16:12:08      11    0.00    0.00    0.00    0.00    0.00    0.00    0.00    0.00    0.00  100.00
16:12:08      12    0.00    0.00    0.00    0.00    0.00    0.00    0.00    0.00    0.00  100.00
16:12:08      13    0.00    0.00    0.00    0.00    0.00    0.00    0.00    0.00    0.00  100.00
16:12:08      14    0.00    0.00    0.00    0.00    0.00    0.00    0.00    0.00    0.00  100.00
16:12:08      15    0.00    0.00    1.01    0.00    0.00    0.00    0.00    0.00    0.00   98.99
16:12:08      16    0.99    0.00    0.00    0.00    0.00    0.00    0.00    0.00    0.00   99.01
16:12:08      17    1.00    0.00    0.00    0.00    0.00    0.00    0.00    0.00    0.00   99.00
16:12:08      18   10.20    0.00    3.06    0.00    0.00    0.00    0.00    0.00    0.00   86.73
16:12:08      19    4.00    0.00    1.00    0.00    0.00    0.00    0.00    0.00    0.00   95.00
16:12:08      20    3.00    0.00    1.00    0.00    0.00    0.00    0.00    0.00    0.00   96.00
16:12:08      21    1.00    0.00    0.00    0.00    0.00    0.00    0.00    0.00    0.00   99.00
16:12:08      22   11.11    0.00    2.02    1.01    0.00    0.00    0.00    0.00    0.00   85.86
16:12:08      23    1.00    0.00    1.00    0.00    0.00    0.00    0.00    0.00    0.00   98.00
16:12:08      24    0.99    0.00    0.99    0.00    0.00    0.00    0.00    0.00    0.00   98.02
16:12:08      25    0.00    0.00    0.00    0.00    0.00    0.00    0.00    0.00    0.00  100.00
16:12:08      26    4.04    0.00    6.06    0.00    0.00    0.00    0.00    0.00    0.00   89.90
16:12:08      27    2.00    0.00    3.00    0.00    0.00    0.00    0.00    0.00    0.00   95.00
16:12:08      28    1.98    0.00    0.99    0.00    0.00    0.00    0.00    0.00    0.00   97.03
16:12:08      29    0.00    0.00    0.00    0.00    0.00    0.00    0.00    0.00    0.00  100.00
16:12:08      30    0.00    0.00    1.00    0.00    0.00    0.00    0.00    0.00    0.00   99.00
16:12:08      31    3.00    0.00    2.00    0.00    0.00    0.00    0.00    0.00    0.00   95.00
16:12:08      32    0.00    0.00    0.00    0.00    0.00    0.00    0.00    0.00    0.00  100.00
16:12:08      33    1.00    0.00    0.00    0.00    0.00    0.00    0.00    0.00    0.00   99.00
16:12:08      34    4.04    0.00    3.03    1.01    0.00    0.00    0.00    0.00    0.00   91.92
16:12:08      35    0.00    0.00    0.00    0.00    0.00    0.00    0.00    0.00    0.00  100.00
16:12:08      36    1.00    0.00    0.00    0.00    0.00    0.00    0.00    0.00    0.00   99.00
16:12:08      37    0.99    0.00    0.00    0.00    0.00    0.00    0.00    0.00    0.00   99.01
16:12:08      38    0.00    0.00    0.00    0.00    0.00    0.00    0.00    0.00    0.00  100.00
16:12:08      39    0.00    0.00    0.00    0.00    0.00    0.00    0.00    0.00    0.00  100.00
16:12:08      40    0.00    0.00    0.00    0.00    0.00    0.00    0.00    0.00    0.00  100.00
16:12:08      41    0.00    0.00    0.00    0.00    0.00    0.00    0.00    0.00    0.00  100.00
16:12:08      42    1.00    0.00    0.00    0.00    0.00    0.00    0.00    0.00    0.00   99.00
16:12:08      43    1.01    0.00    0.00    0.00    0.00    0.00    0.00    0.00    0.00   98.99
16:12:08      44    0.00    0.00    0.00    0.00    0.00    0.00    0.00    0.00    0.00  100.00
16:12:08      45    0.00    0.00    1.01    0.00    0.00    0.00    0.00    0.00    0.00   98.99
16:12:08      46    0.00    0.00    0.00    0.00    0.00    0.00    0.00    0.00    0.00  100.00
16:12:08      47    0.00    0.00    0.00   19.19    0.00    0.00    0.00    0.00    0.00   80.81
16:12:08      48    0.00    0.00    0.00    0.00    0.00    0.00    0.00    0.00    0.00  100.00
16:12:08      49    0.00    0.00    0.00    0.00    0.00    0.00    0.00    0.00    0.00  100.00
16:12:08      50    0.00    0.00    0.00    0.00    0.00    0.00    0.00    0.00    0.00  100.00
16:12:08      51    0.00    0.00    0.00    0.00    0.00    0.00    0.00    0.00    0.00  100.00
16:12:08      52    0.99    0.00    0.00    0.00    0.00    0.00    0.00    0.00    0.00   99.01
16:12:08      53    0.00    0.00    0.00    0.00    0.00    0.00    0.00    0.00    0.00  100.00
16:12:08      54    0.00    0.00    0.99    0.00    0.00    0.00    0.00    0.00    0.00   99.01
16:12:08      55    0.00    0.00    0.00    0.00    0.00    0.00    0.00    0.00    0.00  100.00
16:12:08      56    0.00    0.00    0.00    0.00    0.00    0.00    0.00    0.00    0.00  100.00
16:12:08      57    0.00    0.00    0.00    0.00    0.00    0.00    0.00    0.00    0.00  100.00
16:12:08      58    0.99    0.00    0.00    0.00    0.00    0.00    0.00    0.00    0.00   99.01
16:12:08      59    0.00    0.00    0.00    0.00    0.00    0.00    0.00    0.00    0.00  100.00
16:12:08      60    0.00    0.00    0.00    0.00    0.00    0.00    0.00    0.00    0.00  100.00
16:12:08      61    0.00    0.00    0.00    0.00    0.00    0.00    0.00    0.00    0.00  100.00
16:12:08      62    0.00    0.00    0.00    0.00    0.00    0.00    0.00    0.00    0.00  100.00
16:12:08      63    0.00    0.00    0.00    0.00    0.00    0.00    0.00    0.00    0.00  100.00
16:12:08      64    0.00    0.00    0.00    0.00    0.00    0.00    0.00    0.00    0.00  100.00
16:12:08      65    1.01    0.00    0.00    0.00    0.00    0.00    0.00    0.00    0.00   98.99
16:12:08      66    0.00    0.00    0.00    0.00    0.00    0.00    0.00    0.00    0.00  100.00
16:12:08      67    0.00    0.00    0.00    0.00    0.00    0.00    0.00    0.00    0.00  100.00
16:12:08      68    0.00    0.00    0.00    0.00    0.00    0.00    0.00    0.00    0.00  100.00
16:12:08      69    0.00    0.00    0.00    0.00    0.00    0.00    0.00    0.00    0.00  100.00
16:12:08      70    0.00    0.00    0.00    0.00    0.00    0.00    0.00    0.00    0.00  100.00
16:12:08      71    0.00    0.00    0.00    0.00    0.00    0.00    0.00    0.00    0.00  100.00

16:12:08     CPU    %usr   %nice    %sys %iowait    %irq   %soft  %steal  %guest  %gnice   %idle
16:12:09     all    0.70    0.00    0.49    0.31    0.00    0.01    0.00    0.00    0.00   98.49
16:12:09       0    0.00    0.00    0.00    0.00    0.00    0.00    0.00    0.00    0.00  100.00
16:12:09       1    0.00    0.00    0.00    0.00    0.00    0.00    0.00    0.00    0.00  100.00
16:12:09       2    0.00    0.00    0.00    0.00    0.00    0.00    0.00    0.00    0.00  100.00
16:12:09       3    0.00    0.00    0.00    0.00    0.00    0.00    0.00    0.00    0.00  100.00
16:12:09       4    0.00    0.00    0.00    0.00    0.00    0.00    0.00    0.00    0.00  100.00
16:12:09       5    0.00    0.00    0.00    0.00    0.00    0.00    0.00    0.00    0.00  100.00
16:12:09       6    0.00    0.00    1.00    0.00    0.00    0.00    0.00    0.00    0.00   99.00
16:12:09       7    0.00    0.00    1.01    0.00    0.00    0.00    0.00    0.00    0.00   98.99
16:12:09       8    0.00    0.00    1.00    0.00    0.00    0.00    0.00    0.00    0.00   99.00
16:12:09       9    0.00    0.00    0.00    0.00    0.00    0.00    0.00    0.00    0.00  100.00
16:12:09      10    0.00    0.00    0.00    0.00    0.00    0.00    0.00    0.00    0.00  100.00
16:12:09      11    0.00    0.00    0.00    0.00    0.00    0.00    0.00    0.00    0.00  100.00
16:12:09      12    0.00    0.00    0.00    0.00    0.00    0.00    0.00    0.00    0.00  100.00
16:12:09      13    0.00    0.00    1.00    0.00    0.00    0.00    0.00    0.00    0.00   99.00
16:12:09      14    0.00    0.00    1.00    0.00    0.00    0.00    0.00    0.00    0.00   99.00
16:12:09      15    0.00    0.00    1.01    0.00    0.00    0.00    0.00    0.00    0.00   98.99
16:12:09      16    0.00    0.00    0.00    0.00    0.00    0.00    0.00    0.00    0.00  100.00
16:12:09      17    0.00    0.00    0.00    0.00    0.00    0.00    0.00    0.00    0.00  100.00
16:12:09      18    5.05    0.00    2.02    0.00    0.00    0.00    0.00    0.00    0.00   92.93
16:12:09      19    3.03    0.00    0.00    0.00    0.00    0.00    0.00    0.00    0.00   96.97
16:12:09      20    1.01    0.00    0.00    0.00    0.00    0.00    0.00    0.00    0.00   98.99
16:12:09      21    1.01    0.00    0.00    0.00    0.00    0.00    0.00    0.00    0.00   98.99
16:12:09      22   10.10    0.00    4.04    1.01    0.00    0.00    0.00    0.00    0.00   84.85
16:12:09      23    6.06    0.00    1.01    0.00    0.00    0.00    0.00    0.00    0.00   92.93
16:12:09      24    2.04    0.00    1.02    0.00    0.00    0.00    0.00    0.00    0.00   96.94
16:12:09      25    6.06    0.00    4.04    2.02    0.00    0.00    0.00    0.00    0.00   87.88
16:12:09      26    2.00    0.00    5.00    0.00    0.00    0.00    0.00    0.00    0.00   93.00
16:12:09      27    2.02    0.00    1.01    0.00    0.00    0.00    0.00    0.00    0.00   96.97
16:12:09      28    2.00    0.00    1.00    0.00    0.00    1.00    0.00    0.00    0.00   96.00
16:12:09      29    0.00    0.00    0.00    0.00    0.00    0.00    0.00    0.00    0.00  100.00
16:12:09      30    0.00    0.00    0.00    0.00    0.00    0.00    0.00    0.00    0.00  100.00
16:12:09      31    0.00    0.00    0.00    0.00    0.00    0.00    0.00    0.00    0.00  100.00
16:12:09      32    0.00    0.00    0.00    0.00    0.00    0.00    0.00    0.00    0.00  100.00
16:12:09      33    0.00    0.00    0.00    0.00    0.00    0.00    0.00    0.00    0.00  100.00
16:12:09      34    2.02    0.00    1.01    0.00    0.00    0.00    0.00    0.00    0.00   96.97
16:12:09      35    0.00    0.00    0.99    0.00    0.00    0.00    0.00    0.00    0.00   99.01
16:12:09      36    2.00    0.00    0.00    0.00    0.00    0.00    0.00    0.00    0.00   98.00
16:12:09      37    0.00    0.00    0.00    0.00    0.00    0.00    0.00    0.00    0.00  100.00
16:12:09      38    1.00    0.00    0.00    0.00    0.00    0.00    0.00    0.00    0.00   99.00
16:12:09      39    0.98    0.00    0.98    0.00    0.00    0.00    0.00    0.00    0.00   98.04
16:12:09      40    0.00    0.00    0.00    0.00    0.00    0.00    0.00    0.00    0.00  100.00
16:12:09      41    0.00    0.00    0.00    0.00    0.00    0.00    0.00    0.00    0.00  100.00
16:12:09      42    0.00    0.00    0.00    0.00    0.00    0.00    0.00    0.00    0.00  100.00
16:12:09      43    0.00    0.00    0.99    0.00    0.00    0.00    0.00    0.00    0.00   99.01
16:12:09      44    0.00    0.00    1.00    0.00    0.00    0.00    0.00    0.00    0.00   99.00
16:12:09      45    2.02    0.00    2.02    0.00    0.00    0.00    0.00    0.00    0.00   95.96
16:12:09      46    0.00    0.00    0.00    0.00    0.00    0.00    0.00    0.00    0.00  100.00
16:12:09      47    0.00    0.00    1.00   19.00    0.00    0.00    0.00    0.00    0.00   80.00
16:12:09      48    0.00    0.00    0.00    0.00    0.00    0.00    0.00    0.00    0.00  100.00
16:12:09      49    0.99    0.00    0.00    0.00    0.00    0.00    0.00    0.00    0.00   99.01
16:12:09      50    0.00    0.00    0.00    0.00    0.00    0.00    0.00    0.00    0.00  100.00
16:12:09      51    0.00    0.00    0.00    0.00    0.00    0.00    0.00    0.00    0.00  100.00
16:12:09      52    0.00    0.00    0.00    0.00    0.00    0.00    0.00    0.00    0.00  100.00
16:12:09      53    0.00    0.00    0.00    0.00    0.00    0.00    0.00    0.00    0.00  100.00
16:12:09      54    0.00    0.00    0.00    0.00    0.00    0.00    0.00    0.00    0.00  100.00
16:12:09      55    0.00    0.00    0.00    0.00    0.00    0.00    0.00    0.00    0.00  100.00
16:12:09      56    0.00    0.00    0.00    0.00    0.00    0.00    0.00    0.00    0.00  100.00
16:12:09      57    0.00    0.00    0.00    0.00    0.00    0.00    0.00    0.00    0.00  100.00
16:12:09      58    1.01    0.00    2.02    0.00    0.00    0.00    0.00    0.00    0.00   96.97
16:12:09      59    0.00    0.00    0.00    0.00    0.00    0.00    0.00    0.00    0.00  100.00
16:12:09      60    0.00    0.00    0.00    0.00    0.00    0.00    0.00    0.00    0.00  100.00
16:12:09      61    0.00    0.00    0.00    0.00    0.00    0.00    0.00    0.00    0.00  100.00
16:12:09      62    0.00    0.00    0.00    0.00    0.00    0.00    0.00    0.00    0.00  100.00
16:12:09      63    0.00    0.00    0.00    0.00    0.00    0.00    0.00    0.00    0.00  100.00
16:12:09      64    0.00    0.00    0.00    0.00    0.00    0.00    0.00    0.00    0.00  100.00
16:12:09      65    0.00    0.00    0.00    0.00    0.00    0.00    0.00    0.00    0.00  100.00
16:12:09      66    0.00    0.00    0.00    0.00    0.00    0.00    0.00    0.00    0.00  100.00
16:12:09      67    0.00    0.00    0.00    0.00    0.00    0.00    0.00    0.00    0.00  100.00
16:12:09      68    0.00    0.00    0.00    0.00    0.00    0.00    0.00    0.00    0.00  100.00
16:12:09      69    0.00    0.00    0.00    0.00    0.00    0.00    0.00    0.00    0.00  100.00
16:12:09      70    0.00    0.00    0.00    0.00    0.00    0.00    0.00    0.00    0.00  100.00
16:12:09      71    0.00    0.00    0.00    0.00    0.00    0.00    0.00    0.00    0.00  100.00

16:12:09     CPU    %usr   %nice    %sys %iowait    %irq   %soft  %steal  %guest  %gnice   %idle
16:12:10     all    0.75    0.00    0.47    0.28    0.00    0.01    0.00    0.00    0.00   98.48
16:12:10       0    0.00    0.00    0.00    0.00    0.00    0.00    0.00    0.00    0.00  100.00
16:12:10       1    0.00    0.00    0.00    0.00    0.00    0.00    0.00    0.00    0.00  100.00
16:12:10       2    0.00    0.00    0.00    0.00    0.00    0.00    0.00    0.00    0.00  100.00
16:12:10       3    0.00    0.00    1.00    0.00    0.00    0.00    0.00    0.00    0.00   99.00
16:12:10       4    0.00    0.00    0.00    0.00    0.00    0.00    0.00    0.00    0.00  100.00
16:12:10       5    0.99    0.00    0.00    0.00    0.00    0.00    0.00    0.00    0.00   99.01
16:12:10       6    0.00    0.00    0.00    0.00    0.00    0.00    0.00    0.00    0.00  100.00
16:12:10       7    1.02    0.00    3.06    0.00    0.00    0.00    0.00    0.00    0.00   95.92
16:12:10       8    0.00    0.00    0.99    0.00    0.00    0.00    0.00    0.00    0.00   99.01
16:12:10       9    0.00    0.00    0.00    0.00    0.00    0.00    0.00    0.00    0.00  100.00
16:12:10      10    0.00    0.00    0.00    0.00    0.00    0.00    0.00    0.00    0.00  100.00
16:12:10      11    0.00    0.00    0.00    0.00    0.00    0.00    0.00    0.00    0.00  100.00
16:12:10      12    0.00    0.00    0.00    0.00    0.00    0.00    0.00    0.00    0.00  100.00
16:12:10      13    0.00    0.00    0.00    0.00    0.00    0.00    0.00    0.00    0.00  100.00
16:12:10      14    0.00    0.00    0.00    0.00    0.00    0.00    0.00    0.00    0.00  100.00
16:12:10      15    0.00    0.00    0.00    0.00    0.00    0.00    0.00    0.00    0.00  100.00
16:12:10      16    0.00    0.00    0.00    0.00    0.00    0.00    0.00    0.00    0.00  100.00
16:12:10      17    0.00    0.00    0.00    0.00    0.00    0.00    0.00    0.00    0.00  100.00
16:12:10      18    5.05    0.00    2.02    1.01    0.00    0.00    0.00    0.00    0.00   91.92
16:12:10      19    2.02    0.00    0.00    0.00    0.00    0.00    0.00    0.00    0.00   97.98
16:12:10      20    1.98    0.00    0.00    0.00    0.00    0.00    0.00    0.00    0.00   98.02
16:12:10      21    2.97    0.00    1.98    0.00    0.00    0.00    0.00    0.00    0.00   95.05
16:12:10      22   12.12    0.00    4.04    0.00    0.00    0.00    0.00    0.00    0.00   83.84
16:12:10      23    3.96    0.00    1.98    0.00    0.00    0.00    0.00    0.00    0.00   94.06
16:12:10      24    2.00    0.00    1.00    0.00    0.00    0.00    0.00    0.00    0.00   97.00
16:12:10      25    0.00    0.00    1.00    0.00    0.00    0.00    0.00    0.00    0.00   99.00
16:12:10      26    5.00    0.00    1.00    0.00    0.00    0.00    0.00    0.00    0.00   94.00
16:12:10      27    0.99    0.00    1.98    0.00    0.00    0.00    0.00    0.00    0.00   97.03
16:12:10      28    1.00    0.00    1.00    0.00    0.00    0.00    0.00    0.00    0.00   98.00
16:12:10      29    3.00    0.00    1.00    0.00    0.00    0.00    0.00    0.00    0.00   96.00
16:12:10      30    0.99    0.00    0.99    0.00    0.00    0.00    0.00    0.00    0.00   98.02
16:12:10      31    0.00    0.00    0.00    0.00    0.00    0.00    0.00    0.00    0.00  100.00
16:12:10      32    0.00    0.00    0.00    0.00    0.00    0.00    0.00    0.00    0.00  100.00
16:12:10      33    0.00    0.00    0.00    0.00    0.00    0.00    0.00    0.00    0.00  100.00
16:12:10      34    3.06    0.00    3.06    0.00    0.00    0.00    0.00    0.00    0.00   93.88
16:12:10      35    1.00    0.00    0.00    0.00    0.00    0.00    0.00    0.00    0.00   99.00
16:12:10      36    1.00    0.00    0.00    0.00    0.00    0.00    0.00    0.00    0.00   99.00
16:12:10      37    1.00    0.00    0.00    0.00    0.00    0.00    0.00    0.00    0.00   99.00
16:12:10      38    0.00    0.00    0.00    0.00    0.00    0.00    0.00    0.00    0.00  100.00
16:12:10      39    0.00    0.00    0.00    0.00    0.00    0.00    0.00    0.00    0.00  100.00
16:12:10      40    0.00    0.00    0.00    0.00    0.00    1.00    0.00    0.00    0.00   99.00
16:12:10      41    0.00    0.00    0.00    0.00    0.00    0.00    0.00    0.00    0.00  100.00
16:12:10      42    0.00    0.00    0.00    0.00    0.00    0.00    0.00    0.00    0.00  100.00
16:12:10      43    0.00    0.00    0.00    0.00    0.00    0.00    0.00    0.00    0.00  100.00
16:12:10      44    0.00    0.00    0.00    0.00    0.00    0.00    0.00    0.00    0.00  100.00
16:12:10      45    0.00    0.00    0.00    0.00    0.00    0.00    0.00    0.00    0.00  100.00
16:12:10      46    0.00    0.00    0.00    0.00    0.00    0.00    0.00    0.00    0.00  100.00
16:12:10      47    1.01    0.00    1.01   19.19    0.00    0.00    0.00    0.00    0.00   78.79
16:12:10      48    0.00    0.00    0.00    0.00    0.00    0.00    0.00    0.00    0.00  100.00
16:12:10      49    0.00    0.00    0.00    0.00    0.00    0.00    0.00    0.00    0.00  100.00
16:12:10      50    0.00    0.00    0.00    0.00    0.00    0.00    0.00    0.00    0.00  100.00
16:12:10      51    0.00    0.00    0.00    0.00    0.00    0.00    0.00    0.00    0.00  100.00
16:12:10      52    0.00    0.00    0.00    0.00    0.00    0.00    0.00    0.00    0.00  100.00
16:12:10      53    0.00    0.00    0.00    0.00    0.00    0.00    0.00    0.00    0.00  100.00
16:12:10      54    0.00    0.00    0.00    0.00    0.00    0.00    0.00    0.00    0.00  100.00
16:12:10      55    0.00    0.00    0.00    0.00    0.00    0.00    0.00    0.00    0.00  100.00
16:12:10      56    1.01    0.00    1.01    0.00    0.00    0.00    0.00    0.00    0.00   97.98
16:12:10      57    0.00    0.00    0.00    0.00    0.00    0.00    0.00    0.00    0.00  100.00
16:12:10      58    2.00    0.00    6.00    0.00    0.00    0.00    0.00    0.00    0.00   92.00
16:12:10      59    0.00    0.00    0.00    0.00    0.00    0.00    0.00    0.00    0.00  100.00
16:12:10      60    0.00    0.00    0.00    0.00    0.00    0.00    0.00    0.00    0.00  100.00
16:12:10      61    0.00    0.00    0.00    0.00    0.00    0.00    0.00    0.00    0.00  100.00
16:12:10      62    0.00    0.00    0.00    0.00    0.00    0.00    0.00    0.00    0.00  100.00
16:12:10      63    0.00    0.00    0.00    0.00    0.00    0.00    0.00    0.00    0.00  100.00
16:12:10      64    0.00    0.00    0.00    0.00    0.00    0.00    0.00    0.00    0.00  100.00
16:12:10      65    1.00    0.00    0.00    0.00    0.00    0.00    0.00    0.00    0.00   99.00
16:12:10      66    0.00    0.00    0.00    0.00    0.00    0.00    0.00    0.00    0.00  100.00
16:12:10      67    0.00    0.00    0.00    0.00    0.00    0.00    0.00    0.00    0.00  100.00
16:12:10      68    0.00    0.00    0.00    0.00    0.00    0.00    0.00    0.00    0.00  100.00
16:12:10      69    0.00    0.00    0.00    0.00    0.00    0.00    0.00    0.00    0.00  100.00
16:12:10      70    0.00    0.00    0.00    0.00    0.00    0.00    0.00    0.00    0.00  100.00
16:12:10      71    0.00    0.00    0.00    0.00    0.00    0.00    0.00    0.00    0.00  100.00

16:12:10     CPU    %usr   %nice    %sys %iowait    %irq   %soft  %steal  %guest  %gnice   %idle
16:12:11     all    0.58    0.00    0.54    0.36    0.00    0.01    0.00    0.00    0.00   98.50
16:12:11       0    0.00    0.00    0.00    0.00    0.00    0.00    0.00    0.00    0.00  100.00
16:12:11       1    0.00    0.00    0.00    0.00    0.00    0.00    0.00    0.00    0.00  100.00
16:12:11       2    0.00    0.00    0.00    0.00    0.00    0.00    0.00    0.00    0.00  100.00
16:12:11       3    0.00    0.00    0.00    0.00    0.00    0.00    0.00    0.00    0.00  100.00
16:12:11       4    0.00    0.00    0.00    0.00    0.00    0.00    0.00    0.00    0.00  100.00
16:12:11       5    0.00    0.00    0.00    0.00    0.00    0.00    0.00    0.00    0.00  100.00
16:12:11       6    0.00    0.00    0.00    0.00    0.00    0.00    0.00    0.00    0.00  100.00
16:12:11       7    0.00    0.00    1.00    0.00    0.00    0.00    0.00    0.00    0.00   99.00
16:12:11       8    0.00    0.00    0.00    0.00    0.00    0.00    0.00    0.00    0.00  100.00
16:12:11       9    0.00    0.00    0.00    0.00    0.00    0.00    0.00    0.00    0.00  100.00
16:12:11      10    0.00    0.00    0.00    0.00    0.00    0.00    0.00    0.00    0.00  100.00
16:12:11      11    0.00    0.00    1.00   21.00    0.00    0.00    0.00    0.00    0.00   78.00
16:12:11      12    0.00    0.00    0.00    0.00    0.00    0.00    0.00    0.00    0.00  100.00
16:12:11      13    0.00    0.00    0.00    0.00    0.00    0.00    0.00    0.00    0.00  100.00
16:12:11      14    0.00    0.00    1.00    0.00    0.00    0.00    0.00    0.00    0.00   99.00
16:12:11      15    0.00    0.00    1.00    0.00    0.00    0.00    0.00    0.00    0.00   99.00
16:12:11      16    0.00    0.00    0.00    0.00    0.00    0.00    0.00    0.00    0.00  100.00
16:12:11      17    0.00    0.00    0.00    0.00    0.00    0.00    0.00    0.00    0.00  100.00
16:12:11      18    9.09    0.00    4.04    1.01    0.00    0.00    0.00    0.00    0.00   85.86
16:12:11      19    1.98    0.00    0.99    0.00    0.00    0.99    0.00    0.00    0.00   96.04
16:12:11      20    3.03    0.00    1.01    0.00    0.00    0.00    0.00    0.00    0.00   95.96
16:12:11      21    0.00    0.00    0.00    0.00    0.00    0.00    0.00    0.00    0.00  100.00
16:12:11      22    4.08    0.00    2.04    1.02    0.00    0.00    0.00    0.00    0.00   92.86
16:12:11      23    1.01    0.00    0.00    0.00    0.00    0.00    0.00    0.00    0.00   98.99
16:12:11      24    0.00    0.00    1.00    0.00    0.00    0.00    0.00    0.00    0.00   99.00
16:12:11      25    0.00    0.00    1.00    0.00    0.00    0.00    0.00    0.00    0.00   99.00
16:12:11      26    3.00    0.00    2.00    0.00    0.00    0.00    0.00    0.00    0.00   95.00
16:12:11      27    1.02    0.00    1.02    0.00    0.00    0.00    0.00    0.00    0.00   97.96
16:12:11      28    2.97    0.00    3.96    0.00    0.00    0.00    0.00    0.00    0.00   93.07
16:12:11      29    0.00    0.00    1.00    0.00    0.00    0.00    0.00    0.00    0.00   99.00
16:12:11      30    0.00    0.00    1.00    0.00    0.00    0.00    0.00    0.00    0.00   99.00
16:12:11      31    1.00    0.00    2.00    0.00    0.00    0.00    0.00    0.00    0.00   97.00
16:12:11      32    0.99    0.00    0.00    0.00    0.00    0.00    0.00    0.00    0.00   99.01
16:12:11      33    0.00    0.00    0.00    0.00    0.00    0.00    0.00    0.00    0.00  100.00
16:12:11      34    5.94    0.00    2.97    0.99    0.00    0.00    0.00    0.00    0.00   90.10
16:12:11      35    0.99    0.00    0.00    0.00    0.00    0.00    0.00    0.00    0.00   99.01
16:12:11      36    1.01    0.00    0.00    0.00    0.00    0.00    0.00    0.00    0.00   98.99
16:12:11      37    0.00    0.00    0.00    0.00    0.00    0.00    0.00    0.00    0.00  100.00
16:12:11      38    0.00    0.00    0.00    0.00    0.00    0.00    0.00    0.00    0.00  100.00
16:12:11      39    0.00    0.00    0.00    0.00    0.00    0.00    0.00    0.00    0.00  100.00
16:12:11      40    0.00    0.00    0.00    0.00    0.00    0.00    0.00    0.00    0.00  100.00
16:12:11      41    0.00    0.00    0.00    0.00    0.00    0.00    0.00    0.00    0.00  100.00
16:12:11      42    0.00    0.00    0.00    0.00    0.00    0.00    0.00    0.00    0.00  100.00
16:12:11      43    0.00    0.00    1.00    0.00    0.00    0.00    0.00    0.00    0.00   99.00
16:12:11      44    0.00    0.00    0.00    0.00    0.00    0.00    0.00    0.00    0.00  100.00
16:12:11      45    0.00    0.00    3.00    0.00    0.00    0.00    0.00    0.00    0.00   97.00
16:12:11      46    0.00    0.00    1.00    0.00    0.00    0.00    0.00    0.00    0.00   99.00
16:12:11      47    1.00    0.00    0.00    2.00    0.00    0.00    0.00    0.00    0.00   97.00
16:12:11      48    1.00    0.00    0.00    0.00    0.00    0.00    0.00    0.00    0.00   99.00
16:12:11      49    0.00    0.00    0.00    0.00    0.00    0.00    0.00    0.00    0.00  100.00
16:12:11      50    0.00    0.00    0.00    0.00    0.00    0.00    0.00    0.00    0.00  100.00
16:12:11      51    0.00    0.00    0.00    0.00    0.00    0.00    0.00    0.00    0.00  100.00
16:12:11      52    0.00    0.00    0.00    0.00    0.00    0.00    0.00    0.00    0.00  100.00
16:12:11      53    0.99    0.00    0.00    0.00    0.00    0.00    0.00    0.00    0.00   99.01
16:12:11      54    0.00    0.00    0.00    0.00    0.00    0.00    0.00    0.00    0.00  100.00
16:12:11      55    0.00    0.00    0.00    0.00    0.00    0.00    0.00    0.00    0.00  100.00
16:12:11      56    0.00    0.00    0.00    0.00    0.00    0.00    0.00    0.00    0.00  100.00
16:12:11      57    0.00    0.00    0.00    0.00    0.00    0.00    0.00    0.00    0.00  100.00
16:12:11      58    1.00    0.00    6.00    0.00    0.00    0.00    0.00    0.00    0.00   93.00
16:12:11      59    0.00    0.00    0.00    0.00    0.00    0.00    0.00    0.00    0.00  100.00
16:12:11      60    0.00    0.00    0.00    0.00    0.00    0.00    0.00    0.00    0.00  100.00
16:12:11      61    0.00    0.00    0.00    0.00    0.00    0.00    0.00    0.00    0.00  100.00
16:12:11      62    1.00    0.00    0.00    0.00    0.00    0.00    0.00    0.00    0.00   99.00
16:12:11      63    0.00    0.00    0.00    0.00    0.00    0.00    0.00    0.00    0.00  100.00
16:12:11      64    0.00    0.00    0.00    0.00    0.00    0.00    0.00    0.00    0.00  100.00
16:12:11      65    0.00    0.00    0.00    0.00    0.00    0.00    0.00    0.00    0.00  100.00
16:12:11      66    0.00    0.00    0.00    0.00    0.00    0.00    0.00    0.00    0.00  100.00
16:12:11      67    0.00    0.00    0.00    0.00    0.00    0.00    0.00    0.00    0.00  100.00
16:12:11      68    0.00    0.00    0.00    0.00    0.00    0.00    0.00    0.00    0.00  100.00
16:12:11      69    0.00    0.00    0.00    0.00    0.00    0.00    0.00    0.00    0.00  100.00
16:12:11      70    0.99    0.00    0.00    0.00    0.00    0.00    0.00    0.00    0.00   99.01
16:12:11      71    0.00    0.00    0.00    0.00    0.00    0.00    0.00    0.00    0.00  100.00

16:12:11     CPU    %usr   %nice    %sys %iowait    %irq   %soft  %steal  %guest  %gnice   %idle
16:12:12     all    0.68    0.00    0.39    0.28    0.00    0.00    0.00    0.00    0.00   98.65
16:12:12       0    0.00    0.00    0.00    0.00    0.00    0.00    0.00    0.00    0.00  100.00
16:12:12       1    0.00    0.00    0.00    0.00    0.00    0.00    0.00    0.00    0.00  100.00
16:12:12       2    0.00    0.00    0.00    0.00    0.00    0.00    0.00    0.00    0.00  100.00
16:12:12       3    0.00    0.00    0.00    0.00    0.00    0.00    0.00    0.00    0.00  100.00
16:12:12       4    0.00    0.00    0.00    0.00    0.00    0.00    0.00    0.00    0.00  100.00
16:12:12       5    0.00    0.00    0.00    0.00    0.00    0.00    0.00    0.00    0.00  100.00
16:12:12       6    0.00    0.00    1.00    0.00    0.00    0.00    0.00    0.00    0.00   99.00
16:12:12       7    0.00    0.00    1.00    0.00    0.00    0.00    0.00    0.00    0.00   99.00
16:12:12       8    0.00    0.00    0.00    0.00    0.00    0.00    0.00    0.00    0.00  100.00
16:12:12       9    0.00    0.00    0.00    0.00    0.00    0.00    0.00    0.00    0.00  100.00
16:12:12      10    0.00    0.00    0.00    0.00    0.00    0.00    0.00    0.00    0.00  100.00
16:12:12      11    0.00    0.00    0.00   17.17    0.00    0.00    0.00    0.00    0.00   82.83
16:12:12      12    0.00    0.00    0.00    0.00    0.00    0.00    0.00    0.00    0.00  100.00
16:12:12      13    0.00    0.00    0.00    0.00    0.00    0.00    0.00    0.00    0.00  100.00
16:12:12      14    1.00    0.00    0.00    0.00    0.00    0.00    0.00    0.00    0.00   99.00
16:12:12      15    0.00    0.00    0.00    0.00    0.00    0.00    0.00    0.00    0.00  100.00
16:12:12      16    0.00    0.00    0.00    0.00    0.00    0.00    0.00    0.00    0.00  100.00
16:12:12      17    0.00    0.00    0.00    0.00    0.00    0.00    0.00    0.00    0.00  100.00
16:12:12      18    6.00    0.00    3.00    1.00    0.00    0.00    0.00    0.00    0.00   90.00
16:12:12      19    2.00    0.00    1.00    0.00    0.00    0.00    0.00    0.00    0.00   97.00
16:12:12      20    1.00    0.00    1.00    0.00    0.00    0.00    0.00    0.00    0.00   98.00
16:12:12      21    2.02    0.00    0.00    0.00    0.00    0.00    0.00    0.00    0.00   97.98
16:12:12      22    8.08    0.00    4.04    1.01    0.00    0.00    0.00    0.00    0.00   86.87
16:12:12      23    4.04    0.00    0.00    0.00    0.00    0.00    0.00    0.00    0.00   95.96
16:12:12      24    2.00    0.00    1.00    0.00    0.00    0.00    0.00    0.00    0.00   97.00
16:12:12      25    0.00    0.00    0.00    0.00    0.00    0.00    0.00    0.00    0.00  100.00
16:12:12      26    3.03    0.00    1.01    0.00    0.00    0.00    0.00    0.00    0.00   95.96
16:12:12      27    1.00    0.00    2.00    0.00    0.00    0.00    0.00    0.00    0.00   97.00
16:12:12      28    1.01    0.00    0.00    0.00    0.00    0.00    0.00    0.00    0.00   98.99
16:12:12      29    0.99    0.00    0.00    0.00    0.00    0.00    0.00    0.00    0.00   99.01
16:12:12      30    0.00    0.00    0.00    0.00    0.00    0.00    0.00    0.00    0.00  100.00
16:12:12      31    0.99    0.00    0.00    0.00    0.00    0.00    0.00    0.00    0.00   99.01
16:12:12      32    0.00    0.00    0.00    0.00    0.00    0.00    0.00    0.00    0.00  100.00
16:12:12      33    0.00    0.00    0.00    0.00    0.00    0.00    0.00    0.00    0.00  100.00
16:12:12      34    5.05    0.00    2.02    0.00    0.00    0.00    0.00    0.00    0.00   92.93
16:12:12      35    1.00    0.00    1.00    0.00    0.00    0.00    0.00    0.00    0.00   98.00
16:12:12      36    1.00    0.00    0.00    0.00    0.00    0.00    0.00    0.00    0.00   99.00
16:12:12      37    0.99    0.00    0.99    0.00    0.00    0.00    0.00    0.00    0.00   98.02
16:12:12      38    1.00    0.00    0.00    0.00    0.00    0.00    0.00    0.00    0.00   99.00
16:12:12      39    0.00    0.00    0.00    0.00    0.00    0.00    0.00    0.00    0.00  100.00
16:12:12      40    1.02    0.00    0.00    0.00    0.00    0.00    0.00    0.00    0.00   98.98
16:12:12      41    0.00    0.00    0.00    0.00    0.00    0.00    0.00    0.00    0.00  100.00
16:12:12      42    0.00    0.00    0.00    0.00    0.00    0.00    0.00    0.00    0.00  100.00
16:12:12      43    0.00    0.00    1.00    0.00    0.00    0.00    0.00    0.00    0.00   99.00
16:12:12      44    0.00    0.00    0.00    0.00    0.00    0.00    0.00    0.00    0.00  100.00
16:12:12      45    1.01    0.00    0.00    0.00    0.00    0.00    0.00    0.00    0.00   98.99
16:12:12      46    0.00    0.00    0.00    0.00    0.00    0.00    0.00    0.00    0.00  100.00
16:12:12      47    0.00    0.00    0.00    0.00    0.00    0.00    0.00    0.00    0.00  100.00
16:12:12      48    0.99    0.00    0.99    0.00    0.00    0.00    0.00    0.00    0.00   98.02
16:12:12      49    0.00    0.00    0.00    0.00    0.00    0.00    0.00    0.00    0.00  100.00
16:12:12      50    0.00    0.00    0.00    0.00    0.00    0.00    0.00    0.00    0.00  100.00
16:12:12      51    0.00    0.00    0.00    0.00    0.00    0.00    0.00    0.00    0.00  100.00
16:12:12      52    0.00    0.00    0.00    0.00    0.00    0.00    0.00    0.00    0.00  100.00
16:12:12      53    0.00    0.00    0.00    0.00    0.00    0.00    0.00    0.00    0.00  100.00
16:12:12      54    0.00    0.00    0.00    0.00    0.00    0.00    0.00    0.00    0.00  100.00
16:12:12      55    0.00    0.00    0.00    0.00    0.00    0.00    0.00    0.00    0.00  100.00
16:12:12      56    0.00    0.00    0.00    0.00    0.00    0.00    0.00    0.00    0.00  100.00
16:12:12      57    0.00    0.00    0.00    0.00    0.00    0.00    0.00    0.00    0.00  100.00
16:12:12      58    2.00    0.00    5.00    0.00    0.00    0.00    0.00    0.00    0.00   93.00
16:12:12      59    0.00    0.00    0.00    0.00    0.00    0.00    0.00    0.00    0.00  100.00
16:12:12      60    1.98    0.00    1.98    0.99    0.00    0.00    0.00    0.00    0.00   95.05
16:12:12      61    0.00    0.00    0.00    0.00    0.00    0.00    0.00    0.00    0.00  100.00
16:12:12      62    0.00    0.00    0.00    0.00    0.00    0.00    0.00    0.00    0.00  100.00
16:12:12      63    0.00    0.00    0.00    0.00    0.00    0.00    0.00    0.00    0.00  100.00
16:12:12      64    0.00    0.00    0.00    0.00    0.00    0.00    0.00    0.00    0.00  100.00
16:12:12      65    0.00    0.00    0.00    0.00    0.00    0.00    0.00    0.00    0.00  100.00
16:12:12      66    0.00    0.00    0.00    0.00    0.00    0.00    0.00    0.00    0.00  100.00
16:12:12      67    0.00    0.00    0.00    0.00    0.00    0.00    0.00    0.00    0.00  100.00
16:12:12      68    0.00    0.00    0.00    0.00    0.00    0.00    0.00    0.00    0.00  100.00
16:12:12      69    0.00    0.00    0.00    0.00    0.00    0.00    0.00    0.00    0.00  100.00
16:12:12      70    0.00    0.00    0.00    0.00    0.00    0.00    0.00    0.00    0.00  100.00
16:12:12      71    0.00    0.00    0.00    0.00    0.00    0.00    0.00    0.00    0.00  100.00

16:12:12     CPU    %usr   %nice    %sys %iowait    %irq   %soft  %steal  %guest  %gnice   %idle
16:12:13     all    0.65    0.00    0.40    0.31    0.00    0.00    0.00    0.00    0.00   98.64
16:12:13       0    0.00    0.00    0.00    0.00    0.00    0.00    0.00    0.00    0.00  100.00
16:12:13       1    0.00    0.00    0.00    0.00    0.00    0.00    0.00    0.00    0.00  100.00
16:12:13       2    0.99    0.00    0.00    0.00    0.00    0.00    0.00    0.00    0.00   99.01
16:12:13       3    0.00    0.00    0.00    0.00    0.00    0.00    0.00    0.00    0.00  100.00
16:12:13       4    0.99    0.00    0.00    0.00    0.00    0.00    0.00    0.00    0.00   99.01
16:12:13       5    0.00    0.00    0.00    0.00    0.00    0.00    0.00    0.00    0.00  100.00
16:12:13       6    0.00    0.00    0.00    0.00    0.00    0.00    0.00    0.00    0.00  100.00
16:12:13       7    0.00    0.00    0.00    0.00    0.00    0.00    0.00    0.00    0.00  100.00
16:12:13       8    0.00    0.00    0.00    0.00    0.00    0.00    0.00    0.00    0.00  100.00
16:12:13       9    0.00    0.00    0.00    0.00    0.00    0.00    0.00    0.00    0.00  100.00
16:12:13      10    0.00    0.00    0.00    0.00    0.00    0.00    0.00    0.00    0.00  100.00
16:12:13      11    0.00    0.00    1.00   19.00    0.00    0.00    0.00    0.00    0.00   80.00
16:12:13      12    0.00    0.00    0.00    0.00    0.00    0.00    0.00    0.00    0.00  100.00
16:12:13      13    0.00    0.00    0.00    0.00    0.00    0.00    0.00    0.00    0.00  100.00
16:12:13      14    0.00    0.00    2.00    0.00    0.00    0.00    0.00    0.00    0.00   98.00
16:12:13      15    0.00    0.00    0.00    0.00    0.00    0.00    0.00    0.00    0.00  100.00
16:12:13      16    0.00    0.00    0.00    0.00    0.00    0.00    0.00    0.00    0.00  100.00
16:12:13      17    0.00    0.00    0.99    0.00    0.00    0.00    0.00    0.00    0.00   99.01
16:12:13      18   11.00    0.00    3.00    0.00    0.00    0.00    0.00    0.00    0.00   86.00
16:12:13      19    3.06    0.00    1.02    0.00    0.00    0.00    0.00    0.00    0.00   95.92
16:12:13      20    1.01    0.00    0.00    0.00    0.00    0.00    0.00    0.00    0.00   98.99
16:12:13      21    1.00    0.00    0.00    0.00    0.00    0.00    0.00    0.00    0.00   99.00
16:12:13      22    5.05    0.00    2.02    1.01    0.00    0.00    0.00    0.00    0.00   91.92
16:12:13      23    3.03    0.00    1.01    0.00    0.00    0.00    0.00    0.00    0.00   95.96
16:12:13      24    2.02    0.00    1.01    0.00    0.00    0.00    0.00    0.00    0.00   96.97
16:12:13      25    1.01    0.00    0.00    0.00    0.00    0.00    0.00    0.00    0.00   98.99
16:12:13      26    4.04    0.00    2.02    1.01    0.00    0.00    0.00    0.00    0.00   92.93
16:12:13      27    2.00    0.00    2.00    0.00    0.00    0.00    0.00    0.00    0.00   96.00
16:12:13      28    0.99    0.00    1.98    0.99    0.00    0.00    0.00    0.00    0.00   96.04
16:12:13      29    0.00    0.00    0.00    0.00    0.00    0.00    0.00    0.00    0.00  100.00
16:12:13      30    0.00    0.00    0.00    0.00    0.00    0.00    0.00    0.00    0.00  100.00
16:12:13      31    0.00    0.00    0.00    0.00    0.00    0.00    0.00    0.00    0.00  100.00
16:12:13      32    1.00    0.00    1.00    0.00    0.00    0.00    0.00    0.00    0.00   98.00
16:12:13      33    0.00    0.00    0.00    0.00    0.00    0.00    0.00    0.00    0.00  100.00
16:12:13      34    5.05    0.00    2.02    0.00    0.00    0.00    0.00    0.00    0.00   92.93
16:12:13      35    0.00    0.00    0.00    0.00    0.00    0.00    0.00    0.00    0.00  100.00
16:12:13      36    1.00    0.00    0.00    0.00    0.00    0.00    0.00    0.00    0.00   99.00
16:12:13      37    0.00    0.00    0.00    0.00    0.00    0.00    0.00    0.00    0.00  100.00
16:12:13      38    0.00    0.00    0.00    0.00    0.00    0.00    0.00    0.00    0.00  100.00
16:12:13      39    0.00    0.00    0.00    0.00    0.00    0.00    0.00    0.00    0.00  100.00
16:12:13      40    0.00    0.00    0.00    0.00    0.00    0.00    0.00    0.00    0.00  100.00
16:12:13      41    0.00    0.00    0.00    0.00    0.00    0.00    0.00    0.00    0.00  100.00
16:12:13      42    0.00    0.00    0.00    0.00    0.00    0.00    0.00    0.00    0.00  100.00
16:12:13      43    0.00    0.00    0.00    0.00    0.00    0.00    0.00    0.00    0.00  100.00
16:12:13      44    0.00    0.00    0.00    0.00    0.00    0.00    0.00    0.00    0.00  100.00
16:12:13      45    0.00    0.00    2.00    0.00    0.00    0.00    0.00    0.00    0.00   98.00
16:12:13      46    0.00    0.00    0.00    0.00    0.00    0.00    0.00    0.00    0.00  100.00
16:12:13      47    0.00    0.00    0.00    0.00    0.00    0.00    0.00    0.00    0.00  100.00
16:12:13      48    1.00    0.00    0.00    0.00    0.00    0.00    0.00    0.00    0.00   99.00
16:12:13      49    0.00    0.00    0.00    0.00    0.00    0.00    0.00    0.00    0.00  100.00
16:12:13      50    0.00    0.00    0.00    0.00    0.00    0.00    0.00    0.00    0.00  100.00
16:12:13      51    0.00    0.00    0.00    0.00    0.00    0.00    0.00    0.00    0.00  100.00
16:12:13      52    0.00    0.00    0.00    0.00    0.00    0.00    0.00    0.00    0.00  100.00
16:12:13      53    0.00    0.00    0.00    0.00    0.00    0.00    0.00    0.00    0.00  100.00
16:12:13      54    0.00    0.00    0.00    0.00    0.00    0.00    0.00    0.00    0.00  100.00
16:12:13      55    0.00    0.00    0.00    0.00    0.00    0.00    0.00    0.00    0.00  100.00
16:12:13      56    0.00    0.00    0.00    0.00    0.00    0.00    0.00    0.00    0.00  100.00
16:12:13      57    0.00    0.00    0.00    0.00    0.00    0.00    0.00    0.00    0.00  100.00
16:12:13      58    2.00    0.00    5.00    0.00    0.00    0.00    0.00    0.00    0.00   93.00
16:12:13      59    0.00    0.00    0.00    0.00    0.00    0.00    0.00    0.00    0.00  100.00
16:12:13      60    0.00    0.00    0.00    0.00    0.00    0.00    0.00    0.00    0.00  100.00
16:12:13      61    0.00    0.00    0.00    0.00    0.00    0.00    0.00    0.00    0.00  100.00
16:12:13      62    0.00    0.00    0.00    0.00    0.00    0.00    0.00    0.00    0.00  100.00
16:12:13      63    0.00    0.00    0.00    0.00    0.00    0.00    0.00    0.00    0.00  100.00
16:12:13      64    0.00    0.00    0.00    0.00    0.00    0.00    0.00    0.00    0.00  100.00
16:12:13      65    0.00    0.00    0.00    0.00    0.00    0.00    0.00    0.00    0.00  100.00
16:12:13      66    0.00    0.00    0.00    0.00    0.00    0.00    0.00    0.00    0.00  100.00
16:12:13      67    0.00    0.00    0.00    0.00    0.00    0.00    0.00    0.00    0.00  100.00
16:12:13      68    0.00    0.00    0.00    0.00    0.00    0.00    0.00    0.00    0.00  100.00
16:12:13      69    0.00    0.00    0.00    0.00    0.00    0.00    0.00    0.00    0.00  100.00
16:12:13      70    0.00    0.00    0.00    0.00    0.00    0.00    0.00    0.00    0.00  100.00
16:12:13      71    0.99    0.00    0.99    0.00    0.00    0.00    0.00    0.00    0.00   98.02

16:12:13     CPU    %usr   %nice    %sys %iowait    %irq   %soft  %steal  %guest  %gnice   %idle
16:12:14     all    0.65    0.00    0.45    0.29    0.00    0.00    0.00    0.00    0.00   98.61
16:12:14       0    1.03    0.00    0.00    0.00    0.00    0.00    0.00    0.00    0.00   98.97
16:12:14       1    0.00    0.00    0.00    0.00    0.00    0.00    0.00    0.00    0.00  100.00
16:12:14       2    0.00    0.00    0.00    0.00    0.00    0.00    0.00    0.00    0.00  100.00
16:12:14       3    0.00    0.00    0.00    0.00    0.00    0.00    0.00    0.00    0.00  100.00
16:12:14       4    0.00    0.00    0.00    0.00    0.00    0.00    0.00    0.00    0.00  100.00
16:12:14       5    0.00    0.00    0.00    0.00    0.00    0.00    0.00    0.00    0.00  100.00
16:12:14       6    0.00    0.00    0.00    0.00    0.00    0.00    0.00    0.00    0.00  100.00
16:12:14       7    0.00    0.00    0.00    0.00    0.00    0.00    0.00    0.00    0.00  100.00
16:12:14       8    0.00    0.00    1.00    0.00    0.00    0.00    0.00    0.00    0.00   99.00
16:12:14       9    1.00    0.00    4.00    0.00    0.00    0.00    0.00    0.00    0.00   95.00
16:12:14      10    0.00    0.00    0.00    0.00    0.00    0.00    0.00    0.00    0.00  100.00
16:12:14      11    0.00    0.00    0.00   19.00    0.00    0.00    0.00    0.00    0.00   81.00
16:12:14      12    0.00    0.00    0.00    0.00    0.00    0.00    0.00    0.00    0.00  100.00
16:12:14      13    1.00    0.00    0.00    0.00    0.00    0.00    0.00    0.00    0.00   99.00
16:12:14      14    0.00    0.00    0.00    0.00    0.00    0.00    0.00    0.00    0.00  100.00
16:12:14      15    0.00    0.00    0.00    0.00    0.00    0.00    0.00    0.00    0.00  100.00
16:12:14      16    0.00    0.00    1.00    0.00    0.00    0.00    0.00    0.00    0.00   99.00
16:12:14      17    0.00    0.00    0.00    0.00    0.00    0.00    0.00    0.00    0.00  100.00
16:12:14      18    4.08    0.00    2.04    1.02    0.00    0.00    0.00    0.00    0.00   92.86
16:12:14      19    1.98    0.00    0.99    0.00    0.00    0.00    0.00    0.00    0.00   97.03
16:12:14      20    1.01    0.00    1.01    0.00    0.00    0.00    0.00    0.00    0.00   97.98
16:12:14      21    0.00    0.00    1.00    0.00    0.00    0.00    0.00    0.00    0.00   99.00
16:12:14      22   12.00    0.00    5.00    1.00    0.00    0.00    0.00    0.00    0.00   82.00
16:12:14      23    2.00    0.00    0.00    0.00    0.00    0.00    0.00    0.00    0.00   98.00
16:12:14      24    2.02    0.00    0.00    0.00    0.00    0.00    0.00    0.00    0.00   97.98
16:12:14      25    1.00    0.00    0.00    0.00    0.00    0.00    0.00    0.00    0.00   99.00
16:12:14      26    2.97    0.00    1.98    0.00    0.00    0.00    0.00    0.00    0.00   95.05
16:12:14      27    1.01    0.00    1.01    0.00    0.00    0.00    0.00    0.00    0.00   97.98
16:12:14      28    7.07    0.00    4.04    0.00    0.00    0.00    0.00    0.00    0.00   88.89
16:12:14      29    0.00    0.00    0.00    0.00    0.00    0.00    0.00    0.00    0.00  100.00
16:12:14      30    0.00    0.00    0.00    0.00    0.00    0.00    0.00    0.00    0.00  100.00
16:12:14      31    0.00    0.00    0.00    0.00    0.00    0.00    0.00    0.00    0.00  100.00
16:12:14      32    0.00    0.00    0.00    0.00    0.00    0.00    0.00    0.00    0.00  100.00
16:12:14      33    0.00    0.00    0.00    0.00    0.00    0.00    0.00    0.00    0.00  100.00
16:12:14      34    3.03    0.00    2.02    0.00    0.00    0.00    0.00    0.00    0.00   94.95
16:12:14      35    0.00    0.00    0.00    0.00    0.00    0.00    0.00    0.00    0.00  100.00
16:12:14      36    1.00    0.00    0.00    0.00    0.00    0.00    0.00    0.00    0.00   99.00
16:12:14      37    0.99    0.00    0.00    0.00    0.00    0.00    0.00    0.00    0.00   99.01
16:12:14      38    1.00    0.00    0.00    0.00    0.00    0.00    0.00    0.00    0.00   99.00
16:12:14      39    0.00    0.00    0.00    0.00    0.00    0.00    0.00    0.00    0.00  100.00
16:12:14      40    0.00    0.00    0.00    0.00    0.00    0.00    0.00    0.00    0.00  100.00
16:12:14      41    0.00    0.00    0.00    0.00    0.00    0.00    0.00    0.00    0.00  100.00
16:12:14      42    0.00    0.00    0.99    0.00    0.00    0.00    0.00    0.00    0.00   99.01
16:12:14      43    0.00    0.00    0.00    0.00    0.00    0.00    0.00    0.00    0.00  100.00
16:12:14      44    0.00    0.00    1.00    0.00    0.00    0.00    0.00    0.00    0.00   99.00
16:12:14      45    0.00    0.00    0.00    0.00    0.00    0.00    0.00    0.00    0.00  100.00
16:12:14      46    0.00    0.00    0.00    0.00    0.00    0.00    0.00    0.00    0.00  100.00
16:12:14      47    0.00    0.00    0.00    0.00    0.00    0.00    0.00    0.00    0.00  100.00
16:12:14      48    0.00    0.00    0.00    0.00    0.00    0.00    0.00    0.00    0.00  100.00
16:12:14      49    0.00    0.00    0.00    0.00    0.00    0.00    0.00    0.00    0.00  100.00
16:12:14      50    0.99    0.00    0.00    0.00    0.00    0.00    0.00    0.00    0.00   99.01
16:12:14      51    0.00    0.00    0.00    0.00    0.00    0.00    0.00    0.00    0.00  100.00
16:12:14      52    0.00    0.00    0.00    0.00    0.00    0.00    0.00    0.00    0.00  100.00
16:12:14      53    0.00    0.00    0.00    0.00    0.00    0.00    0.00    0.00    0.00  100.00
16:12:14      54    0.00    0.00    0.00    0.00    0.00    0.00    0.00    0.00    0.00  100.00
16:12:14      55    0.00    0.00    0.00    0.00    0.00    0.00    0.00    0.00    0.00  100.00
16:12:14      56    0.00    0.00    0.00    0.00    0.00    0.00    0.00    0.00    0.00  100.00
16:12:14      57    0.00    0.00    0.00    0.00    0.00    0.00    0.00    0.00    0.00  100.00
16:12:14      58    2.00    0.00    5.00    0.00    0.00    0.00    0.00    0.00    0.00   93.00
16:12:14      59    0.00    0.00    0.00    0.00    0.00    0.00    0.00    0.00    0.00  100.00
16:12:14      60    0.00    0.00    0.00    0.00    0.00    0.00    0.00    0.00    0.00  100.00
16:12:14      61    0.00    0.00    0.00    0.00    0.00    0.00    0.00    0.00    0.00  100.00
16:12:14      62    0.00    0.00    0.00    0.00    0.00    0.00    0.00    0.00    0.00  100.00
16:12:14      63    0.00    0.00    0.00    0.00    0.00    0.00    0.00    0.00    0.00  100.00
16:12:14      64    0.00    0.00    0.00    0.00    0.00    0.00    0.00    0.00    0.00  100.00
16:12:14      65    0.00    0.00    0.00    0.00    0.00    0.00    0.00    0.00    0.00  100.00
16:12:14      66    0.00    0.00    0.00    0.00    0.00    0.00    0.00    0.00    0.00  100.00
16:12:14      67    0.00    0.00    0.00    0.00    0.00    0.00    0.00    0.00    0.00  100.00
16:12:14      68    0.00    0.00    0.00    0.00    0.00    0.00    0.00    0.00    0.00  100.00
16:12:14      69    0.00    0.00    0.00    0.00    0.00    0.00    0.00    0.00    0.00  100.00
16:12:14      70    0.00    0.00    0.00    0.00    0.00    0.00    0.00    0.00    0.00  100.00
16:12:14      71    0.00    0.00    0.00    0.00    0.00    0.00    0.00    0.00    0.00  100.00

16:12:14     CPU    %usr   %nice    %sys %iowait    %irq   %soft  %steal  %guest  %gnice   %idle
16:12:15     all    0.71    0.00    0.46    0.31    0.00    0.00    0.00    0.00    0.00   98.52
16:12:15       0    0.00    0.00    0.00    0.00    0.00    0.00    0.00    0.00    0.00  100.00
16:12:15       1    0.00    0.00    0.00    0.00    0.00    0.00    0.00    0.00    0.00  100.00
16:12:15       2    0.00    0.00    0.00    0.00    0.00    0.00    0.00    0.00    0.00  100.00
16:12:15       3    0.00    0.00    0.00    0.00    0.00    0.00    0.00    0.00    0.00  100.00
16:12:15       4    0.00    0.00    0.00    0.00    0.00    0.00    0.00    0.00    0.00  100.00
16:12:15       5    0.00    0.00    1.00    0.00    0.00    0.00    0.00    0.00    0.00   99.00
16:12:15       6    1.00    0.00    2.00    0.00    0.00    0.00    0.00    0.00    0.00   97.00
16:12:15       7    0.00    0.00    0.00    0.00    0.00    0.00    0.00    0.00    0.00  100.00
16:12:15       8    0.00    0.00    0.00    0.00    0.00    0.00    0.00    0.00    0.00  100.00
16:12:15       9    0.00    0.00    0.00    0.00    0.00    0.00    0.00    0.00    0.00  100.00
16:12:15      10    0.00    0.00    0.00    0.00    0.00    0.00    0.00    0.00    0.00  100.00
16:12:15      11    0.00    0.00    1.01   19.19    0.00    0.00    0.00    0.00    0.00   79.80
16:12:15      12    0.00    0.00    0.00    0.00    0.00    0.00    0.00    0.00    0.00  100.00
16:12:15      13    0.00    0.00    0.00    0.00    0.00    0.00    0.00    0.00    0.00  100.00
16:12:15      14    0.00    0.00    0.00    0.00    0.00    0.00    0.00    0.00    0.00  100.00
16:12:15      15    0.00    0.00    0.00    0.00    0.00    0.00    0.00    0.00    0.00  100.00
16:12:15      16    0.00    0.00    1.00    0.00    0.00    0.00    0.00    0.00    0.00   99.00
16:12:15      17    0.00    0.00    0.00    0.00    0.00    0.00    0.00    0.00    0.00  100.00
16:12:15      18    6.00    0.00    8.00    0.00    0.00    0.00    0.00    0.00    0.00   86.00
16:12:15      19    3.03    0.00    0.00    0.00    0.00    0.00    0.00    0.00    0.00   96.97
16:12:15      20    2.00    0.00    0.00    0.00    0.00    0.00    0.00    0.00    0.00   98.00
16:12:15      21    1.00    0.00    0.00    0.00    0.00    0.00    0.00    0.00    0.00   99.00
16:12:15      22    6.19    0.00    3.09    0.00    0.00    0.00    0.00    0.00    0.00   90.72
16:12:15      23    3.96    0.00    0.99    0.00    0.00    0.00    0.00    0.00    0.00   95.05
16:12:15      24    5.00    0.00    3.00    1.00    0.00    0.00    0.00    0.00    0.00   91.00
16:12:15      25    2.00    0.00    2.00    0.00    0.00    0.00    0.00    0.00    0.00   96.00
16:12:15      26    3.06    0.00    0.00    0.00    0.00    0.00    0.00    0.00    0.00   96.94
16:12:15      27    1.00    0.00    0.00    0.00    0.00    0.00    0.00    0.00    0.00   99.00
16:12:15      28    2.97    0.00    2.97    0.99    0.00    0.00    0.00    0.00    0.00   93.07
16:12:15      29    2.02    0.00    1.01    0.00    0.00    0.00    0.00    0.00    0.00   96.97
16:12:15      30    0.00    0.00    0.00    0.00    0.00    0.00    0.00    0.00    0.00  100.00
16:12:15      31    1.00    0.00    0.00    0.00    0.00    0.00    0.00    0.00    0.00   99.00
16:12:15      32    0.00    0.00    0.00    0.00    0.00    0.00    0.00    0.00    0.00  100.00
16:12:15      33    0.99    0.00    0.00    0.00    0.00    0.00    0.00    0.00    0.00   99.01
16:12:15      34    5.00    0.00    3.00    1.00    0.00    0.00    0.00    0.00    0.00   91.00
16:12:15      35    0.00    0.00    0.00    0.00    0.00    0.00    0.00    0.00    0.00  100.00
16:12:15      36    0.00    0.00    0.00    0.00    0.00    0.00    0.00    0.00    0.00  100.00
16:12:15      37    0.00    0.00    0.00    0.00    0.00    0.00    0.00    0.00    0.00  100.00
16:12:15      38    0.00    0.00    0.99    0.00    0.00    0.00    0.00    0.00    0.00   99.01
16:12:15      39    0.00    0.00    0.00    0.00    0.00    0.00    0.00    0.00    0.00  100.00
16:12:15      40    0.00    0.00    1.02    0.00    0.00    0.00    0.00    0.00    0.00   98.98
16:12:15      41    0.99    0.00    0.00    0.00    0.00    0.00    0.00    0.00    0.00   99.01
16:12:15      42    0.00    0.00    0.00    0.00    0.00    0.00    0.00    0.00    0.00  100.00
16:12:15      43    0.00    0.00    0.00    0.00    0.00    0.00    0.00    0.00    0.00  100.00
16:12:15      44    0.00    0.00    1.00    0.00    0.00    0.00    0.00    0.00    0.00   99.00
16:12:15      45    0.00    0.00    0.00    0.00    0.00    0.00    0.00    0.00    0.00  100.00
16:12:15      46    0.00    0.00    0.00    0.00    0.00    0.00    0.00    0.00    0.00  100.00
16:12:15      47    0.00    0.00    0.00    0.00    0.00    0.00    0.00    0.00    0.00  100.00
16:12:15      48    0.00    0.00    0.00    0.00    0.00    0.00    0.00    0.00    0.00  100.00
16:12:15      49    0.00    0.00    0.00    0.00    0.00    0.00    0.00    0.00    0.00  100.00
16:12:15      50    0.00    0.00    0.00    0.00    0.00    0.00    0.00    0.00    0.00  100.00
16:12:15      51    0.00    0.00    0.00    0.00    0.00    0.00    0.00    0.00    0.00  100.00
16:12:15      52    0.00    0.00    0.00    0.00    0.00    0.00    0.00    0.00    0.00  100.00
16:12:15      53    0.00    0.00    0.00    0.00    0.00    0.00    0.00    0.00    0.00  100.00
16:12:15      54    0.00    0.00    0.00    0.00    0.00    0.00    0.00    0.00    0.00  100.00
16:12:15      55    0.00    0.00    0.00    0.00    0.00    0.00    0.00    0.00    0.00  100.00
16:12:15      56    0.00    0.00    0.00    0.00    0.00    0.00    0.00    0.00    0.00  100.00
16:12:15      57    0.00    0.00    0.00    0.00    0.00    0.00    0.00    0.00    0.00  100.00
16:12:15      58    3.00    0.00    0.00    0.00    0.00    0.00    0.00    0.00    0.00   97.00
16:12:15      59    0.00    0.00    0.00    0.00    0.00    0.00    0.00    0.00    0.00  100.00
16:12:15      60    0.00    0.00    0.00    0.00    0.00    0.00    0.00    0.00    0.00  100.00
16:12:15      61    0.00    0.00    0.00    0.00    0.00    0.00    0.00    0.00    0.00  100.00
16:12:15      62    0.00    0.00    0.00    0.00    0.00    0.00    0.00    0.00    0.00  100.00
16:12:15      63    0.00    0.00    0.00    0.00    0.00    0.00    0.00    0.00    0.00  100.00
16:12:15      64    0.00    0.00    0.00    0.00    0.00    0.00    0.00    0.00    0.00  100.00
16:12:15      65    0.00    0.00    0.00    0.00    0.00    0.00    0.00    0.00    0.00  100.00
16:12:15      66    0.99    0.00    0.99    0.00    0.00    0.00    0.00    0.00    0.00   98.02
16:12:15      67    0.00    0.00    0.00    0.00    0.00    0.00    0.00    0.00    0.00  100.00
16:12:15      68    0.00    0.00    0.00    0.00    0.00    0.00    0.00    0.00    0.00  100.00
16:12:15      69    0.00    0.00    0.00    0.00    0.00    0.00    0.00    0.00    0.00  100.00
16:12:15      70    0.00    0.00    0.00    0.00    0.00    0.00    0.00    0.00    0.00  100.00
16:12:15      71    0.00    0.00    0.00    0.00    0.00    0.00    0.00    0.00    0.00  100.00

16:12:15     CPU    %usr   %nice    %sys %iowait    %irq   %soft  %steal  %guest  %gnice   %idle
16:12:16     all    0.64    0.00    0.45    0.35    0.00    0.01    0.00    0.00    0.00   98.55
16:12:16       0    0.00    0.00    0.00    0.00    0.00    0.00    0.00    0.00    0.00  100.00
16:12:16       1    0.00    0.00    0.00    0.00    0.00    0.00    0.00    0.00    0.00  100.00
16:12:16       2    0.00    0.00    0.00    0.00    0.00    0.00    0.00    0.00    0.00  100.00
16:12:16       3    0.00    0.00    0.00    0.00    0.00    0.00    0.00    0.00    0.00  100.00
16:12:16       4    0.00    0.00    0.00    0.00    0.00    0.00    0.00    0.00    0.00  100.00
16:12:16       5    0.00    0.00    0.00    0.00    0.00    0.00    0.00    0.00    0.00  100.00
16:12:16       6    0.00    0.00    1.00    0.00    0.00    0.00    0.00    0.00    0.00   99.00
16:12:16       7    1.00    0.00    0.00    0.00    0.00    0.00    0.00    0.00    0.00   99.00
16:12:16       8    0.00    0.00    0.00    0.00    0.00    0.00    0.00    0.00    0.00  100.00
16:12:16       9    0.00    0.00    0.00    0.00    0.00    0.00    0.00    0.00    0.00  100.00
16:12:16      10    0.00    0.00    0.00    0.00    0.00    0.00    0.00    0.00    0.00  100.00
16:12:16      11    0.00    0.00    0.00   21.00    0.00    0.00    0.00    0.00    0.00   79.00
16:12:16      12    0.00    0.00    0.00    0.00    0.00    0.00    0.00    0.00    0.00  100.00
16:12:16      13    0.00    0.00    1.00    0.00    0.00    0.00    0.00    0.00    0.00   99.00
16:12:16      14    0.00    0.00    0.00    0.00    0.00    0.00    0.00    0.00    0.00  100.00
16:12:16      15    0.00    0.00    0.00    0.00    0.00    0.00    0.00    0.00    0.00  100.00
16:12:16      16    0.00    0.00    0.99    0.00    0.00    0.00    0.00    0.00    0.00   99.01
16:12:16      17    0.00    0.00    0.00    0.00    0.00    0.00    0.00    0.00    0.00  100.00
16:12:16      18    5.05    0.00    7.07    1.01    0.00    1.01    0.00    0.00    0.00   85.86
16:12:16      19    2.02    0.00    0.00    0.00    0.00    0.00    0.00    0.00    0.00   97.98
16:12:16      20    0.00    0.00    0.00    0.00    0.00    0.00    0.00    0.00    0.00  100.00
16:12:16      21    0.00    0.00    0.00    0.00    0.00    0.00    0.00    0.00    0.00  100.00
16:12:16      22    5.00    0.00    1.00    1.00    0.00    0.00    0.00    0.00    0.00   93.00
16:12:16      23    1.00    0.00    1.00    0.00    0.00    0.00    0.00    0.00    0.00   98.00
16:12:16      24    3.96    0.00    2.97    0.99    0.00    0.00    0.00    0.00    0.00   92.08
16:12:16      25    1.00    0.00    1.00    0.00    0.00    0.00    0.00    0.00    0.00   98.00
16:12:16      26    6.06    0.00    3.03    0.00    0.00    0.00    0.00    0.00    0.00   90.91
16:12:16      27    0.00    0.00    1.01    0.00    0.00    0.00    0.00    0.00    0.00   98.99
16:12:16      28    6.12    0.00    1.02    0.00    0.00    0.00    0.00    0.00    0.00   92.86
16:12:16      29    1.00    0.00    0.00    0.00    0.00    0.00    0.00    0.00    0.00   99.00
16:12:16      30    0.00    0.00    0.00    0.00    0.00    0.00    0.00    0.00    0.00  100.00
16:12:16      31    0.00    0.00    1.00    0.00    0.00    0.00    0.00    0.00    0.00   99.00
16:12:16      32    0.99    0.00    0.99    0.00    0.00    0.00    0.00    0.00    0.00   98.02
16:12:16      33    0.00    0.00    2.02    0.00    0.00    0.00    0.00    0.00    0.00   97.98
16:12:16      34    3.06    0.00    2.04    0.00    0.00    0.00    0.00    0.00    0.00   94.90
16:12:16      35    2.97    0.00    1.98    0.99    0.00    0.00    0.00    0.00    0.00   94.06
16:12:16      36    0.99    0.00    0.00    0.00    0.00    0.00    0.00    0.00    0.00   99.01
16:12:16      37    1.01    0.00    1.01    0.00    0.00    0.00    0.00    0.00    0.00   97.98
16:12:16      38    0.00    0.00    0.00    0.00    0.00    0.00    0.00    0.00    0.00  100.00
16:12:16      39    0.00    0.00    0.00    0.00    0.00    0.00    0.00    0.00    0.00  100.00
16:12:16      40    0.00    0.00    0.00    0.00    0.00    0.00    0.00    0.00    0.00  100.00
16:12:16      41    0.00    0.00    0.00    0.00    0.00    0.00    0.00    0.00    0.00  100.00
16:12:16      42    0.00    0.00    0.00    0.00    0.00    0.00    0.00    0.00    0.00  100.00
16:12:16      43    0.00    0.00    0.00    0.00    0.00    0.00    0.00    0.00    0.00  100.00
16:12:16      44    0.00    0.00    0.00    0.00    0.00    0.00    0.00    0.00    0.00  100.00
16:12:16      45    0.00    0.00    0.00    0.00    0.00    0.00    0.00    0.00    0.00  100.00
16:12:16      46    0.00    0.00    0.00    0.00    0.00    0.00    0.00    0.00    0.00  100.00
16:12:16      47    0.00    0.00    0.99    0.00    0.00    0.00    0.00    0.00    0.00   99.01
16:12:16      48    0.00    0.00    0.00    0.00    0.00    0.00    0.00    0.00    0.00  100.00
16:12:16      49    0.99    0.00    0.00    0.00    0.00    0.00    0.00    0.00    0.00   99.01
16:12:16      50    0.00    0.00    0.00    0.00    0.00    0.00    0.00    0.00    0.00  100.00
16:12:16      51    0.00    0.00    0.00    0.00    0.00    0.00    0.00    0.00    0.00  100.00
16:12:16      52    0.00    0.00    0.00    0.00    0.00    0.00    0.00    0.00    0.00  100.00
16:12:16      53    0.00    0.00    0.00    0.00    0.00    0.00    0.00    0.00    0.00  100.00
16:12:16      54    1.00    0.00    1.00    0.00    0.00    0.00    0.00    0.00    0.00   98.00
16:12:16      55    0.00    0.00    0.00    0.00    0.00    0.00    0.00    0.00    0.00  100.00
16:12:16      56    0.00    0.00    0.00    0.00    0.00    0.00    0.00    0.00    0.00  100.00
16:12:16      57    0.00    0.00    0.00    0.00    0.00    0.00    0.00    0.00    0.00  100.00
16:12:16      58    0.00    0.00    0.00    0.00    0.00    0.00    0.00    0.00    0.00  100.00
16:12:16      59    0.00    0.00    0.00    0.00    0.00    0.00    0.00    0.00    0.00  100.00
16:12:16      60    0.00    0.00    0.00    0.00    0.00    0.00    0.00    0.00    0.00  100.00
16:12:16      61    0.00    0.00    0.00    0.00    0.00    0.00    0.00    0.00    0.00  100.00
16:12:16      62    1.00    0.00    0.00    0.00    0.00    0.00    0.00    0.00    0.00   99.00
16:12:16      63    0.00    0.00    0.00    0.00    0.00    0.00    0.00    0.00    0.00  100.00
16:12:16      64    0.00    0.00    0.00    0.00    0.00    0.00    0.00    0.00    0.00  100.00
16:12:16      65    1.00    0.00    0.00    0.00    0.00    0.00    0.00    0.00    0.00   99.00
16:12:16      66    0.00    0.00    0.00    0.00    0.00    0.00    0.00    0.00    0.00  100.00
16:12:16      67    1.01    0.00    0.00    0.00    0.00    0.00    0.00    0.00    0.00   98.99
16:12:16      68    0.00    0.00    0.00    0.00    0.00    0.00    0.00    0.00    0.00  100.00
16:12:16      69    0.00    0.00    0.00    0.00    0.00    0.00    0.00    0.00    0.00  100.00
16:12:16      70    0.00    0.00    0.00    0.00    0.00    0.00    0.00    0.00    0.00  100.00
16:12:16      71    0.00    0.00    0.00    0.00    0.00    0.00    0.00    0.00    0.00  100.00

16:12:16     CPU    %usr   %nice    %sys %iowait    %irq   %soft  %steal  %guest  %gnice   %idle
16:12:17     all    0.68    0.00    0.47    0.29    0.00    0.00    0.00    0.00    0.00   98.55
16:12:17       0    0.00    0.00    0.00    0.00    0.00    0.00    0.00    0.00    0.00  100.00
16:12:17       1    0.00    0.00    0.00    0.00    0.00    0.00    0.00    0.00    0.00  100.00
16:12:17       2    0.00    0.00    0.00    0.00    0.00    0.00    0.00    0.00    0.00  100.00
16:12:17       3    0.00    0.00    0.00    0.00    0.00    0.00    0.00    0.00    0.00  100.00
16:12:17       4    0.00    0.00    0.00    0.00    0.00    0.00    0.00    0.00    0.00  100.00
16:12:17       5    0.00    0.00    0.00    0.00    0.00    0.00    0.00    0.00    0.00  100.00
16:12:17       6    0.00    0.00    0.00    0.00    0.00    0.00    0.00    0.00    0.00  100.00
16:12:17       7    0.00    0.00    0.00    0.00    0.00    0.00    0.00    0.00    0.00  100.00
16:12:17       8    0.00    0.00    0.00    0.00    0.00    0.00    0.00    0.00    0.00  100.00
16:12:17       9    0.00    0.00    0.00    0.00    0.00    0.00    0.00    0.00    0.00  100.00
16:12:17      10    0.00    0.00    0.00    0.00    0.00    0.00    0.00    0.00    0.00  100.00
16:12:17      11    0.00    0.00    1.00   19.00    0.00    0.00    0.00    0.00    0.00   80.00
16:12:17      12    0.00    0.00    0.00    0.00    0.00    0.00    0.00    0.00    0.00  100.00
16:12:17      13    0.00    0.00    0.00    0.00    0.00    0.00    0.00    0.00    0.00  100.00
16:12:17      14    0.00    0.00    0.00    0.00    0.00    0.00    0.00    0.00    0.00  100.00
16:12:17      15    0.99    0.00    0.00    0.00    0.00    0.00    0.00    0.00    0.00   99.01
16:12:17      16    0.00    0.00    0.00    0.00    0.00    0.00    0.00    0.00    0.00  100.00
16:12:17      17    0.00    0.00    0.00    0.00    0.00    0.00    0.00    0.00    0.00  100.00
16:12:17      18    7.00    0.00    7.00    0.00    0.00    0.00    0.00    0.00    0.00   86.00
16:12:17      19    4.95    0.00    0.99    0.00    0.00    0.00    0.00    0.00    0.00   94.06
16:12:17      20    2.00    0.00    1.00    0.00    0.00    0.00    0.00    0.00    0.00   97.00
16:12:17      21    1.00    0.00    0.00    0.00    0.00    0.00    0.00    0.00    0.00   99.00
16:12:17      22    6.12    0.00    3.06    0.00    0.00    0.00    0.00    0.00    0.00   90.82
16:12:17      23    2.00    0.00    0.00    0.00    0.00    0.00    0.00    0.00    0.00   98.00
16:12:17      24    2.02    0.00    0.00    0.00    0.00    0.00    0.00    0.00    0.00   97.98
16:12:17      25    1.01    0.00    1.01    0.00    0.00    0.00    0.00    0.00    0.00   97.98
16:12:17      26    4.00    0.00    3.00    1.00    0.00    0.00    0.00    0.00    0.00   92.00
16:12:17      27    1.01    0.00    1.01    0.00    0.00    0.00    0.00    0.00    0.00   97.98
16:12:17      28    0.99    0.00    0.99    0.00    0.00    0.00    0.00    0.00    0.00   98.02
16:12:17      29    1.01    0.00    0.00    0.00    0.00    0.00    0.00    0.00    0.00   98.99
16:12:17      30    2.00    0.00    2.00    0.00    0.00    0.00    0.00    0.00    0.00   96.00
16:12:17      31    1.00    0.00    1.00    0.00    0.00    0.00    0.00    0.00    0.00   98.00
16:12:17      32    1.00    0.00    2.00    1.00    0.00    0.00    0.00    0.00    0.00   96.00
16:12:17      33    1.00    0.00    3.00    0.00    0.00    0.00    0.00    0.00    0.00   96.00
16:12:17      34    2.00    0.00    2.00    0.00    0.00    0.00    0.00    0.00    0.00   96.00
16:12:17      35    1.00    0.00    0.00    0.00    0.00    0.00    0.00    0.00    0.00   99.00
16:12:17      36    1.00    0.00    1.00    0.00    0.00    0.00    0.00    0.00    0.00   98.00
16:12:17      37    0.00    0.00    0.00    0.00    0.00    0.00    0.00    0.00    0.00  100.00
16:12:17      38    0.00    0.00    0.00    0.00    0.00    0.00    0.00    0.00    0.00  100.00
16:12:17      39    0.00    0.00    0.00    0.00    0.00    0.00    0.00    0.00    0.00  100.00
16:12:17      40    3.03    0.00    0.00    0.00    0.00    0.00    0.00    0.00    0.00   96.97
16:12:17      41    0.00    0.00    0.00    0.00    0.00    0.00    0.00    0.00    0.00  100.00
16:12:17      42    0.00    0.00    0.00    0.00    0.00    0.00    0.00    0.00    0.00  100.00
16:12:17      43    0.00    0.00    0.00    0.00    0.00    0.00    0.00    0.00    0.00  100.00
16:12:17      44    0.00    0.00    0.00    0.00    0.00    0.00    0.00    0.00    0.00  100.00
16:12:17      45    0.99    0.00    0.00    0.00    0.00    0.00    0.00    0.00    0.00   99.01
16:12:17      46    0.00    0.00    0.00    0.00    0.00    0.00    0.00    0.00    0.00  100.00
16:12:17      47    0.00    0.00    0.00    0.00    0.00    0.00    0.00    0.00    0.00  100.00
16:12:17      48    0.00    0.00    0.00    0.00    0.00    0.00    0.00    0.00    0.00  100.00
16:12:17      49    0.00    0.00    0.00    0.00    0.00    0.00    0.00    0.00    0.00  100.00
16:12:17      50    0.00    0.00    0.00    0.00    0.00    0.00    0.00    0.00    0.00  100.00
16:12:17      51    0.00    0.00    0.00    0.00    0.00    0.00    0.00    0.00    0.00  100.00
16:12:17      52    0.00    0.00    0.00    0.00    0.00    0.00    0.00    0.00    0.00  100.00
16:12:17      53    0.00    0.00    0.00    0.00    0.00    0.00    0.00    0.00    0.00  100.00
16:12:17      54    0.00    0.00    3.00    0.00    0.00    0.00    0.00    0.00    0.00   97.00
16:12:17      55    0.00    0.00    0.00    0.00    0.00    0.00    0.00    0.00    0.00  100.00
16:12:17      56    0.00    0.00    0.00    0.00    0.00    0.00    0.00    0.00    0.00  100.00
16:12:17      57    0.00    0.00    0.00    0.00    0.00    0.00    0.00    0.00    0.00  100.00
16:12:17      58    1.00    0.00    0.00    0.00    0.00    0.00    0.00    0.00    0.00   99.00
16:12:17      59    0.00    0.00    0.00    0.00    0.00    0.00    0.00    0.00    0.00  100.00
16:12:17      60    0.00    0.00    0.00    0.00    0.00    0.00    0.00    0.00    0.00  100.00
16:12:17      61    0.00    0.00    0.00    0.00    0.00    0.00    0.00    0.00    0.00  100.00
16:12:17      62    1.00    0.00    1.00    0.00    0.00    0.00    0.00    0.00    0.00   98.00
16:12:17      63    0.00    0.00    0.00    0.00    0.00    0.00    0.00    0.00    0.00  100.00
16:12:17      64    0.00    0.00    0.00    0.00    0.00    0.00    0.00    0.00    0.00  100.00
16:12:17      65    0.00    0.00    0.00    0.00    0.00    0.00    0.00    0.00    0.00  100.00
16:12:17      66    0.00    0.00    0.00    0.00    0.00    0.00    0.00    0.00    0.00  100.00
16:12:17      67    0.00    0.00    0.00    0.00    0.00    0.00    0.00    0.00    0.00  100.00
16:12:17      68    0.00    0.00    0.00    0.00    0.00    0.00    0.00    0.00    0.00  100.00
16:12:17      69    0.00    0.00    0.00    0.00    0.00    0.00    0.00    0.00    0.00  100.00
16:12:17      70    0.00    0.00    0.00    0.00    0.00    0.00    0.00    0.00    0.00  100.00
16:12:17      71    0.00    0.00    0.00    0.00    0.00    0.00    0.00    0.00    0.00  100.00

16:12:17     CPU    %usr   %nice    %sys %iowait    %irq   %soft  %steal  %guest  %gnice   %idle
16:12:18     all    0.77    0.00    0.49    0.28    0.00    0.00    0.00    0.00    0.00   98.47
16:12:18       0    0.00    0.00    0.00    0.00    0.00    0.00    0.00    0.00    0.00  100.00
16:12:18       1    0.00    0.00    0.00    0.00    0.00    0.00    0.00    0.00    0.00  100.00
16:12:18       2    0.00    0.00    0.00    0.00    0.00    0.00    0.00    0.00    0.00  100.00
16:12:18       3    0.00    0.00    0.00    0.00    0.00    0.00    0.00    0.00    0.00  100.00
16:12:18       4    0.00    0.00    0.00    0.00    0.00    0.00    0.00    0.00    0.00  100.00
16:12:18       5    0.00    0.00    0.00    0.00    0.00    0.00    0.00    0.00    0.00  100.00
16:12:18       6    0.00    0.00    0.00    0.00    0.00    0.00    0.00    0.00    0.00  100.00
16:12:18       7    0.00    0.00    0.00    0.00    0.00    0.00    0.00    0.00    0.00  100.00
16:12:18       8    0.00    0.00    0.00    0.00    0.00    0.00    0.00    0.00    0.00  100.00
16:12:18       9    0.00    0.00    0.00    0.00    0.00    0.00    0.00    0.00    0.00  100.00
16:12:18      10    0.00    0.00    0.00    0.00    0.00    0.00    0.00    0.00    0.00  100.00
16:12:18      11    0.00    0.00    0.00   15.15    0.00    0.00    0.00    0.00    0.00   84.85
16:12:18      12    0.00    0.00    1.00    0.00    0.00    0.00    0.00    0.00    0.00   99.00
16:12:18      13    0.00    0.00    1.00    0.00    0.00    0.00    0.00    0.00    0.00   99.00
16:12:18      14    0.00    0.00    0.00    0.00    0.00    0.00    0.00    0.00    0.00  100.00
16:12:18      15    0.00    0.00    0.00    0.00    0.00    0.00    0.00    0.00    0.00  100.00
16:12:18      16    0.00    0.00    0.00    0.00    0.00    0.00    0.00    0.00    0.00  100.00
16:12:18      17    0.00    0.00    0.00    0.00    0.00    0.00    0.00    0.00    0.00  100.00
16:12:18      18    7.07    0.00    2.02    0.00    0.00    0.00    0.00    0.00    0.00   90.91
16:12:18      19    0.00    0.00    0.00    0.00    0.00    0.00    0.00    0.00    0.00  100.00
16:12:18      20    1.98    0.00    0.99    0.00    0.00    0.00    0.00    0.00    0.00   97.03
16:12:18      21    0.00    0.00    0.00    0.00    0.00    0.00    0.00    0.00    0.00  100.00
16:12:18      22    7.92    0.00    2.97    0.99    0.00    0.00    0.00    0.00    0.00   88.12
16:12:18      23    5.00    0.00    3.00    1.00    0.00    0.00    0.00    0.00    0.00   91.00
16:12:18      24    1.98    0.00    1.98    0.00    0.00    0.00    0.00    0.00    0.00   96.04
16:12:18      25    3.00    0.00    2.00    0.00    0.00    0.00    0.00    0.00    0.00   95.00
16:12:18      26    4.08    0.00    2.04    0.00    0.00    0.00    0.00    0.00    0.00   93.88
16:12:18      27    1.00    0.00    1.00    0.00    0.00    0.00    0.00    0.00    0.00   98.00
16:12:18      28    1.00    0.00    0.00    0.00    0.00    0.00    0.00    0.00    0.00   99.00
16:12:18      29    0.99    0.00    0.00    0.00    0.00    0.00    0.00    0.00    0.00   99.01
16:12:18      30    2.00    0.00    5.00    0.00    0.00    0.00    0.00    0.00    0.00   93.00
16:12:18      31    0.00    0.00    1.00    0.00    0.00    0.00    0.00    0.00    0.00   99.00
16:12:18      32    0.00    0.00    0.00    0.00    0.00    0.00    0.00    0.00    0.00  100.00
16:12:18      33    1.01    0.00    1.01    0.00    0.00    0.00    0.00    0.00    0.00   97.98
16:12:18      34    6.06    0.00    1.01    1.01    0.00    0.00    0.00    0.00    0.00   91.92
16:12:18      35    0.00    0.00    1.01    0.00    0.00    0.00    0.00    0.00    0.00   98.99
16:12:18      36    1.01    0.00    3.03    0.00    0.00    0.00    0.00    0.00    0.00   95.96
16:12:18      37    2.97    0.00    0.99    0.99    0.00    0.00    0.00    0.00    0.00   95.05
16:12:18      38    0.99    0.00    0.00    0.00    0.00    0.00    0.00    0.00    0.00   99.01
16:12:18      39    0.00    0.00    0.00    0.00    0.00    0.00    0.00    0.00    0.00  100.00
16:12:18      40    0.00    0.00    0.00    0.00    0.00    0.00    0.00    0.00    0.00  100.00
16:12:18      41    0.00    0.00    0.00    0.00    0.00    0.00    0.00    0.00    0.00  100.00
16:12:18      42    0.00    0.00    0.00    0.00    0.00    0.00    0.00    0.00    0.00  100.00
16:12:18      43    3.00    0.00    1.00    0.00    0.00    0.00    0.00    0.00    0.00   96.00
16:12:18      44    0.99    0.00    0.00    0.00    0.00    0.00    0.00    0.00    0.00   99.01
16:12:18      45    0.00    0.00    0.00    0.00    0.00    0.00    0.00    0.00    0.00  100.00
16:12:18      46    0.00    0.00    1.00    0.00    0.00    0.00    0.00    0.00    0.00   99.00
16:12:18      47    0.00    0.00    0.00    0.00    0.00    0.00    0.00    0.00    0.00  100.00
16:12:18      48    0.00    0.00    0.00    0.00    0.00    0.00    0.00    0.00    0.00  100.00
16:12:18      49    1.00    0.00    0.00    0.00    0.00    0.00    0.00    0.00    0.00   99.00
16:12:18      50    0.00    0.00    0.00    0.00    0.00    0.00    0.00    0.00    0.00  100.00
16:12:18      51    1.00    0.00    0.00    0.00    0.00    0.00    0.00    0.00    0.00   99.00
16:12:18      52    0.00    0.00    0.00    0.00    0.00    0.00    0.00    0.00    0.00  100.00
16:12:18      53    0.00    0.00    0.00    0.00    0.00    0.00    0.00    0.00    0.00  100.00
16:12:18      54    0.00    0.00    1.01    0.00    0.00    0.00    0.00    0.00    0.00   98.99
16:12:18      55    0.00    0.00    0.00    0.00    0.00    0.00    0.00    0.00    0.00  100.00
16:12:18      56    0.00    0.00    0.00    0.00    0.00    0.00    0.00    0.00    0.00  100.00
16:12:18      57    0.00    0.00    0.00    0.00    0.00    0.00    0.00    0.00    0.00  100.00
16:12:18      58    0.00    0.00    0.00    0.00    0.00    0.00    0.00    0.00    0.00  100.00
16:12:18      59    0.00    0.00    0.00    0.00    0.00    0.00    0.00    0.00    0.00  100.00
16:12:18      60    0.00    0.00    0.00    0.00    0.00    0.00    0.00    0.00    0.00  100.00
16:12:18      61    0.00    0.00    0.00    0.00    0.00    0.00    0.00    0.00    0.00  100.00
16:12:18      62    1.00    0.00    0.00    0.00    0.00    0.00    0.00    0.00    0.00   99.00
16:12:18      63    0.00    0.00    0.00    0.00    0.00    0.00    0.00    0.00    0.00  100.00
16:12:18      64    0.00    0.00    0.00    0.00    0.00    0.00    0.00    0.00    0.00  100.00
16:12:18      65    0.00    0.00    1.00    1.00    0.00    0.00    0.00    0.00    0.00   98.00
16:12:18      66    0.00    0.00    0.00    0.00    0.00    0.00    0.00    0.00    0.00  100.00
16:12:18      67    0.00    0.00    0.00    0.00    0.00    0.00    0.00    0.00    0.00  100.00
16:12:18      68    0.00    0.00    0.00    0.00    0.00    0.00    0.00    0.00    0.00  100.00
16:12:18      69    0.00    0.00    0.00    0.00    0.00    0.00    0.00    0.00    0.00  100.00
16:12:18      70    0.00    0.00    0.00    0.00    0.00    0.00    0.00    0.00    0.00  100.00
16:12:18      71    0.00    0.00    0.00    0.00    0.00    0.00    0.00    0.00    0.00  100.00

16:12:18     CPU    %usr   %nice    %sys %iowait    %irq   %soft  %steal  %guest  %gnice   %idle
16:12:19     all    0.74    0.00    0.49    0.29    0.00    0.03    0.00    0.00    0.00   98.46
16:12:19       0    1.03    0.00    1.03    0.00    0.00    0.00    0.00    0.00    0.00   97.94
16:12:19       1    0.00    0.00    0.00    0.00    0.00    0.00    0.00    0.00    0.00  100.00
16:12:19       2    0.00    0.00    0.00    0.00    0.00    0.00    0.00    0.00    0.00  100.00
16:12:19       3    0.00    0.00    0.00    0.00    0.00    0.00    0.00    0.00    0.00  100.00
16:12:19       4    0.00    0.00    0.00    0.00    0.00    0.00    0.00    0.00    0.00  100.00
16:12:19       5    0.00    0.00    0.00    0.00    0.00    0.00    0.00    0.00    0.00  100.00
16:12:19       6    0.99    0.00    0.99    0.00    0.00    0.00    0.00    0.00    0.00   98.02
16:12:19       7    0.00    0.00    0.99    0.00    0.00    0.00    0.00    0.00    0.00   99.01
16:12:19       8    0.00    0.00    0.00    0.00    0.00    0.00    0.00    0.00    0.00  100.00
16:12:19       9    0.00    0.00    0.00    0.00    0.00    0.00    0.00    0.00    0.00  100.00
16:12:19      10    0.00    0.00    0.00    0.00    0.00    0.00    0.00    0.00    0.00  100.00
16:12:19      11    0.00    0.00    0.00    0.00    0.00    0.00    0.00    0.00    0.00  100.00
16:12:19      12    0.00    0.00    0.00    0.00    0.00    0.00    0.00    0.00    0.00  100.00
16:12:19      13    0.00    0.00    0.00    0.00    0.00    0.00    0.00    0.00    0.00  100.00
16:12:19      14    0.99    0.00    0.00    0.00    0.00    0.00    0.00    0.00    0.00   99.01
16:12:19      15    0.00    0.00    0.00    0.00    0.00    0.00    0.00    0.00    0.00  100.00
16:12:19      16    0.00    0.00    0.00    0.00    0.00    0.00    0.00    0.00    0.00  100.00
16:12:19      17    0.00    0.00    0.00    0.00    0.00    0.00    0.00    0.00    0.00  100.00
16:12:19      18    6.06    0.00    9.09    7.07    0.00    0.00    0.00    0.00    0.00   77.78
16:12:19      19    6.06    0.00    0.00    0.00    0.00    0.00    0.00    0.00    0.00   93.94
16:12:19      20    1.02    0.00    0.00    0.00    0.00    0.00    0.00    0.00    0.00   98.98
16:12:19      21    1.00    0.00    0.00    0.00    0.00    0.00    0.00    0.00    0.00   99.00
16:12:19      22    5.05    0.00    2.02    0.00    0.00    0.00    0.00    0.00    0.00   92.93
16:12:19      23    4.04    0.00    2.02    0.00    0.00    0.00    0.00    0.00    0.00   93.94
16:12:19      24    1.01    0.00    1.01    0.00    0.00    0.00    0.00    0.00    0.00   97.98
16:12:19      25    0.00    0.00    1.01    0.00    0.00    0.00    0.00    0.00    0.00   98.99
16:12:19      26    4.00    0.00    2.00    6.00    0.00    0.00    0.00    0.00    0.00   88.00
16:12:19      27    1.00    0.00    1.00    0.00    0.00    0.00    0.00    0.00    0.00   98.00
16:12:19      28    1.01    0.00    1.01    3.03    0.00    0.00    0.00    0.00    0.00   94.95
16:12:19      29    1.00    0.00    1.00    0.00    0.00    0.00    0.00    0.00    0.00   98.00
16:12:19      30    1.00    0.00    0.00    0.00    0.00    0.00    0.00    0.00    0.00   99.00
16:12:19      31    0.00    0.00    0.00    0.00    0.00    0.00    0.00    0.00    0.00  100.00
16:12:19      32    0.00    0.00    0.99    0.00    0.00    0.00    0.00    0.00    0.00   99.01
16:12:19      33    0.00    0.00    0.00    0.00    0.00    0.00    0.00    0.00    0.00  100.00
16:12:19      34    3.96    0.00    2.97    1.98    0.00    0.99    0.00    0.00    0.00   90.10
16:12:19      35    3.00    0.00    1.00    0.00    0.00    0.00    0.00    0.00    0.00   96.00
16:12:19      36    2.00    0.00    2.00    0.00    0.00    0.00    0.00    0.00    0.00   96.00
16:12:19      37    2.02    0.00    2.02    0.00    0.00    0.00    0.00    0.00    0.00   95.96
16:12:19      38    0.00    0.00    0.00    0.00    0.00    0.00    0.00    0.00    0.00  100.00
16:12:19      39    0.00    0.00    0.00    0.00    0.00    0.00    0.00    0.00    0.00  100.00
16:12:19      40    0.00    0.00    0.00    0.00    0.00    1.01    0.00    0.00    0.00   98.99
16:12:19      41    0.00    0.00    0.00    0.00    0.00    0.00    0.00    0.00    0.00  100.00
16:12:19      42    0.99    0.00    0.00    0.00    0.00    0.00    0.00    0.00    0.00   99.01
16:12:19      43    2.00    0.00    0.00    0.00    0.00    0.00    0.00    0.00    0.00   98.00
16:12:19      44    0.00    0.00    0.00    0.00    0.00    0.00    0.00    0.00    0.00  100.00
16:12:19      45    0.00    0.00    0.00    0.00    0.00    0.00    0.00    0.00    0.00  100.00
16:12:19      46    0.00    0.00    0.00    0.00    0.00    0.00    0.00    0.00    0.00  100.00
16:12:19      47    0.00    0.00    0.00    0.00    0.00    0.00    0.00    0.00    0.00  100.00
16:12:19      48    0.00    0.00    0.00    0.00    0.00    0.00    0.00    0.00    0.00  100.00
16:12:19      49    0.00    0.00    0.00    0.00    0.00    0.00    0.00    0.00    0.00  100.00
16:12:19      50    0.00    0.00    0.00    0.00    0.00    0.00    0.00    0.00    0.00  100.00
16:12:19      51    0.00    0.00    0.00    0.00    0.00    0.00    0.00    0.00    0.00  100.00
16:12:19      52    0.00    0.00    0.00    0.00    0.00    0.00    0.00    0.00    0.00  100.00
16:12:19      53    0.00    0.00    0.00    0.00    0.00    0.00    0.00    0.00    0.00  100.00
16:12:19      54    0.00    0.00    1.00    0.00    0.00    0.00    0.00    0.00    0.00   99.00
16:12:19      55    0.00    0.00    0.00    0.00    0.00    0.00    0.00    0.00    0.00  100.00
16:12:19      56    1.00    0.00    2.00    0.00    0.00    0.00    0.00    0.00    0.00   97.00
16:12:19      57    0.00    0.00    0.00    0.00    0.00    0.00    0.00    0.00    0.00  100.00
16:12:19      58    1.00    0.00    0.00    0.00    0.00    0.00    0.00    0.00    0.00   99.00
16:12:19      59    0.00    0.00    0.00    0.00    0.00    0.00    0.00    0.00    0.00  100.00
16:12:19      60    0.00    0.00    0.00    0.00    0.00    0.00    0.00    0.00    0.00  100.00
16:12:19      61    0.00    0.00    0.00    0.00    0.00    0.00    0.00    0.00    0.00  100.00
16:12:19      62    0.00    0.00    0.00    0.00    0.00    0.00    0.00    0.00    0.00  100.00
16:12:19      63    0.00    0.00    0.00    3.06    0.00    0.00    0.00    0.00    0.00   96.94
16:12:19      64    0.00    0.00    0.00    0.00    0.00    0.00    0.00    0.00    0.00  100.00
16:12:19      65    0.00    0.00    0.00    0.00    0.00    0.00    0.00    0.00    0.00  100.00
16:12:19      66    0.00    0.00    0.00    0.00    0.00    0.00    0.00    0.00    0.00  100.00
16:12:19      67    0.00    0.00    0.00    0.00    0.00    0.00    0.00    0.00    0.00  100.00
16:12:19      68    0.00    0.00    0.00    0.00    0.00    0.00    0.00    0.00    0.00  100.00
16:12:19      69    0.00    0.00    0.00    0.00    0.00    0.00    0.00    0.00    0.00  100.00
16:12:19      70    1.98    0.00    0.00    0.00    0.00    0.00    0.00    0.00    0.00   98.02
16:12:19      71    0.00    0.00    0.00    0.00    0.00    0.00    0.00    0.00    0.00  100.00

16:12:19     CPU    %usr   %nice    %sys %iowait    %irq   %soft  %steal  %guest  %gnice   %idle
16:12:20     all    0.63    0.00    0.43    0.29    0.00    0.00    0.00    0.00    0.00   98.65
16:12:20       0    0.00    0.00    0.00    0.00    0.00    0.00    0.00    0.00    0.00  100.00
16:12:20       1    0.00    0.00    0.00    0.00    0.00    0.00    0.00    0.00    0.00  100.00
16:12:20       2    0.00    0.00    0.00    0.00    0.00    0.00    0.00    0.00    0.00  100.00
16:12:20       3    0.00    0.00    0.00    0.00    0.00    0.00    0.00    0.00    0.00  100.00
16:12:20       4    0.00    0.00    0.00    0.00    0.00    0.00    0.00    0.00    0.00  100.00
16:12:20       5    0.00    0.00    0.00    0.00    0.00    0.00    0.00    0.00    0.00  100.00
16:12:20       6    0.00    0.00    0.00    0.00    0.00    0.00    0.00    0.00    0.00  100.00
16:12:20       7    0.00    0.00    0.00    0.00    0.00    0.00    0.00    0.00    0.00  100.00
16:12:20       8    0.00    0.00    0.00    0.00    0.00    0.00    0.00    0.00    0.00  100.00
16:12:20       9    0.00    0.00    0.00    0.00    0.00    0.00    0.00    0.00    0.00  100.00
16:12:20      10    0.99    0.00    0.00    0.00    0.00    0.00    0.00    0.00    0.00   99.01
16:12:20      11    0.00    0.00    0.00    0.00    0.00    0.00    0.00    0.00    0.00  100.00
16:12:20      12    0.00    0.00    0.00    0.00    0.00    0.00    0.00    0.00    0.00  100.00
16:12:20      13    0.00    0.00    0.00    0.00    0.00    0.00    0.00    0.00    0.00  100.00
16:12:20      14    0.00    0.00    0.00    0.00    0.00    0.00    0.00    0.00    0.00  100.00
16:12:20      15    0.00    0.00    0.00    0.00    0.00    0.00    0.00    0.00    0.00  100.00
16:12:20      16    0.00    0.00    0.00    0.00    0.00    0.00    0.00    0.00    0.00  100.00
16:12:20      17    0.00    0.00    0.00    0.00    0.00    0.00    0.00    0.00    0.00  100.00
16:12:20      18    9.09    0.00    7.07    9.09    0.00    0.00    0.00    0.00    0.00   74.75
16:12:20      19    2.00    0.00    1.00    0.00    0.00    0.00    0.00    0.00    0.00   97.00
16:12:20      20    0.00    0.00    0.99    0.00    0.00    0.00    0.00    0.00    0.00   99.01
16:12:20      21    0.00    0.00    1.00    0.00    0.00    0.00    0.00    0.00    0.00   99.00
16:12:20      22    4.00    0.00    2.00    1.00    0.00    0.00    0.00    0.00    0.00   93.00
16:12:20      23    2.02    0.00    1.01    0.00    0.00    0.00    0.00    0.00    0.00   96.97
16:12:20      24    2.00    0.00    1.00    0.00    0.00    0.00    0.00    0.00    0.00   97.00
16:12:20      25    0.99    0.00    0.99    0.00    0.00    0.00    0.00    0.00    0.00   98.02
16:12:20      26    5.10    0.00    3.06    9.18    0.00    0.00    0.00    0.00    0.00   82.65
16:12:20      27    1.00    0.00    0.00    0.00    0.00    0.00    0.00    0.00    0.00   99.00
16:12:20      28    0.99    0.00    0.00    0.99    0.00    0.00    0.00    0.00    0.00   98.02
16:12:20      29    1.01    0.00    0.00    0.00    0.00    0.00    0.00    0.00    0.00   98.99
16:12:20      30    0.00    0.00    0.00    0.00    0.00    0.00    0.00    0.00    0.00  100.00
16:12:20      31    2.00    0.00    2.00    1.00    0.00    0.00    0.00    0.00    0.00   95.00
16:12:20      32    1.00    0.00    1.00    0.00    0.00    0.00    0.00    0.00    0.00   98.00
16:12:20      33    0.00    0.00    0.00    0.00    0.00    0.00    0.00    0.00    0.00  100.00
16:12:20      34    6.12    0.00    1.02    0.00    0.00    0.00    0.00    0.00    0.00   92.86
16:12:20      35    2.00    0.00    1.00    0.00    0.00    0.00    0.00    0.00    0.00   97.00
16:12:20      36    0.00    0.00    0.00    0.00    0.00    0.00    0.00    0.00    0.00  100.00
16:12:20      37    2.00    0.00    1.00    0.00    0.00    0.00    0.00    0.00    0.00   97.00
16:12:20      38    0.00    0.00    1.01    0.00    0.00    0.00    0.00    0.00    0.00   98.99
16:12:20      39    0.00    0.00    0.00    0.00    0.00    0.00    0.00    0.00    0.00  100.00
16:12:20      40    1.01    0.00    1.01    0.00    0.00    0.00    0.00    0.00    0.00   97.98
16:12:20      41    0.00    0.00    0.00    0.00    0.00    0.00    0.00    0.00    0.00  100.00
16:12:20      42    0.00    0.00    0.00    0.00    0.00    0.00    0.00    0.00    0.00  100.00
16:12:20      43    0.00    0.00    0.00    0.00    0.00    0.00    0.00    0.00    0.00  100.00
16:12:20      44    0.00    0.00    0.00    0.00    0.00    0.00    0.00    0.00    0.00  100.00
16:12:20      45    0.00    0.00    0.00    0.00    0.00    0.00    0.00    0.00    0.00  100.00
16:12:20      46    0.00    0.00    0.00    0.00    0.00    0.00    0.00    0.00    0.00  100.00
16:12:20      47    0.00    0.00    0.00    0.00    0.00    0.00    0.00    0.00    0.00  100.00
16:12:20      48    0.00    0.00    0.00    0.00    0.00    0.00    0.00    0.00    0.00  100.00
16:12:20      49    0.00    0.00    0.00    0.00    0.00    0.00    0.00    0.00    0.00  100.00
16:12:20      50    0.00    0.00    0.00    0.00    0.00    0.00    0.00    0.00    0.00  100.00
16:12:20      51    0.00    0.00    0.00    0.00    0.00    0.00    0.00    0.00    0.00  100.00
16:12:20      52    0.00    0.00    0.00    0.00    0.00    0.00    0.00    0.00    0.00  100.00
16:12:20      53    0.00    0.00    0.00    0.00    0.00    0.00    0.00    0.00    0.00  100.00
16:12:20      54    0.00    0.00    0.00    0.00    0.00    0.00    0.00    0.00    0.00  100.00
16:12:20      55    0.00    0.00    0.00    0.00    0.00    0.00    0.00    0.00    0.00  100.00
16:12:20      56    1.00    0.00    4.00    0.00    0.00    0.00    0.00    0.00    0.00   95.00
16:12:20      57    0.00    0.00    0.00    0.00    0.00    0.00    0.00    0.00    0.00  100.00
16:12:20      58    0.00    0.00    0.00    0.00    0.00    0.00    0.00    0.00    0.00  100.00
16:12:20      59    0.00    0.00    0.00    0.00    0.00    0.00    0.00    0.00    0.00  100.00
16:12:20      60    0.00    0.00    0.00    0.00    0.00    0.00    0.00    0.00    0.00  100.00
16:12:20      61    0.00    0.00    0.00    0.00    0.00    0.00    0.00    0.00    0.00  100.00
16:12:20      62    0.00    0.00    0.00    0.00    0.00    0.00    0.00    0.00    0.00  100.00
16:12:20      63    0.00    0.00    0.00    0.00    0.00    0.00    0.00    0.00    0.00  100.00
16:12:20      64    0.00    0.00    0.00    0.00    0.00    0.00    0.00    0.00    0.00  100.00
16:12:20      65    1.00    0.00    1.00    0.00    0.00    0.00    0.00    0.00    0.00   98.00
16:12:20      66    0.00    0.00    0.00    0.00    0.00    0.00    0.00    0.00    0.00  100.00
16:12:20      67    0.00    0.00    0.00    0.00    0.00    0.00    0.00    0.00    0.00  100.00
16:12:20      68    0.00    0.00    0.00    0.00    0.00    0.00    0.00    0.00    0.00  100.00
16:12:20      69    0.00    0.00    0.00    0.00    0.00    0.00    0.00    0.00    0.00  100.00
16:12:20      70    0.00    0.00    0.00    0.00    0.00    0.00    0.00    0.00    0.00  100.00
16:12:20      71    0.00    0.00    0.00    0.00    0.00    0.00    0.00    0.00    0.00  100.00

16:12:20     CPU    %usr   %nice    %sys %iowait    %irq   %soft  %steal  %guest  %gnice   %idle
16:12:21     all    0.86    0.00    0.46    0.24    0.00    0.00    0.00    0.00    0.00   98.44
16:12:21       0    0.00    0.00    0.00    0.00    0.00    0.00    0.00    0.00    0.00  100.00
16:12:21       1    0.00    0.00    0.00    0.00    0.00    0.00    0.00    0.00    0.00  100.00
16:12:21       2    0.00    0.00    0.00    0.00    0.00    0.00    0.00    0.00    0.00  100.00
16:12:21       3    0.00    0.00    0.00    0.00    0.00    0.00    0.00    0.00    0.00  100.00
16:12:21       4    0.00    0.00    0.00    0.00    0.00    0.00    0.00    0.00    0.00  100.00
16:12:21       5    0.00    0.00    0.00    0.00    0.00    0.00    0.00    0.00    0.00  100.00
16:12:21       6    0.00    0.00    0.00    0.00    0.00    0.00    0.00    0.00    0.00  100.00
16:12:21       7    0.00    0.00    0.00    0.00    0.00    0.00    0.00    0.00    0.00  100.00
16:12:21       8    0.00    0.00    0.00    0.00    0.00    0.00    0.00    0.00    0.00  100.00
16:12:21       9    0.00    0.00    0.00    0.00    0.00    0.00    0.00    0.00    0.00  100.00
16:12:21      10    0.00    0.00    0.00    0.00    0.00    0.00    0.00    0.00    0.00  100.00
16:12:21      11    0.99    0.00    0.00    0.00    0.00    0.00    0.00    0.00    0.00   99.01
16:12:21      12    0.00    0.00    0.00    0.00    0.00    0.00    0.00    0.00    0.00  100.00
16:12:21      13    0.00    0.00    1.01    0.00    0.00    0.00    0.00    0.00    0.00   98.99
16:12:21      14    0.00    0.00    0.00    0.00    0.00    0.00    0.00    0.00    0.00  100.00
16:12:21      15    0.00    0.00    0.00    0.00    0.00    0.00    0.00    0.00    0.00  100.00
16:12:21      16    0.00    0.00    1.00    0.00    0.00    0.00    0.00    0.00    0.00   99.00
16:12:21      17    0.00    0.00    0.99    0.00    0.00    0.00    0.00    0.00    0.00   99.01
16:12:21      18    6.06    0.00    7.07   12.12    0.00    0.00    0.00    0.00    0.00   74.75
16:12:21      19    5.00    0.00    2.00    0.00    0.00    0.00    0.00    0.00    0.00   93.00
16:12:21      20    2.00    0.00    1.00    0.00    0.00    0.00    0.00    0.00    0.00   97.00
16:12:21      21    1.01    0.00    0.00    0.00    0.00    0.00    0.00    0.00    0.00   98.99
16:12:21      22   13.13    0.00    3.03    0.00    0.00    0.00    0.00    0.00    0.00   83.84
16:12:21      23    1.01    0.00    0.00    0.00    0.00    0.00    0.00    0.00    0.00   98.99
16:12:21      24    3.00    0.00    1.00    0.00    0.00    0.00    0.00    0.00    0.00   96.00
16:12:21      25    2.02    0.00    1.01    0.00    0.00    0.00    0.00    0.00    0.00   96.97
16:12:21      26    5.05    0.00    2.02    5.05    0.00    0.00    0.00    0.00    0.00   87.88
16:12:21      27    1.00    0.00    1.00    0.00    0.00    0.00    0.00    0.00    0.00   98.00
16:12:21      28    1.00    0.00    1.00    0.00    0.00    0.00    0.00    0.00    0.00   98.00
16:12:21      29    1.98    0.00    1.98    0.00    0.00    0.00    0.00    0.00    0.00   96.04
16:12:21      30    0.00    0.00    1.00    0.00    0.00    0.00    0.00    0.00    0.00   99.00
16:12:21      31    3.00    0.00    3.00    0.00    0.00    0.00    0.00    0.00    0.00   94.00
16:12:21      32    1.00    0.00    0.00    0.00    0.00    0.00    0.00    0.00    0.00   99.00
16:12:21      33    0.00    0.00    0.00    0.00    0.00    0.00    0.00    0.00    0.00  100.00
16:12:21      34    5.00    0.00    1.00    0.00    0.00    0.00    0.00    0.00    0.00   94.00
16:12:21      35    1.01    0.00    1.01    0.00    0.00    0.00    0.00    0.00    0.00   97.98
16:12:21      36    0.00    0.00    1.01    0.00    0.00    0.00    0.00    0.00    0.00   98.99
16:12:21      37    1.00    0.00    2.00    0.00    0.00    0.00    0.00    0.00    0.00   97.00
16:12:21      38    1.00    0.00    0.00    0.00    0.00    0.00    0.00    0.00    0.00   99.00
16:12:21      39    0.00    0.00    0.00    0.00    0.00    0.00    0.00    0.00    0.00  100.00
16:12:21      40    0.00    0.00    0.00    0.00    0.00    0.00    0.00    0.00    0.00  100.00
16:12:21      41    0.00    0.00    0.00    0.00    0.00    0.00    0.00    0.00    0.00  100.00
16:12:21      42    0.00    0.00    0.00    0.00    0.00    0.00    0.00    0.00    0.00  100.00
16:12:21      43    0.00    0.00    0.00    0.00    0.00    0.00    0.00    0.00    0.00  100.00
16:12:21      44    0.00    0.00    0.00    0.00    0.00    0.00    0.00    0.00    0.00  100.00
16:12:21      45    0.00    0.00    0.00    0.00    0.00    0.00    0.00    0.00    0.00  100.00
16:12:21      46    0.00    0.00    0.00    0.00    0.00    0.00    0.00    0.00    0.00  100.00
16:12:21      47    0.00    0.00    0.00    0.00    0.00    0.00    0.00    0.00    0.00  100.00
16:12:21      48    0.00    0.00    0.00    0.00    0.00    0.00    0.00    0.00    0.00  100.00
16:12:21      49    0.99    0.00    0.00    0.00    0.00    0.00    0.00    0.00    0.00   99.01
16:12:21      50    0.00    0.00    0.00    0.00    0.00    0.00    0.00    0.00    0.00  100.00
16:12:21      51    0.00    0.00    0.00    0.00    0.00    0.00    0.00    0.00    0.00  100.00
16:12:21      52    0.00    0.00    0.00    0.00    0.00    0.00    0.00    0.00    0.00  100.00
16:12:21      53    0.00    0.00    0.00    0.00    0.00    0.00    0.00    0.00    0.00  100.00
16:12:21      54    1.00    0.00    0.00    0.00    0.00    0.00    0.00    0.00    0.00   99.00
16:12:21      55    0.99    0.00    0.00    0.00    0.00    0.00    0.00    0.00    0.00   99.01
16:12:21      56    0.00    0.00    0.00    0.00    0.00    0.00    0.00    0.00    0.00  100.00
16:12:21      57    0.00    0.00    0.00    0.00    0.00    0.00    0.00    0.00    0.00  100.00
16:12:21      58    1.00    0.00    0.00    0.00    0.00    0.00    0.00    0.00    0.00   99.00
16:12:21      59    1.00    0.00    0.00    0.00    0.00    0.00    0.00    0.00    0.00   99.00
16:12:21      60    0.00    0.00    0.00    0.00    0.00    0.00    0.00    0.00    0.00  100.00
16:12:21      61    0.00    0.00    0.00    0.00    0.00    0.00    0.00    0.00    0.00  100.00
16:12:21      62    0.00    0.00    0.00    0.00    0.00    0.00    0.00    0.00    0.00  100.00
16:12:21      63    0.00    0.00    0.00    0.00    0.00    0.00    0.00    0.00    0.00  100.00
16:12:21      64    0.00    0.00    0.00    0.00    0.00    0.00    0.00    0.00    0.00  100.00
16:12:21      65    0.00    0.00    0.00    0.00    0.00    0.00    0.00    0.00    0.00  100.00
16:12:21      66    0.00    0.00    0.00    0.00    0.00    0.00    0.00    0.00    0.00  100.00
16:12:21      67    0.00    0.00    0.00    0.00    0.00    0.00    0.00    0.00    0.00  100.00
16:12:21      68    0.00    0.00    0.00    0.00    0.00    0.00    0.00    0.00    0.00  100.00
16:12:21      69    0.00    0.00    0.00    0.00    0.00    0.00    0.00    0.00    0.00  100.00
16:12:21      70    1.98    0.00    0.00    0.00    0.00    0.00    0.00    0.00    0.00   98.02
16:12:21      71    0.00    0.00    0.00    0.00    0.00    0.00    0.00    0.00    0.00  100.00

16:12:21     CPU    %usr   %nice    %sys %iowait    %irq   %soft  %steal  %guest  %gnice   %idle
16:12:22     all    0.71    0.00    0.40    0.31    0.00    0.00    0.00    0.00    0.00   98.58
16:12:22       0    0.00    0.00    0.00    0.00    0.00    0.00    0.00    0.00    0.00  100.00
16:12:22       1    0.00    0.00    0.00    0.00    0.00    0.00    0.00    0.00    0.00  100.00
16:12:22       2    2.00    0.00    1.00    0.00    0.00    0.00    0.00    0.00    0.00   97.00
16:12:22       3    0.00    0.00    0.00    0.00    0.00    0.00    0.00    0.00    0.00  100.00
16:12:22       4    0.00    0.00    0.00    0.00    0.00    0.00    0.00    0.00    0.00  100.00
16:12:22       5    0.00    0.00    0.00    0.00    0.00    0.00    0.00    0.00    0.00  100.00
16:12:22       6    0.00    0.00    0.00    0.00    0.00    0.00    0.00    0.00    0.00  100.00
16:12:22       7    0.00    0.00    0.00    0.00    0.00    0.00    0.00    0.00    0.00  100.00
16:12:22       8    0.00    0.00    0.00    0.00    0.00    0.00    0.00    0.00    0.00  100.00
16:12:22       9    0.00    0.00    0.00    0.00    0.00    0.00    0.00    0.00    0.00  100.00
16:12:22      10    0.00    0.00    0.00    0.00    0.00    0.00    0.00    0.00    0.00  100.00
16:12:22      11    0.00    0.00    0.00    0.00    0.00    0.00    0.00    0.00    0.00  100.00
16:12:22      12    0.99    0.00    0.00    0.00    0.00    0.00    0.00    0.00    0.00   99.01
16:12:22      13    1.00    0.00    5.00    0.00    0.00    0.00    0.00    0.00    0.00   94.00
16:12:22      14    0.00    0.00    0.00    0.00    0.00    0.00    0.00    0.00    0.00  100.00
16:12:22      15    0.00    0.00    0.00    0.00    0.00    0.00    0.00    0.00    0.00  100.00
16:12:22      16    0.00    0.00    1.00    0.00    0.00    0.00    0.00    0.00    0.00   99.00
16:12:22      17    0.00    0.00    0.00    0.00    0.00    0.00    0.00    0.00    0.00  100.00
16:12:22      18    6.06    0.00    5.05    0.00    0.00    0.00    0.00    0.00    0.00   88.89
16:12:22      19    2.02    0.00    0.00    0.00    0.00    0.00    0.00    0.00    0.00   97.98
16:12:22      20    3.03    0.00    0.00    0.00    0.00    0.00    0.00    0.00    0.00   96.97
16:12:22      21    2.00    0.00    0.00    0.00    0.00    0.00    0.00    0.00    0.00   98.00
16:12:22      22    5.05    0.00    2.02    1.01    0.00    0.00    0.00    0.00    0.00   91.92
16:12:22      23    1.98    0.00    1.98    0.00    0.00    0.00    0.00    0.00    0.00   96.04
16:12:22      24    3.00    0.00    2.00    0.00    0.00    0.00    0.00    0.00    0.00   95.00
16:12:22      25    1.01    0.00    0.00    0.00    0.00    0.00    0.00    0.00    0.00   98.99
16:12:22      26    3.00    0.00    2.00    5.00    0.00    0.00    0.00    0.00    0.00   90.00
16:12:22      27    0.99    0.00    0.00    2.97    0.00    0.00    0.00    0.00    0.00   96.04
16:12:22      28    3.00    0.00    0.00    0.00    0.00    0.00    0.00    0.00    0.00   97.00
16:12:22      29    0.00    0.00    0.00    0.00    0.00    0.00    0.00    0.00    0.00  100.00
16:12:22      30    0.99    0.00    0.99    0.00    0.00    0.00    0.00    0.00    0.00   98.02
16:12:22      31    1.00    0.00    0.00    0.00    0.00    0.00    0.00    0.00    0.00   99.00
16:12:22      32    0.00    0.00    0.00    0.00    0.00    0.00    0.00    0.00    0.00  100.00
16:12:22      33    0.00    0.00    0.00    0.00    0.00    0.00    0.00    0.00    0.00  100.00
16:12:22      34    5.10    0.00    2.04    0.00    0.00    0.00    0.00    0.00    0.00   92.86
16:12:22      35    2.97    0.00    0.99    0.00    0.00    0.00    0.00    0.00    0.00   96.04
16:12:22      36    1.00    0.00    0.00    0.00    0.00    0.00    0.00    0.00    0.00   99.00
16:12:22      37    1.01    0.00    0.00    0.00    0.00    0.00    0.00    0.00    0.00   98.99
16:12:22      38    0.00    0.00    0.00    0.00    0.00    0.00    0.00    0.00    0.00  100.00
16:12:22      39    0.00    0.00    0.00    0.00    0.00    0.00    0.00    0.00    0.00  100.00
16:12:22      40    0.00    0.00    0.00    0.00    0.00    0.00    0.00    0.00    0.00  100.00
16:12:22      41    0.00    0.00    0.99    0.00    0.00    0.00    0.00    0.00    0.00   99.01
16:12:22      42    0.00    0.00    0.00    0.00    0.00    0.00    0.00    0.00    0.00  100.00
16:12:22      43    0.00    0.00    0.00    0.00    0.00    0.00    0.00    0.00    0.00  100.00
16:12:22      44    1.00    0.00    0.00    0.00    0.00    0.00    0.00    0.00    0.00   99.00
16:12:22      45    0.00    0.00    0.00    0.00    0.00    0.00    0.00    0.00    0.00  100.00
16:12:22      46    0.99    0.00    0.00    0.00    0.00    0.00    0.00    0.00    0.00   99.01
16:12:22      47    0.00    0.00    0.00    0.00    0.00    0.00    0.00    0.00    0.00  100.00
16:12:22      48    0.00    0.00    0.00    0.00    0.00    0.00    0.00    0.00    0.00  100.00
16:12:22      49    0.00    0.00    0.00    0.00    0.00    0.00    0.00    0.00    0.00  100.00
16:12:22      50    0.00    0.00    0.00    0.00    0.00    0.00    0.00    0.00    0.00  100.00
16:12:22      51    0.00    0.00    0.00    0.00    0.00    0.00    0.00    0.00    0.00  100.00
16:12:22      52    0.00    0.00    0.00    0.00    0.00    0.00    0.00    0.00    0.00  100.00
16:12:22      53    0.00    0.00    0.00    0.00    0.00    0.00    0.00    0.00    0.00  100.00
16:12:22      54    1.01    0.00    3.03    0.00    0.00    0.00    0.00    0.00    0.00   95.96
16:12:22      55    0.00    0.00    0.00    0.00    0.00    0.00    0.00    0.00    0.00  100.00
16:12:22      56    0.00    0.00    0.00    0.00    0.00    0.00    0.00    0.00    0.00  100.00
16:12:22      57    0.00    0.00    0.00    0.00    0.00    0.00    0.00    0.00    0.00  100.00
16:12:22      58    0.00    0.00    0.00    0.00    0.00    0.00    0.00    0.00    0.00  100.00
16:12:22      59    0.00    0.00    0.00    0.00    0.00    0.00    0.00    0.00    0.00  100.00
16:12:22      60    0.00    0.00    0.00    0.00    0.00    0.00    0.00    0.00    0.00  100.00
16:12:22      61    0.00    0.00    0.00    0.00    0.00    0.00    0.00    0.00    0.00  100.00
16:12:22      62    0.99    0.00    0.99    0.00    0.00    0.00    0.00    0.00    0.00   98.02
16:12:22      63    0.00    0.00    0.00    0.00    0.00    0.00    0.00    0.00    0.00  100.00
16:12:22      64    0.00    0.00    0.00    0.00    0.00    0.00    0.00    0.00    0.00  100.00
16:12:22      65    0.00    0.00    0.00   13.13    0.00    0.00    0.00    0.00    0.00   86.87
16:12:22      66    0.00    0.00    0.00    0.00    0.00    0.00    0.00    0.00    0.00  100.00
16:12:22      67    0.00    0.00    0.00    0.00    0.00    0.00    0.00    0.00    0.00  100.00
16:12:22      68    0.00    0.00    0.00    0.00    0.00    0.00    0.00    0.00    0.00  100.00
16:12:22      69    0.00    0.00    0.00    0.00    0.00    0.00    0.00    0.00    0.00  100.00
16:12:22      70    0.00    0.00    0.00    0.00    0.00    0.00    0.00    0.00    0.00  100.00
16:12:22      71    0.00    0.00    0.00    0.00    0.00    0.00    0.00    0.00    0.00  100.00

16:12:22     CPU    %usr   %nice    %sys %iowait    %irq   %soft  %steal  %guest  %gnice   %idle
16:12:23     all    0.86    0.00    0.56    0.26    0.00    0.00    0.00    0.00    0.00   98.32
16:12:23       0    0.00    0.00    0.00    0.00    0.00    0.00    0.00    0.00    0.00  100.00
16:12:23       1    0.00    0.00    1.00    0.00    0.00    0.00    0.00    0.00    0.00   99.00
16:12:23       2    0.00    0.00    0.00    0.00    0.00    0.00    0.00    0.00    0.00  100.00
16:12:23       3    0.00    0.00    0.00    0.00    0.00    0.00    0.00    0.00    0.00  100.00
16:12:23       4    0.00    0.00    0.00    0.00    0.00    0.00    0.00    0.00    0.00  100.00
16:12:23       5    0.00    0.00    0.00    0.00    0.00    0.00    0.00    0.00    0.00  100.00
16:12:23       6    0.00    0.00    0.00    0.00    0.00    0.00    0.00    0.00    0.00  100.00
16:12:23       7    0.00    0.00    0.00    0.00    0.00    0.00    0.00    0.00    0.00  100.00
16:12:23       8    0.00    0.00    0.00    0.00    0.00    0.00    0.00    0.00    0.00  100.00
16:12:23       9    0.00    0.00    0.00    0.00    0.00    0.00    0.00    0.00    0.00  100.00
16:12:23      10    0.00    0.00    0.99    0.00    0.00    0.00    0.00    0.00    0.00   99.01
16:12:23      11    0.00    0.00    0.00    0.00    0.00    0.00    0.00    0.00    0.00  100.00
16:12:23      12    0.00    0.00    1.00    0.00    0.00    0.00    0.00    0.00    0.00   99.00
16:12:23      13    0.99    0.00    2.97    0.00    0.00    0.00    0.00    0.00    0.00   96.04
16:12:23      14    0.98    0.00    0.98    0.00    0.00    0.00    0.00    0.00    0.00   98.04
16:12:23      15    0.00    0.00    0.00    0.00    0.00    0.00    0.00    0.00    0.00  100.00
16:12:23      16    0.00    0.00    0.00    0.00    0.00    0.00    0.00    0.00    0.00  100.00
16:12:23      17    0.00    0.00    0.00    0.00    0.00    0.00    0.00    0.00    0.00  100.00
16:12:23      18    5.10    0.00    2.04    0.00    0.00    0.00    0.00    0.00    0.00   92.86
16:12:23      19    4.04    0.00    0.00    0.00    0.00    0.00    0.00    0.00    0.00   95.96
16:12:23      20    1.00    0.00    1.00    0.00    0.00    0.00    0.00    0.00    0.00   98.00
16:12:23      21    2.00    0.00    1.00    0.00    0.00    0.00    0.00    0.00    0.00   97.00
16:12:23      22    9.09    0.00    4.04    0.00    0.00    0.00    0.00    0.00    0.00   86.87
16:12:23      23    3.03    0.00    1.01    0.00    0.00    0.00    0.00    0.00    0.00   95.96
16:12:23      24    1.01    0.00    1.01    0.00    0.00    0.00    0.00    0.00    0.00   97.98
16:12:23      25    1.98    0.00    2.97    0.00    0.00    0.00    0.00    0.00    0.00   95.05
16:12:23      26   18.00    0.00    2.00    0.00    0.00    0.00    0.00    0.00    0.00   80.00
16:12:23      27    1.01    0.00    2.02    0.00    0.00    0.00    0.00    0.00    0.00   96.97
16:12:23      28    0.00    0.00    0.00    0.00    0.00    0.00    0.00    0.00    0.00  100.00
16:12:23      29    0.00    0.00    1.00    0.00    0.00    0.00    0.00    0.00    0.00   99.00
16:12:23      30    0.00    0.00    0.00    0.00    0.00    0.00    0.00    0.00    0.00  100.00
16:12:23      31    0.00    0.00    0.00    0.00    0.00    0.00    0.00    0.00    0.00  100.00
16:12:23      32    1.01    0.00    0.00    0.00    0.00    0.00    0.00    0.00    0.00   98.99
16:12:23      33    1.00    0.00    0.00    0.00    0.00    0.00    0.00    0.00    0.00   99.00
16:12:23      34    5.00    0.00    3.00    1.00    0.00    0.00    0.00    0.00    0.00   91.00
16:12:23      35    1.00    0.00    2.00    0.00    0.00    0.00    0.00    0.00    0.00   97.00
16:12:23      36    0.00    0.00    1.01    0.00    0.00    0.00    0.00    0.00    0.00   98.99
16:12:23      37    0.99    0.00    1.98    0.00    0.00    0.00    0.00    0.00    0.00   97.03
16:12:23      38    0.00    0.00    0.99    0.00    0.00    0.00    0.00    0.00    0.00   99.01
16:12:23      39    0.00    0.00    0.00    0.00    0.00    0.00    0.00    0.00    0.00  100.00
16:12:23      40    0.00    0.00    0.00    0.00    0.00    0.00    0.00    0.00    0.00  100.00
16:12:23      41    0.00    0.00    0.00    0.00    0.00    0.00    0.00    0.00    0.00  100.00
16:12:23      42    0.00    0.00    0.00    0.00    0.00    0.00    0.00    0.00    0.00  100.00
16:12:23      43    0.00    0.00    0.00    0.00    0.00    0.00    0.00    0.00    0.00  100.00
16:12:23      44    1.00    0.00    0.00    0.00    0.00    0.00    0.00    0.00    0.00   99.00
16:12:23      45    0.00    0.00    0.00    0.00    0.00    0.00    0.00    0.00    0.00  100.00
16:12:23      46    0.00    0.00    0.00    0.00    0.00    0.00    0.00    0.00    0.00  100.00
16:12:23      47    0.00    0.00    0.00    0.00    0.00    0.00    0.00    0.00    0.00  100.00
16:12:23      48    0.00    0.00    0.00    0.00    0.00    0.00    0.00    0.00    0.00  100.00
16:12:23      49    0.00    0.00    0.00    0.00    0.00    0.00    0.00    0.00    0.00  100.00
16:12:23      50    0.00    0.00    0.00    0.00    0.00    0.00    0.00    0.00    0.00  100.00
16:12:23      51    0.00    0.00    0.00    0.00    0.00    0.00    0.00    0.00    0.00  100.00
16:12:23      52    0.00    0.00    0.00    0.00    0.00    0.00    0.00    0.00    0.00  100.00
16:12:23      53    0.00    0.00    0.00    0.00    0.00    0.00    0.00    0.00    0.00  100.00
16:12:23      54    2.00    0.00    5.00    0.00    0.00    0.00    0.00    0.00    0.00   93.00
16:12:23      55    0.00    0.00    1.00    0.00    0.00    0.00    0.00    0.00    0.00   99.00
16:12:23      56    0.00    0.00    0.00    0.00    0.00    0.00    0.00    0.00    0.00  100.00
16:12:23      57    0.00    0.00    0.00    0.00    0.00    0.00    0.00    0.00    0.00  100.00
16:12:23      58    1.00    0.00    0.00    0.00    0.00    0.00    0.00    0.00    0.00   99.00
16:12:23      59    0.00    0.00    0.00    0.00    0.00    0.00    0.00    0.00    0.00  100.00
16:12:23      60    0.00    0.00    0.00    0.00    0.00    0.00    0.00    0.00    0.00  100.00
16:12:23      61    0.00    0.00    0.00    0.00    0.00    0.00    0.00    0.00    0.00  100.00
16:12:23      62    1.00    0.00    0.00    0.00    0.00    0.00    0.00    0.00    0.00   99.00
16:12:23      63    0.00    0.00    0.00    0.00    0.00    0.00    0.00    0.00    0.00  100.00
16:12:23      64    0.00    0.00    0.00    0.00    0.00    0.00    0.00    0.00    0.00  100.00
16:12:23      65    0.00    0.00    0.00    0.00    0.00    0.00    0.00    0.00    0.00  100.00
16:12:23      66    0.00    0.00    0.00   18.18    0.00    0.00    0.00    0.00    0.00   81.82
16:12:23      67    0.00    0.00    0.00    0.00    0.00    0.00    0.00    0.00    0.00  100.00
16:12:23      68    0.00    0.00    0.00    0.00    0.00    0.00    0.00    0.00    0.00  100.00
16:12:23      69    0.00    0.00    0.00    0.00    0.00    0.00    0.00    0.00    0.00  100.00
16:12:23      70    0.00    0.00    0.00    0.00    0.00    0.00    0.00    0.00    0.00  100.00
16:12:23      71    0.00    0.00    0.00    0.00    0.00    0.00    0.00    0.00    0.00  100.00

16:12:23     CPU    %usr   %nice    %sys %iowait    %irq   %soft  %steal  %guest  %gnice   %idle
16:12:24     all    0.79    0.00    0.65    0.31    0.00    0.00    0.00    0.00    0.00   98.25
16:12:24       0    0.00    0.00    0.00    0.00    0.00    0.00    0.00    0.00    0.00  100.00
16:12:24       1    0.00    0.00    7.07    0.00    0.00    0.00    0.00    0.00    0.00   92.93
16:12:24       2    0.00    0.00    1.00    0.00    0.00    0.00    0.00    0.00    0.00   99.00
16:12:24       3    1.01    0.00    1.01    0.00    0.00    0.00    0.00    0.00    0.00   97.98
16:12:24       4    0.00    0.00    1.00    0.00    0.00    0.00    0.00    0.00    0.00   99.00
16:12:24       5    0.00    0.00    0.00    0.00    0.00    0.00    0.00    0.00    0.00  100.00
16:12:24       6    0.00    0.00    0.00    0.00    0.00    0.00    0.00    0.00    0.00  100.00
16:12:24       7    0.00    0.00    0.00    0.00    0.00    0.00    0.00    0.00    0.00  100.00
16:12:24       8    0.00    0.00    0.00    0.00    0.00    0.00    0.00    0.00    0.00  100.00
16:12:24       9    0.00    0.00    0.00    0.00    0.00    0.00    0.00    0.00    0.00  100.00
16:12:24      10    0.00    0.00    0.00    0.00    0.00    0.00    0.00    0.00    0.00  100.00
16:12:24      11    0.00    0.00    0.00    0.00    0.00    0.00    0.00    0.00    0.00  100.00
16:12:24      12    0.00    0.00    0.00    0.00    0.00    0.00    0.00    0.00    0.00  100.00
16:12:24      13    0.00    0.00    0.00    0.00    0.00    0.00    0.00    0.00    0.00  100.00
16:12:24      14    0.00    0.00    0.00    0.00    0.00    0.00    0.00    0.00    0.00  100.00
16:12:24      15    0.00    0.00    0.00    0.00    0.00    0.00    0.00    0.00    0.00  100.00
16:12:24      16    0.00    0.00    0.00    0.00    0.00    0.00    0.00    0.00    0.00  100.00
16:12:24      17    0.00    0.00    0.00    0.00    0.00    0.00    0.00    0.00    0.00  100.00
16:12:24      18    7.00    0.00    4.00    1.00    0.00    0.00    0.00    0.00    0.00   88.00
16:12:24      19    1.00    0.00    3.00    1.00    0.00    0.00    0.00    0.00    0.00   95.00
16:12:24      20    3.00    0.00    0.00    0.00    0.00    0.00    0.00    0.00    0.00   97.00
16:12:24      21    0.00    0.00    0.00    0.00    0.00    0.00    0.00    0.00    0.00  100.00
16:12:24      22    9.00    0.00    3.00    4.00    0.00    0.00    0.00    0.00    0.00   84.00
16:12:24      23    2.97    0.00    2.97    0.99    0.00    0.00    0.00    0.00    0.00   93.07
16:12:24      24    2.97    0.00    0.99    0.00    0.00    0.00    0.00    0.00    0.00   96.04
16:12:24      25    1.01    0.00    1.01    1.01    0.00    0.00    0.00    0.00    0.00   96.97
16:12:24      26    8.08    0.00    2.02    0.00    0.00    0.00    0.00    0.00    0.00   89.90
16:12:24      27    1.00    0.00    0.00    0.00    0.00    0.00    0.00    0.00    0.00   99.00
16:12:24      28    1.00    0.00    2.00    0.00    0.00    0.00    0.00    0.00    0.00   97.00
16:12:24      29    0.00    0.00    0.00    0.00    0.00    0.00    0.00    0.00    0.00  100.00
16:12:24      30    0.00    0.00    0.00    0.00    0.00    0.00    0.00    0.00    0.00  100.00
16:12:24      31    0.00    0.00    0.00    0.00    0.00    0.00    0.00    0.00    0.00  100.00
16:12:24      32    0.00    0.00    0.00    0.00    0.00    0.00    0.00    0.00    0.00  100.00
16:12:24      33    0.00    0.00    0.00    0.00    0.00    0.00    0.00    0.00    0.00  100.00
16:12:24      34    7.14    0.00    2.04    0.00    0.00    0.00    0.00    0.00    0.00   90.82
16:12:24      35    1.98    0.00    2.97    0.00    0.00    0.00    0.00    0.00    0.00   95.05
16:12:24      36    0.99    0.00    0.99    0.00    0.00    0.00    0.00    0.00    0.00   98.02
16:12:24      37    1.00    0.00    1.00    0.00    0.00    0.00    0.00    0.00    0.00   98.00
16:12:24      38    0.00    0.00    0.00    0.00    0.00    0.00    0.00    0.00    0.00  100.00
16:12:24      39    0.00    0.00    0.00    0.00    0.00    0.00    0.00    0.00    0.00  100.00
16:12:24      40    0.00    0.00    0.00    0.00    0.00    0.00    0.00    0.00    0.00  100.00
16:12:24      41    1.00    0.00    0.00    0.00    0.00    0.00    0.00    0.00    0.00   99.00
16:12:24      42    0.00    0.00    0.00    0.00    0.00    0.00    0.00    0.00    0.00  100.00
16:12:24      43    0.99    0.00    0.00    0.00    0.00    0.00    0.00    0.00    0.00   99.01
16:12:24      44    0.00    0.00    0.00    0.00    0.00    0.00    0.00    0.00    0.00  100.00
16:12:24      45    0.00    0.00    0.00    0.00    0.00    0.00    0.00    0.00    0.00  100.00
16:12:24      46    0.00    0.00    0.00    0.00    0.00    0.00    0.00    0.00    0.00  100.00
16:12:24      47    0.00    0.00    0.00    0.00    0.00    0.00    0.00    0.00    0.00  100.00
16:12:24      48    0.00    0.00    0.00    0.00    0.00    0.00    0.00    0.00    0.00  100.00
16:12:24      49    0.00    0.00    0.00    0.00    0.00    0.00    0.00    0.00    0.00  100.00
16:12:24      50    0.00    0.00    0.00    0.00    0.00    0.00    0.00    0.00    0.00  100.00
16:12:24      51    0.00    0.00    0.00    0.00    0.00    0.00    0.00    0.00    0.00  100.00
16:12:24      52    0.00    0.00    0.00    0.00    0.00    0.00    0.00    0.00    0.00  100.00
16:12:24      53    0.99    0.00    0.00    0.00    0.00    0.00    0.00    0.00    0.00   99.01
16:12:24      54    1.00    0.00    6.00    0.00    0.00    0.00    0.00    0.00    0.00   93.00
16:12:24      55    0.00    0.00    0.00    0.00    0.00    0.00    0.00    0.00    0.00  100.00
16:12:24      56    0.00    0.00    0.00    0.00    0.00    0.00    0.00    0.00    0.00  100.00
16:12:24      57    0.00    0.00    0.00    0.00    0.00    0.00    0.00    0.00    0.00  100.00
16:12:24      58    0.99    0.00    0.99    0.00    0.00    0.00    0.00    0.00    0.00   98.02
16:12:24      59    0.00    0.00    0.00    0.00    0.00    0.00    0.00    0.00    0.00  100.00
16:12:24      60    2.00    0.00    2.00    0.00    0.00    0.00    0.00    0.00    0.00   96.00
16:12:24      61    0.00    0.00    0.00    0.00    0.00    0.00    0.00    0.00    0.00  100.00
16:12:24      62    0.00    0.00    0.00    0.00    0.00    0.00    0.00    0.00    0.00  100.00
16:12:24      63    0.00    0.00    0.00    0.00    0.00    0.00    0.00    0.00    0.00  100.00
16:12:24      64    0.00    0.00    0.00    0.00    0.00    0.00    0.00    0.00    0.00  100.00
16:12:24      65    1.00    0.00    0.00    0.00    0.00    0.00    0.00    0.00    0.00   99.00
16:12:24      66    0.00    0.00    0.99   13.86    0.00    0.00    0.00    0.00    0.00   85.15
16:12:24      67    0.00    0.00    0.99    0.00    0.00    0.00    0.00    0.00    0.00   99.01
16:12:24      68    0.00    0.00    0.00    0.00    0.00    0.00    0.00    0.00    0.00  100.00
16:12:24      69    0.00    0.00    0.00    0.00    0.00    0.00    0.00    0.00    0.00  100.00
16:12:24      70    0.00    0.00    0.00    0.00    0.00    0.00    0.00    0.00    0.00  100.00
16:12:24      71    0.00    0.00    0.00    0.00    0.00    0.00    0.00    0.00    0.00  100.00

16:12:24     CPU    %usr   %nice    %sys %iowait    %irq   %soft  %steal  %guest  %gnice   %idle
16:12:25     all    0.78    0.00    0.43    0.28    0.00    0.00    0.00    0.00    0.00   98.51
16:12:25       0    2.08    0.00    0.00    0.00    0.00    0.00    0.00    0.00    0.00   97.92
16:12:25       1    0.00    0.00    1.00    0.00    0.00    0.00    0.00    0.00    0.00   99.00
16:12:25       2    0.00    0.00    1.00    0.00    0.00    0.00    0.00    0.00    0.00   99.00
16:12:25       3    1.02    0.00    0.00    0.00    0.00    0.00    0.00    0.00    0.00   98.98
16:12:25       4    0.00    0.00    0.00    0.00    0.00    0.00    0.00    0.00    0.00  100.00
16:12:25       5    0.00    0.00    0.00    0.00    0.00    0.00    0.00    0.00    0.00  100.00
16:12:25       6    0.00    0.00    0.00    0.00    0.00    0.00    0.00    0.00    0.00  100.00
16:12:25       7    0.00    0.00    0.00    0.00    0.00    0.00    0.00    0.00    0.00  100.00
16:12:25       8    0.00    0.00    0.00    0.00    0.00    0.00    0.00    0.00    0.00  100.00
16:12:25       9    0.00    0.00    0.00    0.00    0.00    0.00    0.00    0.00    0.00  100.00
16:12:25      10    0.00    0.00    0.00    0.00    0.00    0.00    0.00    0.00    0.00  100.00
16:12:25      11    0.00    0.00    0.00    0.00    0.00    0.00    0.00    0.00    0.00  100.00
16:12:25      12    0.00    0.00    1.00    0.00    0.00    0.00    0.00    0.00    0.00   99.00
16:12:25      13    0.00    0.00    0.00    0.00    0.00    0.00    0.00    0.00    0.00  100.00
16:12:25      14    0.00    0.00    0.00    0.00    0.00    0.00    0.00    0.00    0.00  100.00
16:12:25      15    0.00    0.00    0.00    0.00    0.00    0.00    0.00    0.00    0.00  100.00
16:12:25      16    0.00    0.00    0.00    0.00    0.00    0.00    0.00    0.00    0.00  100.00
16:12:25      17    0.00    0.00    0.00    0.00    0.00    0.00    0.00    0.00    0.00  100.00
16:12:25      18    9.09    0.00    3.03    0.00    0.00    0.00    0.00    0.00    0.00   87.88
16:12:25      19    2.00    0.00    1.00    0.00    0.00    0.00    0.00    0.00    0.00   97.00
16:12:25      20    1.00    0.00    1.00    0.00    0.00    0.00    0.00    0.00    0.00   98.00
16:12:25      21    1.98    0.00    0.99    0.00    0.00    0.00    0.00    0.00    0.00   97.03
16:12:25      22   12.12    0.00    2.02    3.03    0.00    0.00    0.00    0.00    0.00   82.83
16:12:25      23    2.02    0.00    2.02    0.00    0.00    0.00    0.00    0.00    0.00   95.96
16:12:25      24    3.03    0.00    2.02    0.00    0.00    0.00    0.00    0.00    0.00   94.95
16:12:25      25    1.00    0.00    0.00    0.00    0.00    0.00    0.00    0.00    0.00   99.00
16:12:25      26    5.05    0.00    2.02    0.00    0.00    0.00    0.00    0.00    0.00   92.93
16:12:25      27    1.00    0.00    1.00    0.00    0.00    0.00    0.00    0.00    0.00   98.00
16:12:25      28    1.98    0.00    1.98    0.00    0.00    0.00    0.00    0.00    0.00   96.04
16:12:25      29    0.00    0.00    0.00    0.00    0.00    0.00    0.00    0.00    0.00  100.00
16:12:25      30    0.00    0.00    0.00    0.00    0.00    0.00    0.00    0.00    0.00  100.00
16:12:25      31    0.00    0.00    0.00    0.00    0.00    0.00    0.00    0.00    0.00  100.00
16:12:25      32    0.00    0.00    0.99    0.00    0.00    0.00    0.00    0.00    0.00   99.01
16:12:25      33    0.00    0.00    0.00    0.00    0.00    0.00    0.00    0.00    0.00  100.00
16:12:25      34    4.04    0.00    1.01    0.00    0.00    0.00    0.00    0.00    0.00   94.95
16:12:25      35    2.00    0.00    0.00    0.00    0.00    0.00    0.00    0.00    0.00   98.00
16:12:25      36    0.00    0.00    0.00    0.00    0.00    0.00    0.00    0.00    0.00  100.00
16:12:25      37    0.00    0.00    0.00    0.00    0.00    0.00    0.00    0.00    0.00  100.00
16:12:25      38    0.00    0.00    0.00    0.00    0.00    0.00    0.00    0.00    0.00  100.00
16:12:25      39    1.00    0.00    1.00    0.00    0.00    0.00    0.00    0.00    0.00   98.00
16:12:25      40    1.02    0.00    1.02    0.00    0.00    0.00    0.00    0.00    0.00   97.96
16:12:25      41    0.00    0.00    0.00    0.00    0.00    0.00    0.00    0.00    0.00  100.00
16:12:25      42    0.00    0.00    0.00    0.00    0.00    0.00    0.00    0.00    0.00  100.00
16:12:25      43    0.00    0.00    1.00    0.00    0.00    0.00    0.00    0.00    0.00   99.00
16:12:25      44    0.00    0.00    0.00    0.00    0.00    0.00    0.00    0.00    0.00  100.00
16:12:25      45    0.99    0.00    0.00    0.00    0.00    0.00    0.00    0.00    0.00   99.01
16:12:25      46    0.00    0.00    0.00    0.00    0.00    0.00    0.00    0.00    0.00  100.00
16:12:25      47    0.00    0.00    0.00    0.00    0.00    0.00    0.00    0.00    0.00  100.00
16:12:25      48    0.00    0.00    0.00    0.00    0.00    0.00    0.00    0.00    0.00  100.00
16:12:25      49    0.00    0.00    0.00    0.00    0.00    0.00    0.00    0.00    0.00  100.00
16:12:25      50    0.00    0.00    0.00    0.00    0.00    0.00    0.00    0.00    0.00  100.00
16:12:25      51    0.00    0.00    0.00    0.00    0.00    0.00    0.00    0.00    0.00  100.00
16:12:25      52    0.00    0.00    0.00    0.00    0.00    0.00    0.00    0.00    0.00  100.00
16:12:25      53    0.00    0.00    0.00    0.00    0.00    0.00    0.00    0.00    0.00  100.00
16:12:25      54    2.00    0.00    5.00    0.00    0.00    0.00    0.00    0.00    0.00   93.00
16:12:25      55    0.00    0.00    0.00    0.00    0.00    0.00    0.00    0.00    0.00  100.00
16:12:25      56    0.00    0.00    0.00    0.00    0.00    0.00    0.00    0.00    0.00  100.00
16:12:25      57    0.00    0.00    0.00    0.00    0.00    0.00    0.00    0.00    0.00  100.00
16:12:25      58    0.00    0.00    0.00    0.00    0.00    0.00    0.00    0.00    0.00  100.00
16:12:25      59    0.00    0.00    0.00    0.00    0.00    0.00    0.00    0.00    0.00  100.00
16:12:25      60    1.00    0.00    0.00    0.00    0.00    0.00    0.00    0.00    0.00   99.00
16:12:25      61    0.00    0.00    0.00    0.00    0.00    0.00    0.00    0.00    0.00  100.00
16:12:25      62    1.01    0.00    0.00    0.00    0.00    0.00    0.00    0.00    0.00   98.99
16:12:25      63    0.00    0.00    0.00    0.00    0.00    0.00    0.00    0.00    0.00  100.00
16:12:25      64    0.00    0.00    0.00    0.00    0.00    0.00    0.00    0.00    0.00  100.00
16:12:25      65    0.00    0.00    1.00   17.00    0.00    0.00    0.00    0.00    0.00   82.00
16:12:25      66    0.00    0.00    0.00    0.00    0.00    0.00    0.00    0.00    0.00  100.00
16:12:25      67    0.00    0.00    0.00    0.00    0.00    0.00    0.00    0.00    0.00  100.00
16:12:25      68    0.00    0.00    0.00    0.00    0.00    0.00    0.00    0.00    0.00  100.00
16:12:25      69    0.00    0.00    0.00    0.00    0.00    0.00    0.00    0.00    0.00  100.00
16:12:25      70    0.00    0.00    0.00    0.00    0.00    0.00    0.00    0.00    0.00  100.00
16:12:25      71    0.00    0.00    0.00    0.00    0.00    0.00    0.00    0.00    0.00  100.00

16:12:25     CPU    %usr   %nice    %sys %iowait    %irq   %soft  %steal  %guest  %gnice   %idle
16:12:26     all    0.83    0.00    0.45    0.25    0.00    0.01    0.00    0.00    0.00   98.46
16:12:26       0    0.00    0.00    0.00    0.00    0.00    0.00    0.00    0.00    0.00  100.00
16:12:26       1    1.00    0.00    0.00    0.00    0.00    0.00    0.00    0.00    0.00   99.00
16:12:26       2    1.02    0.00    2.04    0.00    0.00    0.00    0.00    0.00    0.00   96.94
16:12:26       3    0.99    0.00    0.99    0.00    0.00    0.00    0.00    0.00    0.00   98.02
16:12:26       4    0.00    0.00    0.00    0.00    0.00    0.00    0.00    0.00    0.00  100.00
16:12:26       5    0.00    0.00    0.00    0.00    0.00    0.00    0.00    0.00    0.00  100.00
16:12:26       6    0.00    0.00    0.00    0.00    0.00    0.00    0.00    0.00    0.00  100.00
16:12:26       7    0.00    0.00    0.00    0.00    0.00    0.00    0.00    0.00    0.00  100.00
16:12:26       8    0.00    0.00    0.00    0.00    0.00    0.00    0.00    0.00    0.00  100.00
16:12:26       9    0.00    0.00    0.00    0.00    0.00    0.00    0.00    0.00    0.00  100.00
16:12:26      10    0.00    0.00    0.00    0.00    0.00    0.00    0.00    0.00    0.00  100.00
16:12:26      11    0.00    0.00    0.00    0.00    0.00    0.00    0.00    0.00    0.00  100.00
16:12:26      12    0.00    0.00    0.00    0.00    0.00    0.00    0.00    0.00    0.00  100.00
16:12:26      13    0.00    0.00    0.00    0.00    0.00    0.00    0.00    0.00    0.00  100.00
16:12:26      14    0.00    0.00    0.00    0.00    0.00    0.00    0.00    0.00    0.00  100.00
16:12:26      15    0.00    0.00    0.00    0.00    0.00    0.00    0.00    0.00    0.00  100.00
16:12:26      16    0.99    0.00    0.99    0.00    0.00    0.00    0.00    0.00    0.00   98.02
16:12:26      17    0.00    0.00    0.00    0.00    0.00    0.00    0.00    0.00    0.00  100.00
16:12:26      18    7.00    0.00    3.00    0.00    0.00    0.00    0.00    0.00    0.00   90.00
16:12:26      19    1.00    0.00    1.00    0.00    0.00    0.00    0.00    0.00    0.00   98.00
16:12:26      20    2.00    0.00    0.00    0.00    0.00    0.00    0.00    0.00    0.00   98.00
16:12:26      21    2.04    0.00    0.00    0.00    0.00    0.00    0.00    0.00    0.00   97.96
16:12:26      22    5.10    0.00    2.04    0.00    0.00    0.00    0.00    0.00    0.00   92.86
16:12:26      23    6.93    0.00    1.98    0.00    0.00    0.00    0.00    0.00    0.00   91.09
16:12:26      24    1.00    0.00    1.00    0.00    0.00    0.00    0.00    0.00    0.00   98.00
16:12:26      25    1.01    0.00    1.01    0.00    0.00    0.00    0.00    0.00    0.00   97.98
16:12:26      26    6.93    0.00    0.99    0.99    0.00    0.00    0.00    0.00    0.00   91.09
16:12:26      27    1.00    0.00    1.00    0.00    0.00    0.00    0.00    0.00    0.00   98.00
16:12:26      28    1.02    0.00    1.02    0.00    0.00    0.00    0.00    0.00    0.00   97.96
16:12:26      29    0.00    0.00    1.00    0.00    0.00    0.00    0.00    0.00    0.00   99.00
16:12:26      30    2.94    0.00    1.96    0.00    0.00    0.98    0.00    0.00    0.00   94.12
16:12:26      31    1.98    0.00    0.99    0.00    0.00    0.00    0.00    0.00    0.00   97.03
16:12:26      32    1.01    0.00    0.00    0.00    0.00    0.00    0.00    0.00    0.00   98.99
16:12:26      33    0.00    0.00    0.00    0.00    0.00    0.00    0.00    0.00    0.00  100.00
16:12:26      34    3.06    0.00    1.02    0.00    0.00    0.00    0.00    0.00    0.00   95.92
16:12:26      35    2.00    0.00    1.00    0.00    0.00    0.00    0.00    0.00    0.00   97.00
16:12:26      36    1.00    0.00    0.00    0.00    0.00    0.00    0.00    0.00    0.00   99.00
16:12:26      37    0.99    0.00    0.99    0.00    0.00    0.00    0.00    0.00    0.00   98.02
16:12:26      38    0.00    0.00    0.00    0.00    0.00    0.00    0.00    0.00    0.00  100.00
16:12:26      39    0.00    0.00    0.00    0.00    0.00    0.00    0.00    0.00    0.00  100.00
16:12:26      40    1.01    0.00    0.00    0.00    0.00    0.00    0.00    0.00    0.00   98.99
16:12:26      41    1.00    0.00    0.00    0.00    0.00    0.00    0.00    0.00    0.00   99.00
16:12:26      42    0.00    0.00    0.00    0.00    0.00    0.00    0.00    0.00    0.00  100.00
16:12:26      43    0.00    0.00    0.00    0.00    0.00    0.00    0.00    0.00    0.00  100.00
16:12:26      44    0.00    0.00    0.99    0.00    0.00    0.00    0.00    0.00    0.00   99.01
16:12:26      45    0.00    0.00    0.00    0.00    0.00    0.00    0.00    0.00    0.00  100.00
16:12:26      46    0.00    0.00    0.00    0.00    0.00    0.00    0.00    0.00    0.00  100.00
16:12:26      47    1.00    0.00    0.00    0.00    0.00    0.00    0.00    0.00    0.00   99.00
16:12:26      48    0.00    0.00    0.00    0.00    0.00    0.00    0.00    0.00    0.00  100.00
16:12:26      49    0.00    0.00    0.00    0.00    0.00    0.00    0.00    0.00    0.00  100.00
16:12:26      50    0.99    0.00    0.00    0.00    0.00    0.00    0.00    0.00    0.00   99.01
16:12:26      51    0.00    0.00    0.00    0.00    0.00    0.00    0.00    0.00    0.00  100.00
16:12:26      52    0.00    0.00    0.00    0.00    0.00    0.00    0.00    0.00    0.00  100.00
16:12:26      53    0.00    0.00    0.00    0.00    0.00    0.00    0.00    0.00    0.00  100.00
16:12:26      54    1.00    0.00    6.00    0.00    0.00    0.00    0.00    0.00    0.00   93.00
16:12:26      55    0.00    0.00    0.00    0.00    0.00    0.00    0.00    0.00    0.00  100.00
16:12:26      56    1.00    0.00    1.00    0.00    0.00    0.00    0.00    0.00    0.00   98.00
16:12:26      57    0.00    0.00    0.00    0.00    0.00    0.00    0.00    0.00    0.00  100.00
16:12:26      58    0.00    0.00    0.00    0.00    0.00    0.00    0.00    0.00    0.00  100.00
16:12:26      59    0.00    0.00    0.00    0.00    0.00    0.00    0.00    0.00    0.00  100.00
16:12:26      60    0.00    0.00    0.00    0.00    0.00    0.00    0.00    0.00    0.00  100.00
16:12:26      61    0.00    0.00    0.00    0.00    0.00    0.00    0.00    0.00    0.00  100.00
16:12:26      62    2.00    0.00    0.00    0.00    0.00    0.00    0.00    0.00    0.00   98.00
16:12:26      63    0.00    0.00    0.00    0.00    0.00    0.00    0.00    0.00    0.00  100.00
16:12:26      64    0.00    0.00    0.00    0.00    0.00    0.00    0.00    0.00    0.00  100.00
16:12:26      65    0.00    0.00    0.00   17.35    0.00    0.00    0.00    0.00    0.00   82.65
16:12:26      66    0.00    0.00    0.00    0.00    0.00    0.00    0.00    0.00    0.00  100.00
16:12:26      67    0.00    0.00    0.00    0.00    0.00    0.00    0.00    0.00    0.00  100.00
16:12:26      68    0.00    0.00    0.00    0.00    0.00    0.00    0.00    0.00    0.00  100.00
16:12:26      69    0.00    0.00    0.00    0.00    0.00    0.00    0.00    0.00    0.00  100.00
16:12:26      70    0.00    0.00    0.00    0.00    0.00    0.00    0.00    0.00    0.00  100.00
16:12:26      71    0.00    0.00    0.00    0.00    0.00    0.00    0.00    0.00    0.00  100.00

16:12:26     CPU    %usr   %nice    %sys %iowait    %irq   %soft  %steal  %guest  %gnice   %idle
16:12:27     all    0.72    0.00    0.43    0.26    0.00    0.01    0.00    0.00    0.00   98.57
16:12:27       0    0.00    0.00    0.00    0.00    0.00    0.00    0.00    0.00    0.00  100.00
16:12:27       1    0.00    0.00    0.00    0.00    0.00    0.00    0.00    0.00    0.00  100.00
16:12:27       2    0.00    0.00    1.00    0.00    0.00    0.00    0.00    0.00    0.00   99.00
16:12:27       3    3.96    0.00    0.00    0.00    0.00    0.00    0.00    0.00    0.00   96.04
16:12:27       4    0.00    0.00    0.00    0.00    0.00    0.00    0.00    0.00    0.00  100.00
16:12:27       5    0.00    0.00    0.00    0.00    0.00    0.00    0.00    0.00    0.00  100.00
16:12:27       6    0.00    0.00    0.00    0.00    0.00    0.00    0.00    0.00    0.00  100.00
16:12:27       7    0.00    0.00    0.00    0.00    0.00    0.00    0.00    0.00    0.00  100.00
16:12:27       8    0.00    0.00    0.00    0.00    0.00    0.00    0.00    0.00    0.00  100.00
16:12:27       9    0.00    0.00    0.00    0.00    0.00    0.00    0.00    0.00    0.00  100.00
16:12:27      10    1.00    0.00    0.00    0.00    0.00    0.00    0.00    0.00    0.00   99.00
16:12:27      11    0.00    0.00    0.00    0.00    0.00    0.00    0.00    0.00    0.00  100.00
16:12:27      12    0.00    0.00    0.00    0.00    0.00    0.00    0.00    0.00    0.00  100.00
16:12:27      13    0.00    0.00    0.00    0.00    0.00    0.00    0.00    0.00    0.00  100.00
16:12:27      14    0.00    0.00    0.00    0.00    0.00    0.00    0.00    0.00    0.00  100.00
16:12:27      15    0.00    0.00    0.00    0.00    0.00    0.00    0.00    0.00    0.00  100.00
16:12:27      16    0.00    0.00    0.00    0.00    0.00    0.00    0.00    0.00    0.00  100.00
16:12:27      17    0.00    0.00    0.00    0.00    0.00    0.00    0.00    0.00    0.00  100.00
16:12:27      18    5.10    0.00    3.06    1.02    0.00    0.00    0.00    0.00    0.00   90.82
16:12:27      19    1.01    0.00    0.00    0.00    0.00    0.00    0.00    0.00    0.00   98.99
16:12:27      20    3.03    0.00    1.01    0.00    0.00    0.00    0.00    0.00    0.00   95.96
16:12:27      21    6.00    0.00    1.00    0.00    0.00    0.00    0.00    0.00    0.00   93.00
16:12:27      22    6.06    0.00    4.04    1.01    0.00    0.00    0.00    0.00    0.00   88.89
16:12:27      23    1.02    0.00    0.00    0.00    0.00    0.00    0.00    0.00    0.00   98.98
16:12:27      24    0.00    0.00    1.01    0.00    0.00    0.00    0.00    0.00    0.00   98.99
16:12:27      25    1.00    0.00    1.00    0.00    0.00    0.00    0.00    0.00    0.00   98.00
16:12:27      26    2.00    0.00    2.00    0.00    0.00    1.00    0.00    0.00    0.00   95.00
16:12:27      27    2.02    0.00    3.03    0.00    0.00    0.00    0.00    0.00    0.00   94.95
16:12:27      28    4.04    0.00    3.03    0.00    0.00    0.00    0.00    0.00    0.00   92.93
16:12:27      29    0.00    0.00    0.00    0.00    0.00    0.00    0.00    0.00    0.00  100.00
16:12:27      30    0.00    0.00    0.00    0.00    0.00    0.00    0.00    0.00    0.00  100.00
16:12:27      31    0.00    0.00    0.00    0.00    0.00    0.00    0.00    0.00    0.00  100.00
16:12:27      32    0.99    0.00    0.00    0.00    0.00    0.00    0.00    0.00    0.00   99.01
16:12:27      33    0.00    0.00    0.00    0.00    0.00    0.00    0.00    0.00    0.00  100.00
16:12:27      34    6.93    0.00    1.98    0.00    0.00    0.00    0.00    0.00    0.00   91.09
16:12:27      35    2.00    0.00    0.00    0.00    0.00    0.00    0.00    0.00    0.00   98.00
16:12:27      36    0.00    0.00    0.00    0.00    0.00    0.00    0.00    0.00    0.00  100.00
16:12:27      37    0.00    0.00    0.00    0.00    0.00    0.00    0.00    0.00    0.00  100.00
16:12:27      38    0.00    0.00    0.99    0.00    0.00    0.00    0.00    0.00    0.00   99.01
16:12:27      39    0.00    0.00    0.00    0.00    0.00    0.00    0.00    0.00    0.00  100.00
16:12:27      40    0.00    0.00    2.04    0.00    0.00    0.00    0.00    0.00    0.00   97.96
16:12:27      41    0.00    0.00    0.00    0.00    0.00    0.00    0.00    0.00    0.00  100.00
16:12:27      42    0.99    0.00    0.00    0.00    0.00    0.00    0.00    0.00    0.00   99.01
16:12:27      43    0.00    0.00    0.00    0.00    0.00    0.00    0.00    0.00    0.00  100.00
16:12:27      44    0.00    0.00    0.00    0.00    0.00    0.00    0.00    0.00    0.00  100.00
16:12:27      45    0.99    0.00    0.00    0.00    0.00    0.00    0.00    0.00    0.00   99.01
16:12:27      46    0.00    0.00    0.00    0.00    0.00    0.00    0.00    0.00    0.00  100.00
16:12:27      47    0.00    0.00    0.00    0.00    0.00    0.00    0.00    0.00    0.00  100.00
16:12:27      48    0.00    0.00    0.00    0.00    0.00    0.00    0.00    0.00    0.00  100.00
16:12:27      49    0.00    0.00    0.00    0.00    0.00    0.00    0.00    0.00    0.00  100.00
16:12:27      50    0.00    0.00    0.00    0.00    0.00    0.00    0.00    0.00    0.00  100.00
16:12:27      51    0.00    0.00    0.00    0.00    0.00    0.00    0.00    0.00    0.00  100.00
16:12:27      52    0.00    0.00    0.00    0.00    0.00    0.00    0.00    0.00    0.00  100.00
16:12:27      53    0.00    0.00    0.00    0.00    0.00    0.00    0.00    0.00    0.00  100.00
16:12:27      54    2.00    0.00    5.00    0.00    0.00    0.00    0.00    0.00    0.00   93.00
16:12:27      55    0.00    0.00    0.00    0.00    0.00    0.00    0.00    0.00    0.00  100.00
16:12:27      56    0.00    0.00    0.00    0.00    0.00    0.00    0.00    0.00    0.00  100.00
16:12:27      57    0.00    0.00    0.00    0.00    0.00    0.00    0.00    0.00    0.00  100.00
16:12:27      58    0.00    0.00    0.00    0.00    0.00    0.00    0.00    0.00    0.00  100.00
16:12:27      59    0.00    0.00    0.00    0.00    0.00    0.00    0.00    0.00    0.00  100.00
16:12:27      60    0.00    0.00    0.00    0.00    0.00    0.00    0.00    0.00    0.00  100.00
16:12:27      61    0.00    0.00    0.00    0.00    0.00    0.00    0.00    0.00    0.00  100.00
16:12:27      62    1.00    0.00    0.00    0.00    0.00    0.00    0.00    0.00    0.00   99.00
16:12:27      63    0.00    0.00    0.00    0.00    0.00    0.00    0.00    0.00    0.00  100.00
16:12:27      64    0.00    0.00    0.00    0.00    0.00    0.00    0.00    0.00    0.00  100.00
16:12:27      65    0.00    0.00    1.00   17.00    0.00    0.00    0.00    0.00    0.00   82.00
16:12:27      66    0.00    0.00    0.00    0.00    0.00    0.00    0.00    0.00    0.00  100.00
16:12:27      67    1.01    0.00    0.00    0.00    0.00    0.00    0.00    0.00    0.00   98.99
16:12:27      68    0.00    0.00    0.00    0.00    0.00    0.00    0.00    0.00    0.00  100.00
16:12:27      69    0.00    0.00    0.00    0.00    0.00    0.00    0.00    0.00    0.00  100.00
16:12:27      70    0.00    0.00    0.00    0.00    0.00    0.00    0.00    0.00    0.00  100.00
16:12:27      71    0.00    0.00    0.00    0.00    0.00    0.00    0.00    0.00    0.00  100.00

16:12:27     CPU    %usr   %nice    %sys %iowait    %irq   %soft  %steal  %guest  %gnice   %idle
16:12:28     all    0.72    0.00    0.44    0.32    0.00    0.00    0.00    0.00    0.00   98.51
16:12:28       0    0.00    0.00    0.00    0.00    0.00    0.00    0.00    0.00    0.00  100.00
16:12:28       1    0.00    0.00    0.00    0.00    0.00    0.00    0.00    0.00    0.00  100.00
16:12:28       2    0.00    0.00    0.00    0.00    0.00    0.00    0.00    0.00    0.00  100.00
16:12:28       3    0.00    0.00    0.00    0.00    0.00    0.00    0.00    0.00    0.00  100.00
16:12:28       4    0.00    0.00    0.00    0.00    0.00    0.00    0.00    0.00    0.00  100.00
16:12:28       5    0.00    0.00    0.00    0.00    0.00    0.00    0.00    0.00    0.00  100.00
16:12:28       6    0.00    0.00    0.00    0.00    0.00    0.00    0.00    0.00    0.00  100.00
16:12:28       7    0.00    0.00    0.00    0.00    0.00    0.00    0.00    0.00    0.00  100.00
16:12:28       8    0.00    0.00    0.00    0.00    0.00    0.00    0.00    0.00    0.00  100.00
16:12:28       9    0.00    0.00    0.00    0.00    0.00    0.00    0.00    0.00    0.00  100.00
16:12:28      10    0.00    0.00    0.00    0.00    0.00    0.00    0.00    0.00    0.00  100.00
16:12:28      11    0.00    0.00    0.00    0.00    0.00    0.00    0.00    0.00    0.00  100.00
16:12:28      12    0.99    0.00    0.00    0.00    0.00    0.00    0.00    0.00    0.00   99.01
16:12:28      13    0.00    0.00    0.00    0.00    0.00    0.00    0.00    0.00    0.00  100.00
16:12:28      14    0.00    0.00    0.00    0.00    0.00    0.00    0.00    0.00    0.00  100.00
16:12:28      15    0.00    0.00    0.00    0.00    0.00    0.00    0.00    0.00    0.00  100.00
16:12:28      16    0.00    0.00    0.00    0.00    0.00    0.00    0.00    0.00    0.00  100.00
16:12:28      17    0.00    0.00    0.00    0.00    0.00    0.00    0.00    0.00    0.00  100.00
16:12:28      18    4.95    0.00    3.96    0.00    0.00    0.00    0.00    0.00    0.00   91.09
16:12:28      19    3.03    0.00    1.01    0.00    0.00    0.00    0.00    0.00    0.00   95.96
16:12:28      20    1.00    0.00    0.00    0.00    0.00    0.00    0.00    0.00    0.00   99.00
16:12:28      21    1.98    0.00    0.99    0.00    0.00    0.00    0.00    0.00    0.00   97.03
16:12:28      22    9.09    0.00    3.03    0.00    0.00    0.00    0.00    0.00    0.00   87.88
16:12:28      23    4.95    0.00    1.98    0.99    0.00    0.00    0.00    0.00    0.00   92.08
16:12:28      24    4.00    0.00    3.00    1.00    0.00    0.00    0.00    0.00    0.00   92.00
16:12:28      25    0.99    0.00    2.97    0.00    0.00    0.00    0.00    0.00    0.00   96.04
16:12:28      26    2.04    0.00    2.04    0.00    0.00    0.00    0.00    0.00    0.00   95.92
16:12:28      27    3.92    0.00    1.96    0.98    0.00    0.00    0.00    0.00    0.00   93.14
16:12:28      28    3.00    0.00    1.00    0.00    0.00    0.00    0.00    0.00    0.00   96.00
16:12:28      29    0.00    0.00    1.00    0.00    0.00    0.00    0.00    0.00    0.00   99.00
16:12:28      30    0.00    0.00    0.00    0.00    0.00    0.00    0.00    0.00    0.00  100.00
16:12:28      31    0.00    0.00    0.00    0.00    0.00    0.00    0.00    0.00    0.00  100.00
16:12:28      32    0.00    0.00    0.00    0.00    0.00    0.00    0.00    0.00    0.00  100.00
16:12:28      33    0.00    0.00    0.00    0.00    0.00    0.00    0.00    0.00    0.00  100.00
16:12:28      34    3.03    0.00    2.02    0.00    0.00    0.00    0.00    0.00    0.00   94.95
16:12:28      35    1.00    0.00    1.00    0.00    0.00    0.00    0.00    0.00    0.00   98.00
16:12:28      36    1.01    0.00    0.00    0.00    0.00    0.00    0.00    0.00    0.00   98.99
16:12:28      37    0.00    0.00    1.00    0.00    0.00    0.00    0.00    0.00    0.00   99.00
16:12:28      38    0.00    0.00    0.00    0.00    0.00    0.00    0.00    0.00    0.00  100.00
16:12:28      39    0.00    0.00    0.00    0.00    0.00    0.00    0.00    0.00    0.00  100.00
16:12:28      40    1.02    0.00    0.00    0.00    0.00    0.00    0.00    0.00    0.00   98.98
16:12:28      41    0.00    0.00    0.00    0.00    0.00    0.00    0.00    0.00    0.00  100.00
16:12:28      42    0.00    0.00    0.00    0.00    0.00    0.00    0.00    0.00    0.00  100.00
16:12:28      43    0.00    0.00    0.00    0.00    0.00    0.00    0.00    0.00    0.00  100.00
16:12:28      44    0.00    0.00    0.00    0.00    0.00    0.00    0.00    0.00    0.00  100.00
16:12:28      45    0.99    0.00    0.99    0.00    0.00    0.00    0.00    0.00    0.00   98.02
16:12:28      46    0.00    0.00    0.00    0.00    0.00    0.00    0.00    0.00    0.00  100.00
16:12:28      47    0.00    0.00    0.00    0.00    0.00    0.00    0.00    0.00    0.00  100.00
16:12:28      48    0.00    0.00    0.00    0.00    0.00    0.00    0.00    0.00    0.00  100.00
16:12:28      49    0.00    0.00    0.00    0.00    0.00    0.00    0.00    0.00    0.00  100.00
16:12:28      50    0.00    0.00    0.00    0.00    0.00    0.00    0.00    0.00    0.00  100.00
16:12:28      51    0.00    0.00    0.00    0.00    0.00    0.00    0.00    0.00    0.00  100.00
16:12:28      52    0.00    0.00    0.00    0.00    0.00    0.00    0.00    0.00    0.00  100.00
16:12:28      53    0.00    0.00    0.00    0.00    0.00    0.00    0.00    0.00    0.00  100.00
16:12:28      54    1.00    0.00    3.00    0.00    0.00    0.00    0.00    0.00    0.00   96.00
16:12:28      55    0.00    0.00    0.00    0.00    0.00    0.00    0.00    0.00    0.00  100.00
16:12:28      56    0.00    0.00    0.00    0.00    0.00    0.00    0.00    0.00    0.00  100.00
16:12:28      57    0.00    0.00    0.00    0.00    0.00    0.00    0.00    0.00    0.00  100.00
16:12:28      58    0.00    0.00    0.00    0.00    0.00    0.00    0.00    0.00    0.00  100.00
16:12:28      59    0.99    0.00    0.00    0.00    0.00    0.00    0.00    0.00    0.00   99.01
16:12:28      60    0.00    0.00    0.00    0.00    0.00    0.00    0.00    0.00    0.00  100.00
16:12:28      61    0.00    0.00    0.00    0.00    0.00    0.00    0.00    0.00    0.00  100.00
16:12:28      62    2.97    0.00    0.99    0.00    0.00    0.00    0.00    0.00    0.00   96.04
16:12:28      63    0.00    0.00    0.00    0.00    0.00    0.00    0.00    0.00    0.00  100.00
16:12:28      64    0.00    0.00    0.00    0.00    0.00    0.00    0.00    0.00    0.00  100.00
16:12:28      65    0.00    0.00    0.00   20.20    0.00    0.00    0.00    0.00    0.00   79.80
16:12:28      66    0.00    0.00    0.00    0.00    0.00    0.00    0.00    0.00    0.00  100.00
16:12:28      67    0.00    0.00    0.00    0.00    0.00    0.00    0.00    0.00    0.00  100.00
16:12:28      68    0.00    0.00    0.00    0.00    0.00    0.00    0.00    0.00    0.00  100.00
16:12:28      69    0.00    0.00    0.00    0.00    0.00    0.00    0.00    0.00    0.00  100.00
16:12:28      70    0.00    0.00    0.00    0.00    0.00    0.00    0.00    0.00    0.00  100.00
16:12:28      71    0.00    0.00    0.00    0.00    0.00    0.00    0.00    0.00    0.00  100.00

16:12:28     CPU    %usr   %nice    %sys %iowait    %irq   %soft  %steal  %guest  %gnice   %idle
16:12:29     all    0.67    0.00    0.43    0.21    0.00    0.00    0.00    0.00    0.00   98.69
16:12:29       0    0.00    0.00    0.00    0.00    0.00    0.00    0.00    0.00    0.00  100.00
16:12:29       1    0.00    0.00    0.00    0.00    0.00    0.00    0.00    0.00    0.00  100.00
16:12:29       2    0.00    0.00    0.00    0.00    0.00    0.00    0.00    0.00    0.00  100.00
16:12:29       3    1.00    0.00    0.00    0.00    0.00    0.00    0.00    0.00    0.00   99.00
16:12:29       4    0.00    0.00    0.00    0.00    0.00    0.00    0.00    0.00    0.00  100.00
16:12:29       5    0.99    0.00    1.98    0.00    0.00    0.00    0.00    0.00    0.00   97.03
16:12:29       6    0.00    0.00    0.00    0.00    0.00    0.00    0.00    0.00    0.00  100.00
16:12:29       7    0.00    0.00    0.00    0.00    0.00    0.00    0.00    0.00    0.00  100.00
16:12:29       8    0.00    0.00    0.00    0.00    0.00    0.00    0.00    0.00    0.00  100.00
16:12:29       9    0.00    0.00    0.00    0.00    0.00    0.00    0.00    0.00    0.00  100.00
16:12:29      10    0.00    0.00    0.00    0.00    0.00    0.00    0.00    0.00    0.00  100.00
16:12:29      11    0.00    0.00    0.00    0.00    0.00    0.00    0.00    0.00    0.00  100.00
16:12:29      12    0.00    0.00    0.00    0.00    0.00    0.00    0.00    0.00    0.00  100.00
16:12:29      13    0.00    0.00    0.00    0.00    0.00    0.00    0.00    0.00    0.00  100.00
16:12:29      14    0.00    0.00    0.99    0.00    0.00    0.00    0.00    0.00    0.00   99.01
16:12:29      15    0.00    0.00    0.00    0.00    0.00    0.00    0.00    0.00    0.00  100.00
16:12:29      16    0.00    0.00    0.00    0.00    0.00    0.00    0.00    0.00    0.00  100.00
16:12:29      17    0.00    0.00    0.00    0.00    0.00    0.00    0.00    0.00    0.00  100.00
16:12:29      18    4.08    0.00    7.14    0.00    0.00    0.00    0.00    0.00    0.00   88.78
16:12:29      19    2.00    0.00    0.00    0.00    0.00    0.00    0.00    0.00    0.00   98.00
16:12:29      20    1.00    0.00    1.00    0.00    0.00    0.00    0.00    0.00    0.00   98.00
16:12:29      21    0.00    0.00    0.00    0.00    0.00    0.00    0.00    0.00    0.00  100.00
16:12:29      22   10.31    0.00    3.09    1.03    0.00    0.00    0.00    0.00    0.00   85.57
16:12:29      23    4.95    0.00    0.99    0.00    0.00    0.00    0.00    0.00    0.00   94.06
16:12:29      24    5.00    0.00    2.00    0.00    0.00    0.00    0.00    0.00    0.00   93.00
16:12:29      25    0.00    0.00    0.00    0.00    0.00    0.00    0.00    0.00    0.00  100.00
16:12:29      26    3.00    0.00    2.00    0.00    0.00    0.00    0.00    0.00    0.00   95.00
16:12:29      27    0.00    0.00    1.02    0.00    0.00    0.00    0.00    0.00    0.00   98.98
16:12:29      28    0.00    0.00    1.00    0.00    0.00    0.00    0.00    0.00    0.00   99.00
16:12:29      29    0.00    0.00    0.00    0.00    0.00    0.00    0.00    0.00    0.00  100.00
16:12:29      30    0.00    0.00    0.00    0.00    0.00    0.00    0.00    0.00    0.00  100.00
16:12:29      31    0.00    0.00    0.00    0.00    0.00    0.00    0.00    0.00    0.00  100.00
16:12:29      32    0.00    0.00    0.00    0.00    0.00    0.00    0.00    0.00    0.00  100.00
16:12:29      33    0.00    0.00    0.00    0.00    0.00    0.00    0.00    0.00    0.00  100.00
16:12:29      34    5.05    0.00    2.02    1.01    0.00    0.00    0.00    0.00    0.00   91.92
16:12:29      35    1.01    0.00    1.01    0.00    0.00    0.00    0.00    0.00    0.00   97.98
16:12:29      36    1.00    0.00    1.00    0.00    0.00    0.00    0.00    0.00    0.00   98.00
16:12:29      37    2.02    0.00    1.01    0.00    0.00    0.00    0.00    0.00    0.00   96.97
16:12:29      38    0.00    0.00    1.00    0.00    0.00    0.00    0.00    0.00    0.00   99.00
16:12:29      39    1.00    0.00    2.00    0.00    0.00    0.00    0.00    0.00    0.00   97.00
16:12:29      40    2.04    0.00    1.02    0.00    0.00    0.00    0.00    0.00    0.00   96.94
16:12:29      41    0.00    0.00    0.00    0.00    0.00    0.00    0.00    0.00    0.00  100.00
16:12:29      42    0.00    0.00    0.00    0.00    0.00    0.00    0.00    0.00    0.00  100.00
16:12:29      43    0.00    0.00    0.00    0.00    0.00    0.00    0.00    0.00    0.00  100.00
16:12:29      44    0.00    0.00    0.00    0.00    0.00    0.00    0.00    0.00    0.00  100.00
16:12:29      45    0.00    0.00    0.00    0.00    0.00    0.00    0.00    0.00    0.00  100.00
16:12:29      46    0.00    0.00    0.00    0.00    0.00    0.00    0.00    0.00    0.00  100.00
16:12:29      47    0.00    0.00    0.00    0.00    0.00    0.00    0.00    0.00    0.00  100.00
16:12:29      48    0.00    0.00    0.00    0.00    0.00    0.00    0.00    0.00    0.00  100.00
16:12:29      49    0.00    0.00    0.00    0.00    0.00    0.00    0.00    0.00    0.00  100.00
16:12:29      50    0.00    0.00    0.00    0.00    0.00    0.00    0.00    0.00    0.00  100.00
16:12:29      51    0.00    0.00    0.00    0.00    0.00    0.00    0.00    0.00    0.00  100.00
16:12:29      52    0.00    0.00    0.00    0.00    0.00    0.00    0.00    0.00    0.00  100.00
16:12:29      53    0.00    0.00    0.00    0.00    0.00    0.00    0.00    0.00    0.00  100.00
16:12:29      54    0.00    0.00    0.00    0.00    0.00    0.00    0.00    0.00    0.00  100.00
16:12:29      55    0.00    0.00    0.00    0.00    0.00    0.00    0.00    0.00    0.00  100.00
16:12:29      56    0.99    0.00    0.99    0.00    0.00    0.00    0.00    0.00    0.00   98.02
16:12:29      57    0.00    0.00    0.00    0.00    0.00    0.00    0.00    0.00    0.00  100.00
16:12:29      58    1.00    0.00    0.00    0.00    0.00    0.00    0.00    0.00    0.00   99.00
16:12:29      59    0.00    0.00    0.00    0.00    0.00    0.00    0.00    0.00    0.00  100.00
16:12:29      60    0.00    0.00    0.00    0.00    0.00    0.00    0.00    0.00    0.00  100.00
16:12:29      61    0.00    0.00    0.00    0.00    0.00    0.00    0.00    0.00    0.00  100.00
16:12:29      62    2.02    0.00    0.00    0.00    0.00    0.00    0.00    0.00    0.00   97.98
16:12:29      63    0.00    0.00    0.00    0.00    0.00    0.00    0.00    0.00    0.00  100.00
16:12:29      64    0.00    0.00    0.00    0.00    0.00    0.00    0.00    0.00    0.00  100.00
16:12:29      65    0.00    0.00    0.00   13.13    0.00    0.00    0.00    0.00    0.00   86.87
16:12:29      66    0.00    0.00    0.00    0.00    0.00    0.00    0.00    0.00    0.00  100.00
16:12:29      67    0.00    0.00    0.00    0.00    0.00    0.00    0.00    0.00    0.00  100.00
16:12:29      68    0.00    0.00    0.00    0.00    0.00    0.00    0.00    0.00    0.00  100.00
16:12:29      69    0.00    0.00    0.00    0.00    0.00    0.00    0.00    0.00    0.00  100.00
16:12:29      70    0.00    0.00    0.00    0.00    0.00    0.00    0.00    0.00    0.00  100.00
16:12:29      71    0.00    0.00    0.00    0.00    0.00    0.00    0.00    0.00    0.00  100.00

16:12:29     CPU    %usr   %nice    %sys %iowait    %irq   %soft  %steal  %guest  %gnice   %idle
16:12:30     all    0.68    0.00    0.45    0.31    0.00    0.01    0.00    0.00    0.00   98.55
16:12:30       0    2.08    0.00    3.12    0.00    0.00    0.00    0.00    0.00    0.00   94.79
16:12:30       1    0.00    0.00    0.00    0.00    0.00    0.00    0.00    0.00    0.00  100.00
16:12:30       2    0.00    0.00    1.00    0.00    0.00    0.00    0.00    0.00    0.00   99.00
16:12:30       3    0.00    0.00    0.00    0.00    0.00    0.00    0.00    0.00    0.00  100.00
16:12:30       4    0.00    0.00    0.00    0.00    0.00    0.00    0.00    0.00    0.00  100.00
16:12:30       5    1.00    0.00    1.00    0.00    0.00    0.00    0.00    0.00    0.00   98.00
16:12:30       6    0.00    0.00    0.00    0.00    0.00    0.00    0.00    0.00    0.00  100.00
16:12:30       7    0.00    0.00    0.00    0.00    0.00    0.00    0.00    0.00    0.00  100.00
16:12:30       8    0.00    0.00    0.00    0.00    0.00    0.00    0.00    0.00    0.00  100.00
16:12:30       9    0.00    0.00    0.00    0.00    0.00    0.00    0.00    0.00    0.00  100.00
16:12:30      10    0.00    0.00    0.00    0.00    0.00    0.00    0.00    0.00    0.00  100.00
16:12:30      11    0.00    0.00    0.00    0.00    0.00    0.00    0.00    0.00    0.00  100.00
16:12:30      12    0.00    0.00    0.00    0.00    0.00    0.00    0.00    0.00    0.00  100.00
16:12:30      13    0.00    0.00    0.00    0.00    0.00    0.00    0.00    0.00    0.00  100.00
16:12:30      14    0.00    0.00    0.00    0.00    0.00    0.00    0.00    0.00    0.00  100.00
16:12:30      15    0.00    0.00    0.00    0.00    0.00    0.00    0.00    0.00    0.00  100.00
16:12:30      16    0.00    0.00    0.00    0.00    0.00    0.00    0.00    0.00    0.00  100.00
16:12:30      17    0.00    0.00    0.00    0.00    0.00    0.00    0.00    0.00    0.00  100.00
16:12:30      18    6.00    0.00    7.00    1.00    0.00    0.00    0.00    0.00    0.00   86.00
16:12:30      19    6.00    0.00    1.00    0.00    0.00    0.00    0.00    0.00    0.00   93.00
16:12:30      20    1.01    0.00    0.00    0.00    0.00    0.00    0.00    0.00    0.00   98.99
16:12:30      21    0.00    0.00    0.00    0.00    0.00    0.00    0.00    0.00    0.00  100.00
16:12:30      22    8.91    0.00    2.97    0.99    0.00    0.00    0.00    0.00    0.00   87.13
16:12:30      23    4.04    0.00    0.00    0.00    0.00    0.00    0.00    0.00    0.00   95.96
16:12:30      24    1.00    0.00    1.00    0.00    0.00    0.00    0.00    0.00    0.00   98.00
16:12:30      25    0.00    0.00    0.00    0.00    0.00    0.00    0.00    0.00    0.00  100.00
16:12:30      26    3.03    0.00    1.01    7.07    0.00    0.00    0.00    0.00    0.00   88.89
16:12:30      27    1.00    0.00    0.00    0.00    0.00    0.00    0.00    0.00    0.00   99.00
16:12:30      28    0.99    0.00    0.00    0.00    0.00    0.00    0.00    0.00    0.00   99.01
16:12:30      29    0.99    0.00    0.99    0.00    0.00    0.00    0.00    0.00    0.00   98.02
16:12:30      30    0.00    0.00    0.00    0.00    0.00    0.00    0.00    0.00    0.00  100.00
16:12:30      31    0.00    0.00    0.99    0.00    0.00    0.00    0.00    0.00    0.00   99.01
16:12:30      32    0.00    0.00    0.00    0.00    0.00    0.00    0.00    0.00    0.00  100.00
16:12:30      33    0.00    0.00    0.00    0.00    0.00    0.00    0.00    0.00    0.00  100.00
16:12:30      34    2.02    0.00    1.01    0.00    0.00    0.00    0.00    0.00    0.00   96.97
16:12:30      35    2.00    0.00    2.00    0.00    0.00    0.00    0.00    0.00    0.00   96.00
16:12:30      36    0.00    0.00    0.00    0.00    0.00    0.00    0.00    0.00    0.00  100.00
16:12:30      37    1.02    0.00    1.02    0.00    0.00    0.00    0.00    0.00    0.00   97.96
16:12:30      38    2.00    0.00    2.00    0.00    0.00    0.00    0.00    0.00    0.00   96.00
16:12:30      39    1.00    0.00    4.00    0.00    0.00    0.00    0.00    0.00    0.00   95.00
16:12:30      40    1.02    0.00    1.02    0.00    0.00    1.02    0.00    0.00    0.00   96.94
16:12:30      41    0.00    0.00    0.00    0.00    0.00    0.00    0.00    0.00    0.00  100.00
16:12:30      42    0.00    0.00    0.00    0.00    0.00    0.00    0.00    0.00    0.00  100.00
16:12:30      43    0.00    0.00    0.00    0.00    0.00    0.00    0.00    0.00    0.00  100.00
16:12:30      44    1.00    0.00    0.00    0.00    0.00    0.00    0.00    0.00    0.00   99.00
16:12:30      45    0.00    0.00    0.00    0.00    0.00    0.00    0.00    0.00    0.00  100.00
16:12:30      46    0.00    0.00    0.00    0.00    0.00    0.00    0.00    0.00    0.00  100.00
16:12:30      47    1.01    0.00    0.00    0.00    0.00    0.00    0.00    0.00    0.00   98.99
16:12:30      48    0.00    0.00    0.00    0.00    0.00    0.00    0.00    0.00    0.00  100.00
16:12:30      49    0.00    0.00    0.00    0.00    0.00    0.00    0.00    0.00    0.00  100.00
16:12:30      50    0.00    0.00    0.00    0.00    0.00    0.00    0.00    0.00    0.00  100.00
16:12:30      51    0.00    0.00    0.00    0.00    0.00    0.00    0.00    0.00    0.00  100.00
16:12:30      52    0.00    0.00    0.00    0.00    0.00    0.00    0.00    0.00    0.00  100.00
16:12:30      53    0.00    0.00    0.00    0.00    0.00    0.00    0.00    0.00    0.00  100.00
16:12:30      54    0.00    0.00    0.00    0.00    0.00    0.00    0.00    0.00    0.00  100.00
16:12:30      55    1.00    0.00    0.00    0.00    0.00    0.00    0.00    0.00    0.00   99.00
16:12:30      56    0.00    0.00    0.00    0.00    0.00    0.00    0.00    0.00    0.00  100.00
16:12:30      57    0.00    0.00    0.00    0.00    0.00    0.00    0.00    0.00    0.00  100.00
16:12:30      58    0.00    0.00    0.00    0.00    0.00    0.00    0.00    0.00    0.00  100.00
16:12:30      59    0.00    0.00    0.00    0.00    0.00    0.00    0.00    0.00    0.00  100.00
16:12:30      60    0.00    0.00    0.00    0.00    0.00    0.00    0.00    0.00    0.00  100.00
16:12:30      61    0.00    0.00    0.00    0.00    0.00    0.00    0.00    0.00    0.00  100.00
16:12:30      62    0.00    0.00    0.00    0.00    0.00    0.00    0.00    0.00    0.00  100.00
16:12:30      63    1.00    0.00    0.00    0.00    0.00    0.00    0.00    0.00    0.00   99.00
16:12:30      64    0.00    0.00    0.00    0.00    0.00    0.00    0.00    0.00    0.00  100.00
16:12:30      65    0.00    0.00    0.00   13.13    0.00    0.00    0.00    0.00    0.00   86.87
16:12:30      66    0.00    0.00    1.00    0.00    0.00    0.00    0.00    0.00    0.00   99.00
16:12:30      67    0.00    0.00    0.00    0.00    0.00    0.00    0.00    0.00    0.00  100.00
16:12:30      68    0.00    0.00    0.00    0.00    0.00    0.00    0.00    0.00    0.00  100.00
16:12:30      69    0.00    0.00    0.00    0.00    0.00    0.00    0.00    0.00    0.00  100.00
16:12:30      70    0.00    0.00    0.00    0.00    0.00    0.00    0.00    0.00    0.00  100.00
16:12:30      71    0.00    0.00    0.00    0.00    0.00    0.00    0.00    0.00    0.00  100.00

16:12:30     CPU    %usr   %nice    %sys %iowait    %irq   %soft  %steal  %guest  %gnice   %idle
16:12:31     all    0.86    0.00    0.53    0.33    0.00    0.01    0.00    0.00    0.00   98.26
16:12:31       0    0.00    0.00    0.00    0.00    0.00    0.00    0.00    0.00    0.00  100.00
16:12:31       1    1.00    0.00    0.00    0.00    0.00    0.00    0.00    0.00    0.00   99.00
16:12:31       2    0.00    0.00    0.00    0.00    0.00    0.00    0.00    0.00    0.00  100.00
16:12:31       3    2.97    0.00    0.00    0.00    0.00    0.00    0.00    0.00    0.00   97.03
16:12:31       4    0.00    0.00    0.00    0.00    0.00    0.00    0.00    0.00    0.00  100.00
16:12:31       5    0.00    0.00    1.00    0.00    0.00    0.00    0.00    0.00    0.00   99.00
16:12:31       6    0.00    0.00    0.00    0.00    0.00    0.00    0.00    0.00    0.00  100.00
16:12:31       7    0.00    0.00    0.00    0.00    0.00    0.00    0.00    0.00    0.00  100.00
16:12:31       8    0.00    0.00    0.00    0.00    0.00    0.00    0.00    0.00    0.00  100.00
16:12:31       9    0.00    0.00    0.00    0.00    0.00    0.00    0.00    0.00    0.00  100.00
16:12:31      10    0.00    0.00    0.00    0.00    0.00    0.00    0.00    0.00    0.00  100.00
16:12:31      11    0.00    0.00    0.00    0.00    0.00    0.00    0.00    0.00    0.00  100.00
16:12:31      12    0.00    0.00    0.00    0.00    0.00    0.00    0.00    0.00    0.00  100.00
16:12:31      13    0.00    0.00    0.00    0.00    0.00    0.00    0.00    0.00    0.00  100.00
16:12:31      14    0.00    0.00    0.00    0.00    0.00    0.00    0.00    0.00    0.00  100.00
16:12:31      15    0.00    0.00    1.00    0.00    0.00    0.00    0.00    0.00    0.00   99.00
16:12:31      16    0.00    0.00    1.00    0.00    0.00    0.00    0.00    0.00    0.00   99.00
16:12:31      17    0.00    0.00    0.00    0.00    0.00    0.00    0.00    0.00    0.00  100.00
16:12:31      18    4.04    0.00    7.07    0.00    0.00    0.00    0.00    0.00    0.00   88.89
16:12:31      19    1.00    0.00    1.00    0.00    0.00    0.00    0.00    0.00    0.00   98.00
16:12:31      20    1.00    0.00    0.00    0.00    0.00    0.00    0.00    0.00    0.00   99.00
16:12:31      21    1.00    0.00    0.00    0.00    0.00    0.00    0.00    0.00    0.00   99.00
16:12:31      22    8.08    0.00    2.02    4.04    0.00    0.00    0.00    0.00    0.00   85.86
16:12:31      23    2.02    0.00    0.00    0.00    0.00    0.00    0.00    0.00    0.00   97.98
16:12:31      24    6.86    0.00    2.94    0.98    0.00    0.98    0.00    0.00    0.00   88.24
16:12:31      25    0.99    0.00    1.98    0.00    0.00    0.00    0.00    0.00    0.00   97.03
16:12:31      26    4.00    0.00    2.00   12.00    0.00    0.00    0.00    0.00    0.00   82.00
16:12:31      27    1.00    0.00    1.00    0.00    0.00    0.00    0.00    0.00    0.00   98.00
16:12:31      28    1.00    0.00    0.00    0.00    0.00    0.00    0.00    0.00    0.00   99.00
16:12:31      29    3.03    0.00    2.02    0.00    0.00    0.00    0.00    0.00    0.00   94.95
16:12:31      30    0.00    0.00    1.00    0.00    0.00    0.00    0.00    0.00    0.00   99.00
16:12:31      31    1.00    0.00    1.00    1.00    0.00    0.00    0.00    0.00    0.00   97.00
16:12:31      32    0.00    0.00    0.99    0.00    0.00    0.00    0.00    0.00    0.00   99.01
16:12:31      33    0.00    0.00    1.00    0.00    0.00    0.00    0.00    0.00    0.00   99.00
16:12:31      34   10.89    0.00    1.98    0.00    0.00    0.00    0.00    0.00    0.00   87.13
16:12:31      35    2.00    0.00    0.00    0.00    0.00    0.00    0.00    0.00    0.00   98.00
16:12:31      36    2.97    0.00    1.98    0.99    0.00    0.00    0.00    0.00    0.00   94.06
16:12:31      37    0.99    0.00    0.00    0.00    0.00    0.00    0.00    0.00    0.00   99.01
16:12:31      38    0.00    0.00    1.00    0.00    0.00    0.00    0.00    0.00    0.00   99.00
16:12:31      39    0.00    0.00    1.00    0.00    0.00    0.00    0.00    0.00    0.00   99.00
16:12:31      40    0.00    0.00    0.00    0.00    0.00    0.00    0.00    0.00    0.00  100.00
16:12:31      41    0.00    0.00    0.00    0.00    0.00    0.00    0.00    0.00    0.00  100.00
16:12:31      42    0.00    0.00    0.00    0.00    0.00    0.00    0.00    0.00    0.00  100.00
16:12:31      43    0.00    0.00    0.00    0.00    0.00    0.00    0.00    0.00    0.00  100.00
16:12:31      44    0.00    0.00    0.00    0.00    0.00    0.00    0.00    0.00    0.00  100.00
16:12:31      45    0.00    0.00    0.00    0.00    0.00    0.00    0.00    0.00    0.00  100.00
16:12:31      46    0.00    0.00    0.00    0.00    0.00    0.00    0.00    0.00    0.00  100.00
16:12:31      47    0.00    0.00    0.99    0.00    0.00    0.00    0.00    0.00    0.00   99.01
16:12:31      48    0.00    0.00    0.00    0.00    0.00    0.00    0.00    0.00    0.00  100.00
16:12:31      49    0.00    0.00    0.00    0.00    0.00    0.00    0.00    0.00    0.00  100.00
16:12:31      50    0.00    0.00    0.00    0.00    0.00    0.00    0.00    0.00    0.00  100.00
16:12:31      51    0.00    0.00    0.00    0.00    0.00    0.00    0.00    0.00    0.00  100.00
16:12:31      52    0.00    0.00    0.00    0.00    0.00    0.00    0.00    0.00    0.00  100.00
16:12:31      53    0.00    0.00    0.00    0.00    0.00    0.00    0.00    0.00    0.00  100.00
16:12:31      54    0.00    0.00    0.99    0.00    0.00    0.00    0.00    0.00    0.00   99.01
16:12:31      55    0.00    0.00    0.00    0.00    0.00    0.00    0.00    0.00    0.00  100.00
16:12:31      56    0.00    0.00    0.00    0.00    0.00    0.00    0.00    0.00    0.00  100.00
16:12:31      57    0.00    0.00    0.00    0.00    0.00    0.00    0.00    0.00    0.00  100.00
16:12:31      58    0.00    0.00    0.00    0.00    0.00    0.00    0.00    0.00    0.00  100.00
16:12:31      59    0.00    0.00    0.00    0.00    0.00    0.00    0.00    0.00    0.00  100.00
16:12:31      60    0.00    0.00    0.00    0.00    0.00    0.00    0.00    0.00    0.00  100.00
16:12:31      61    0.00    0.00    0.00    0.00    0.00    0.00    0.00    0.00    0.00  100.00
16:12:31      62    1.00    0.00    0.00    0.00    0.00    0.00    0.00    0.00    0.00   99.00
16:12:31      63    1.00    0.00    0.00    0.00    0.00    0.00    0.00    0.00    0.00   99.00
16:12:31      64    0.00    0.00    0.00    0.00    0.00    0.00    0.00    0.00    0.00  100.00
16:12:31      65    3.92    0.00    2.94    0.98    0.00    0.00    0.00    0.00    0.00   92.16
16:12:31      66    0.00    0.00    0.00    0.00    0.00    0.00    0.00    0.00    0.00  100.00
16:12:31      67    0.00    0.00    0.00    4.04    0.00    0.00    0.00    0.00    0.00   95.96
16:12:31      68    0.00    0.00    0.00    0.00    0.00    0.00    0.00    0.00    0.00  100.00
16:12:31      69    0.00    0.00    0.00    0.00    0.00    0.00    0.00    0.00    0.00  100.00
16:12:31      70    0.00    0.00    0.00    0.00    0.00    0.00    0.00    0.00    0.00  100.00
16:12:31      71    0.00    0.00    0.00    0.00    0.00    0.00    0.00    0.00    0.00  100.00

16:12:31     CPU    %usr   %nice    %sys %iowait    %irq   %soft  %steal  %guest  %gnice   %idle
16:12:32     all    0.93    0.00    0.45    0.24    0.00    0.00    0.00    0.00    0.00   98.38
16:12:32       0    0.00    0.00    0.00    0.00    0.00    0.00    0.00    0.00    0.00  100.00
16:12:32       1    0.00    0.00    0.00    0.00    0.00    0.00    0.00    0.00    0.00  100.00
16:12:32       2    0.00    0.00    0.00    0.00    0.00    0.00    0.00    0.00    0.00  100.00
16:12:32       3    0.00    0.00    0.00    0.00    0.00    0.00    0.00    0.00    0.00  100.00
16:12:32       4    0.00    0.00    0.00    0.00    0.00    0.00    0.00    0.00    0.00  100.00
16:12:32       5    1.00    0.00    0.00    0.00    0.00    0.00    0.00    0.00    0.00   99.00
16:12:32       6    0.00    0.00    0.00    0.00    0.00    0.00    0.00    0.00    0.00  100.00
16:12:32       7    0.00    0.00    0.00    0.00    0.00    0.00    0.00    0.00    0.00  100.00
16:12:32       8    1.00    0.00    0.00    0.00    0.00    0.00    0.00    0.00    0.00   99.00
16:12:32       9    0.00    0.00    0.00    0.00    0.00    0.00    0.00    0.00    0.00  100.00
16:12:32      10    0.00    0.00    0.00    0.00    0.00    0.00    0.00    0.00    0.00  100.00
16:12:32      11    0.00    0.00    0.00    0.00    0.00    0.00    0.00    0.00    0.00  100.00
16:12:32      12    1.00    0.00    0.00    0.00    0.00    0.00    0.00    0.00    0.00   99.00
16:12:32      13    0.00    0.00    0.00    0.00    0.00    0.00    0.00    0.00    0.00  100.00
16:12:32      14    0.00    0.00    1.00    0.00    0.00    0.00    0.00    0.00    0.00   99.00
16:12:32      15    0.00    0.00    0.00    0.00    0.00    0.00    0.00    0.00    0.00  100.00
16:12:32      16    1.00    0.00    0.00    0.00    0.00    0.00    0.00    0.00    0.00   99.00
16:12:32      17    0.99    0.00    0.00    0.00    0.00    0.00    0.00    0.00    0.00   99.01
16:12:32      18    7.00    0.00    9.00    0.00    0.00    0.00    0.00    0.00    0.00   84.00
16:12:32      19    2.02    0.00    0.00    0.00    0.00    0.00    0.00    0.00    0.00   97.98
16:12:32      20    1.01    0.00    1.01    0.00    0.00    0.00    0.00    0.00    0.00   97.98
16:12:32      21    1.00    0.00    1.00    0.00    0.00    0.00    0.00    0.00    0.00   98.00
16:12:32      22    7.07    0.00    5.05    0.00    0.00    0.00    0.00    0.00    0.00   87.88
16:12:32      23    4.04    0.00    2.02    0.00    0.00    0.00    0.00    0.00    0.00   93.94
16:12:32      24    1.01    0.00    0.00    0.00    0.00    0.00    0.00    0.00    0.00   98.99
16:12:32      25    1.02    0.00    2.04    0.00    0.00    0.00    0.00    0.00    0.00   96.94
16:12:32      26    4.08    0.00    1.02    0.00    0.00    0.00    0.00    0.00    0.00   94.90
16:12:32      27    1.01    0.00    1.01    0.00    0.00    0.00    0.00    0.00    0.00   97.98
16:12:32      28    1.01    0.00    1.01    0.00    0.00    0.00    0.00    0.00    0.00   97.98
16:12:32      29    0.00    0.00    0.00    0.00    0.00    0.00    0.00    0.00    0.00  100.00
16:12:32      30    0.99    0.00    0.99    0.99    0.00    0.00    0.00    0.00    0.00   97.03
16:12:32      31    0.00    0.00    1.00    0.00    0.00    0.00    0.00    0.00    0.00   99.00
16:12:32      32    1.00    0.00    0.00    0.00    0.00    0.00    0.00    0.00    0.00   99.00
16:12:32      33    1.98    0.00    0.00    0.00    0.00    0.00    0.00    0.00    0.00   98.02
16:12:32      34    5.05    0.00    2.02    0.00    0.00    0.00    0.00    0.00    0.00   92.93
16:12:32      35    1.00    0.00    0.00    0.00    0.00    0.00    0.00    0.00    0.00   99.00
16:12:32      36    3.00    0.00    0.00    0.00    0.00    0.00    0.00    0.00    0.00   97.00
16:12:32      37    1.00    0.00    0.00    0.00    0.00    0.00    0.00    0.00    0.00   99.00
16:12:32      38    1.00    0.00    0.00    0.00    0.00    0.00    0.00    0.00    0.00   99.00
16:12:32      39    1.00    0.00    0.00    0.00    0.00    0.00    0.00    0.00    0.00   99.00
16:12:32      40    3.06    0.00    0.00    0.00    0.00    0.00    0.00    0.00    0.00   96.94
16:12:32      41    0.00    0.00    0.00    0.00    0.00    0.00    0.00    0.00    0.00  100.00
16:12:32      42    0.99    0.00    0.00    0.00    0.00    0.00    0.00    0.00    0.00   99.01
16:12:32      43    0.00    0.00    0.00    0.00    0.00    0.00    0.00    0.00    0.00  100.00
16:12:32      44    0.00    0.00    0.00    0.00    0.00    0.00    0.00    0.00    0.00  100.00
16:12:32      45    0.99    0.00    0.00    0.00    0.00    0.00    0.00    0.00    0.00   99.01
16:12:32      46    0.00    0.00    0.00    0.00    0.00    0.00    0.00    0.00    0.00  100.00
16:12:32      47    0.00    0.00    0.00    0.00    0.00    0.00    0.00    0.00    0.00  100.00
16:12:32      48    0.00    0.00    0.00    0.00    0.00    0.00    0.00    0.00    0.00  100.00
16:12:32      49    0.00    0.00    0.00    0.00    0.00    0.00    0.00    0.00    0.00  100.00
16:12:32      50    0.00    0.00    0.00    0.00    0.00    0.00    0.00    0.00    0.00  100.00
16:12:32      51    0.00    0.00    0.00    0.00    0.00    0.00    0.00    0.00    0.00  100.00
16:12:32      52    0.99    0.00    0.00    0.00    0.00    0.00    0.00    0.00    0.00   99.01
16:12:32      53    0.00    0.00    0.00    0.00    0.00    0.00    0.00    0.00    0.00  100.00
16:12:32      54    0.00    0.00    0.00    0.00    0.00    0.00    0.00    0.00    0.00  100.00
16:12:32      55    0.00    0.00    0.00    0.00    0.00    0.00    0.00    0.00    0.00  100.00
16:12:32      56    0.00    0.00    0.00    0.00    0.00    0.00    0.00    0.00    0.00  100.00
16:12:32      57    0.00    0.00    0.00    0.00    0.00    0.00    0.00    0.00    0.00  100.00
16:12:32      58    0.00    0.00    0.00    0.00    0.00    0.00    0.00    0.00    0.00  100.00
16:12:32      59    0.00    0.00    0.00    0.00    0.00    0.00    0.00    0.00    0.00  100.00
16:12:32      60    1.00    0.00    0.00    0.00    0.00    0.00    0.00    0.00    0.00   99.00
16:12:32      61    0.00    0.00    0.00    0.00    0.00    0.00    0.00    0.00    0.00  100.00
16:12:32      62    2.00    0.00    0.00    0.00    0.00    0.00    0.00    0.00    0.00   98.00
16:12:32      63    1.01    0.00    0.00    0.00    0.00    0.00    0.00    0.00    0.00   98.99
16:12:32      64    1.00    0.00    1.00    0.00    0.00    0.00    0.00    0.00    0.00   98.00
16:12:32      65    3.06    0.00    3.06    0.00    0.00    0.00    0.00    0.00    0.00   93.88
16:12:32      66    0.00    0.00    0.00    0.00    0.00    0.00    0.00    0.00    0.00  100.00
16:12:32      67    0.00    0.00    0.00   16.33    0.00    0.00    0.00    0.00    0.00   83.67
16:12:32      68    0.00    0.00    0.00    0.00    0.00    0.00    0.00    0.00    0.00  100.00
16:12:32      69    0.00    0.00    0.00    0.00    0.00    0.00    0.00    0.00    0.00  100.00
16:12:32      70    0.99    0.00    0.00    0.00    0.00    0.00    0.00    0.00    0.00   99.01
16:12:32      71    0.99    0.00    0.00    0.00    0.00    0.00    0.00    0.00    0.00   99.01

16:12:32     CPU    %usr   %nice    %sys %iowait    %irq   %soft  %steal  %guest  %gnice   %idle
16:12:33     all    0.70    0.00    0.49    0.29    0.00    0.00    0.00    0.00    0.00   98.52
16:12:33       0    1.04    0.00    0.00    0.00    0.00    0.00    0.00    0.00    0.00   98.96
16:12:33       1    2.00    0.00    2.00    0.00    0.00    0.00    0.00    0.00    0.00   96.00
16:12:33       2    3.00    0.00    3.00    0.00    0.00    0.00    0.00    0.00    0.00   94.00
16:12:33       3    0.00    0.00    0.00    0.00    0.00    0.00    0.00    0.00    0.00  100.00
16:12:33       4    0.00    0.00    0.00    0.00    0.00    0.00    0.00    0.00    0.00  100.00
16:12:33       5    0.00    0.00    0.00    0.00    0.00    0.00    0.00    0.00    0.00  100.00
16:12:33       6    0.00    0.00    0.00    0.00    0.00    0.00    0.00    0.00    0.00  100.00
16:12:33       7    0.00    0.00    0.00    0.00    0.00    0.00    0.00    0.00    0.00  100.00
16:12:33       8    0.00    0.00    0.00    0.00    0.00    0.00    0.00    0.00    0.00  100.00
16:12:33       9    0.00    0.00    0.00    0.00    0.00    0.00    0.00    0.00    0.00  100.00
16:12:33      10    0.00    0.00    0.00    0.00    0.00    0.00    0.00    0.00    0.00  100.00
16:12:33      11    0.00    0.00    0.00    0.00    0.00    0.00    0.00    0.00    0.00  100.00
16:12:33      12    0.00    0.00    0.00    0.00    0.00    0.00    0.00    0.00    0.00  100.00
16:12:33      13    1.00    0.00    0.00    0.00    0.00    0.00    0.00    0.00    0.00   99.00
16:12:33      14    0.00    0.00    1.00    0.00    0.00    0.00    0.00    0.00    0.00   99.00
16:12:33      15    0.00    0.00    0.99    0.00    0.00    0.00    0.00    0.00    0.00   99.01
16:12:33      16    0.00    0.00    1.00    0.00    0.00    0.00    0.00    0.00    0.00   99.00
16:12:33      17    0.00    0.00    2.02    0.00    0.00    0.00    0.00    0.00    0.00   97.98
16:12:33      18    9.09    0.00   10.10    1.01    0.00    0.00    0.00    0.00    0.00   79.80
16:12:33      19    1.01    0.00    0.00    0.00    0.00    0.00    0.00    0.00    0.00   98.99
16:12:33      20    1.98    0.00    0.00    0.00    0.00    0.00    0.00    0.00    0.00   98.02
16:12:33      21    1.01    0.00    0.00    0.00    0.00    0.00    0.00    0.00    0.00   98.99
16:12:33      22    4.04    0.00    3.03    0.00    0.00    0.00    0.00    0.00    0.00   92.93
16:12:33      23    2.00    0.00    1.00    0.00    0.00    0.00    0.00    0.00    0.00   97.00
16:12:33      24    0.00    0.00    0.00    0.00    0.00    0.00    0.00    0.00    0.00  100.00
16:12:33      25    0.00    0.00    0.00    0.00    0.00    0.00    0.00    0.00    0.00  100.00
16:12:33      26    8.00    0.00    3.00    0.00    0.00    0.00    0.00    0.00    0.00   89.00
16:12:33      27    1.00    0.00    0.00    0.00    0.00    0.00    0.00    0.00    0.00   99.00
16:12:33      28    0.00    0.00    1.00    0.00    0.00    0.00    0.00    0.00    0.00   99.00
16:12:33      29    1.98    0.00    0.99    0.99    0.00    0.00    0.00    0.00    0.00   96.04
16:12:33      30    0.00    0.00    0.00    0.00    0.00    0.00    0.00    0.00    0.00  100.00
16:12:33      31    0.00    0.00    0.00    0.00    0.00    0.00    0.00    0.00    0.00  100.00
16:12:33      32    0.00    0.00    0.00    0.00    0.00    0.00    0.00    0.00    0.00  100.00
16:12:33      33    0.00    0.00    0.00    0.00    0.00    0.00    0.00    0.00    0.00  100.00
16:12:33      34    3.00    0.00    1.00    1.00    0.00    0.00    0.00    0.00    0.00   95.00
16:12:33      35    2.00    0.00    2.00    0.00    0.00    0.00    0.00    0.00    0.00   96.00
16:12:33      36    1.00    0.00    1.00    0.00    0.00    0.00    0.00    0.00    0.00   98.00
16:12:33      37    0.00    0.00    0.00    0.00    0.00    0.00    0.00    0.00    0.00  100.00
16:12:33      38    1.01    0.00    0.00    0.00    0.00    0.00    0.00    0.00    0.00   98.99
16:12:33      39    0.00    0.00    1.00    0.00    0.00    0.00    0.00    0.00    0.00   99.00
16:12:33      40    1.02    0.00    0.00    0.00    0.00    0.00    0.00    0.00    0.00   98.98
16:12:33      41    0.00    0.00    0.00    0.00    0.00    0.00    0.00    0.00    0.00  100.00
16:12:33      42    0.00    0.00    0.00    0.00    0.00    0.00    0.00    0.00    0.00  100.00
16:12:33      43    0.00    0.00    0.00    0.00    0.00    0.00    0.00    0.00    0.00  100.00
16:12:33      44    0.00    0.00    0.00    0.00    0.00    0.00    0.00    0.00    0.00  100.00
16:12:33      45    0.00    0.00    0.00    0.00    0.00    0.00    0.00    0.00    0.00  100.00
16:12:33      46    0.00    0.00    0.00    0.00    0.00    0.00    0.00    0.00    0.00  100.00
16:12:33      47    0.00    0.00    0.00    0.00    0.00    0.00    0.00    0.00    0.00  100.00
16:12:33      48    1.00    0.00    0.00    0.00    0.00    0.00    0.00    0.00    0.00   99.00
16:12:33      49    0.00    0.00    0.00    0.00    0.00    0.00    0.00    0.00    0.00  100.00
16:12:33      50    0.99    0.00    0.00    0.00    0.00    0.00    0.00    0.00    0.00   99.01
16:12:33      51    0.00    0.00    0.00    0.00    0.00    0.00    0.00    0.00    0.00  100.00
16:12:33      52    0.00    0.00    0.00    0.00    0.00    0.00    0.00    0.00    0.00  100.00
16:12:33      53    0.00    0.00    0.00    0.00    0.00    0.00    0.00    0.00    0.00  100.00
16:12:33      54    0.00    0.00    0.00    0.00    0.00    0.00    0.00    0.00    0.00  100.00
16:12:33      55    0.00    0.00    0.00    0.00    0.00    0.00    0.00    0.00    0.00  100.00
16:12:33      56    0.00    0.00    0.00    0.00    0.00    0.00    0.00    0.00    0.00  100.00
16:12:33      57    0.00    0.00    0.00    0.00    0.00    0.00    0.00    0.00    0.00  100.00
16:12:33      58    0.00    0.00    0.00    0.00    0.00    0.00    0.00    0.00    0.00  100.00
16:12:33      59    0.00    0.00    0.00    0.00    0.00    0.00    0.00    0.00    0.00  100.00
16:12:33      60    0.00    0.00    0.00    0.00    0.00    0.00    0.00    0.00    0.00  100.00
16:12:33      61    0.00    0.00    0.00    0.00    0.00    0.00    0.00    0.00    0.00  100.00
16:12:33      62    1.98    0.00    0.99    0.00    0.00    0.00    0.00    0.00    0.00   97.03
16:12:33      63    1.00    0.00    0.00    0.00    0.00    0.00    0.00    0.00    0.00   99.00
16:12:33      64    0.00    0.00    0.00    0.00    0.00    0.00    0.00    0.00    0.00  100.00
16:12:33      65    0.00    0.00    0.00    0.00    0.00    0.00    0.00    0.00    0.00  100.00
16:12:33      66    0.00    0.00    0.00    0.00    0.00    0.00    0.00    0.00    0.00  100.00
16:12:33      67    0.00    0.00    0.00   18.00    0.00    0.00    0.00    0.00    0.00   82.00
16:12:33      68    0.00    0.00    0.00    0.00    0.00    0.00    0.00    0.00    0.00  100.00
16:12:33      69    0.00    0.00    0.00    0.00    0.00    0.00    0.00    0.00    0.00  100.00
16:12:33      70    0.00    0.00    0.00    0.00    0.00    0.00    0.00    0.00    0.00  100.00
16:12:33      71    0.00    0.00    0.00    0.00    0.00    0.00    0.00    0.00    0.00  100.00

16:12:33     CPU    %usr   %nice    %sys %iowait    %irq   %soft  %steal  %guest  %gnice   %idle
16:12:34     all    0.99    0.00    0.39    0.24    0.00    0.00    0.00    0.00    0.00   98.38
16:12:34       0    0.00    0.00    1.04    0.00    0.00    0.00    0.00    0.00    0.00   98.96
16:12:34       1    0.00    0.00    0.00    0.00    0.00    0.00    0.00    0.00    0.00  100.00
16:12:34       2    1.01    0.00    1.01    0.00    0.00    0.00    0.00    0.00    0.00   97.98
16:12:34       3    0.00    0.00    0.00    0.00    0.00    0.00    0.00    0.00    0.00  100.00
16:12:34       4    0.00    0.00    0.00    0.00    0.00    0.00    0.00    0.00    0.00  100.00
16:12:34       5    0.00    0.00    0.00    0.00    0.00    0.00    0.00    0.00    0.00  100.00
16:12:34       6    0.00    0.00    0.00    0.00    0.00    0.00    0.00    0.00    0.00  100.00
16:12:34       7    0.00    0.00    0.00    0.00    0.00    0.00    0.00    0.00    0.00  100.00
16:12:34       8    0.00    0.00    0.00    0.00    0.00    0.00    0.00    0.00    0.00  100.00
16:12:34       9    0.00    0.00    0.00    0.00    0.00    0.00    0.00    0.00    0.00  100.00
16:12:34      10    0.00    0.00    0.00    0.00    0.00    0.00    0.00    0.00    0.00  100.00
16:12:34      11    0.00    0.00    0.00    0.00    0.00    0.00    0.00    0.00    0.00  100.00
16:12:34      12    0.00    0.00    0.00    0.00    0.00    0.00    0.00    0.00    0.00  100.00
16:12:34      13    0.00    0.00    0.00    0.00    0.00    0.00    0.00    0.00    0.00  100.00
16:12:34      14    0.99    0.00    0.00    0.00    0.00    0.00    0.00    0.00    0.00   99.01
16:12:34      15    0.00    0.00    0.00    0.00    0.00    0.00    0.00    0.00    0.00  100.00
16:12:34      16    0.00    0.00    2.02    0.00    0.00    0.00    0.00    0.00    0.00   97.98
16:12:34      17    0.00    0.00    0.00    0.00    0.00    0.00    0.00    0.00    0.00  100.00
16:12:34      18    8.00    0.00    8.00    0.00    0.00    0.00    0.00    0.00    0.00   84.00
16:12:34      19    1.98    0.00    0.99    0.00    0.00    0.00    0.00    0.00    0.00   97.03
16:12:34      20    1.02    0.00    0.00    0.00    0.00    0.00    0.00    0.00    0.00   98.98
16:12:34      21    1.00    0.00    0.00    0.00    0.00    0.00    0.00    0.00    0.00   99.00
16:12:34      22   19.00    0.00    2.00    1.00    0.00    0.00    0.00    0.00    0.00   78.00
16:12:34      23    3.96    0.00    0.00    0.00    0.00    0.00    0.00    0.00    0.00   96.04
16:12:34      24    0.00    0.00    0.00    0.00    0.00    0.00    0.00    0.00    0.00  100.00
16:12:34      25    4.00    0.00    2.00    0.00    0.00    0.00    0.00    0.00    0.00   94.00
16:12:34      26    4.04    0.00    1.01    0.00    0.00    0.00    0.00    0.00    0.00   94.95
16:12:34      27    2.00    0.00    0.00    0.00    0.00    0.00    0.00    0.00    0.00   98.00
16:12:34      28    2.00    0.00    0.00    0.00    0.00    0.00    0.00    0.00    0.00   98.00
16:12:34      29    0.00    0.00    0.00    0.00    0.00    0.00    0.00    0.00    0.00  100.00
16:12:34      30    1.01    0.00    1.01    0.00    0.00    0.00    0.00    0.00    0.00   97.98
16:12:34      31    0.99    0.00    0.00    0.00    0.00    0.00    0.00    0.00    0.00   99.01
16:12:34      32    0.00    0.00    0.00    0.00    0.00    0.00    0.00    0.00    0.00  100.00
16:12:34      33    0.00    0.00    0.00    0.00    0.00    0.00    0.00    0.00    0.00  100.00
16:12:34      34    6.06    0.00    2.02    0.00    0.00    0.00    0.00    0.00    0.00   91.92
16:12:34      35    2.00    0.00    1.00    0.00    0.00    0.00    0.00    0.00    0.00   97.00
16:12:34      36    0.00    0.00    0.00    0.00    0.00    0.00    0.00    0.00    0.00  100.00
16:12:34      37    2.00    0.00    2.00    0.00    0.00    0.00    0.00    0.00    0.00   96.00
16:12:34      38    0.00    0.00    0.00    0.00    0.00    0.00    0.00    0.00    0.00  100.00
16:12:34      39    0.00    0.00    0.00    0.00    0.00    0.00    0.00    0.00    0.00  100.00
16:12:34      40    1.02    0.00    1.02    0.00    0.00    0.00    0.00    0.00    0.00   97.96
16:12:34      41    0.00    0.00    0.00    0.00    0.00    0.00    0.00    0.00    0.00  100.00
16:12:34      42    0.00    0.00    0.00    0.00    0.00    0.00    0.00    0.00    0.00  100.00
16:12:34      43    1.00    0.00    0.00    0.00    0.00    0.00    0.00    0.00    0.00   99.00
16:12:34      44    0.00    0.00    0.00    0.00    0.00    0.00    0.00    0.00    0.00  100.00
16:12:34      45    0.00    0.00    0.00    0.00    0.00    0.00    0.00    0.00    0.00  100.00
16:12:34      46    0.00    0.00    0.00    0.00    0.00    0.00    0.00    0.00    0.00  100.00
16:12:34      47    0.00    0.00    0.00    0.00    0.00    0.00    0.00    0.00    0.00  100.00
16:12:34      48    0.00    0.00    0.00    0.00    0.00    0.00    0.00    0.00    0.00  100.00
16:12:34      49    0.00    0.00    0.00    0.00    0.00    0.00    0.00    0.00    0.00  100.00
16:12:34      50    0.00    0.00    0.00    0.00    0.00    0.00    0.00    0.00    0.00  100.00
16:12:34      51    0.00    0.00    0.00    0.00    0.00    0.00    0.00    0.00    0.00  100.00
16:12:34      52    0.00    0.00    0.00    0.00    0.00    0.00    0.00    0.00    0.00  100.00
16:12:34      53    0.00    0.00    0.00    0.00    0.00    0.00    0.00    0.00    0.00  100.00
16:12:34      54    0.00    0.00    0.00    0.00    0.00    0.00    0.00    0.00    0.00  100.00
16:12:34      55    0.00    0.00    0.00    0.00    0.00    0.00    0.00    0.00    0.00  100.00
16:12:34      56    0.00    0.00    0.00    0.00    0.00    0.00    0.00    0.00    0.00  100.00
16:12:34      57    0.00    0.00    0.00    0.00    0.00    0.00    0.00    0.00    0.00  100.00
16:12:34      58    0.00    0.00    0.00    0.00    0.00    0.00    0.00    0.00    0.00  100.00
16:12:34      59    0.00    0.00    0.00    0.00    0.00    0.00    0.00    0.00    0.00  100.00
16:12:34      60    0.00    0.00    0.00    0.00    0.00    0.00    0.00    0.00    0.00  100.00
16:12:34      61    0.00    0.00    0.00    0.00    0.00    0.00    0.00    0.00    0.00  100.00
16:12:34      62    5.05    0.00    2.02    0.00    0.00    0.00    0.00    0.00    0.00   92.93
16:12:34      63    2.00    0.00    1.00    0.00    0.00    0.00    0.00    0.00    0.00   97.00
16:12:34      64    0.00    0.00    0.00    0.00    0.00    0.00    0.00    0.00    0.00  100.00
16:12:34      65    1.00    0.00    0.00    0.00    0.00    0.00    0.00    0.00    0.00   99.00
16:12:34      66    0.00    0.00    0.00    0.00    0.00    0.00    0.00    0.00    0.00  100.00
16:12:34      67    0.00    0.00    0.00   16.16    0.00    0.00    0.00    0.00    0.00   83.84
16:12:34      68    0.00    0.00    0.00    0.00    0.00    0.00    0.00    0.00    0.00  100.00
16:12:34      69    0.00    0.00    0.00    0.00    0.00    0.00    0.00    0.00    0.00  100.00
16:12:34      70    0.00    0.00    0.00    0.00    0.00    0.00    0.00    0.00    0.00  100.00
16:12:34      71    0.00    0.00    0.00    0.00    0.00    0.00    0.00    0.00    0.00  100.00

16:12:34     CPU    %usr   %nice    %sys %iowait    %irq   %soft  %steal  %guest  %gnice   %idle
16:12:35     all    0.64    0.00    0.49    0.31    0.00    0.03    0.00    0.00    0.00   98.54
16:12:35       0    2.04    0.00    1.02    0.00    0.00    0.00    0.00    0.00    0.00   96.94
16:12:35       1    0.00    0.00    1.00    0.00    0.00    0.00    0.00    0.00    0.00   99.00
16:12:35       2    3.00    0.00    1.00    0.00    0.00    1.00    0.00    0.00    0.00   95.00
16:12:35       3    0.00    0.00    0.00    0.00    0.00    0.00    0.00    0.00    0.00  100.00
16:12:35       4    0.99    0.00    0.99    0.00    0.00    0.00    0.00    0.00    0.00   98.02
16:12:35       5    1.00    0.00    0.00    0.00    0.00    0.00    0.00    0.00    0.00   99.00
16:12:35       6    0.00    0.00    0.00    0.00    0.00    0.00    0.00    0.00    0.00  100.00
16:12:35       7    0.00    0.00    0.00    0.00    0.00    0.00    0.00    0.00    0.00  100.00
16:12:35       8    0.00    0.00    0.00    0.00    0.00    0.00    0.00    0.00    0.00  100.00
16:12:35       9    0.00    0.00    0.00    0.00    0.00    0.00    0.00    0.00    0.00  100.00
16:12:35      10    0.00    0.00    0.00    0.00    0.00    0.00    0.00    0.00    0.00  100.00
16:12:35      11    0.00    0.00    0.00    0.00    0.00    0.00    0.00    0.00    0.00  100.00
16:12:35      12    0.00    0.00    0.00    0.00    0.00    0.00    0.00    0.00    0.00  100.00
16:12:35      13    0.00    0.00    0.00    0.00    0.00    0.00    0.00    0.00    0.00  100.00
16:12:35      14    0.00    0.00    0.00    0.00    0.00    0.00    0.00    0.00    0.00  100.00
16:12:35      15    0.00    0.00    1.00    0.00    0.00    0.00    0.00    0.00    0.00   99.00
16:12:35      16    0.00    0.00    1.01    0.00    0.00    0.00    0.00    0.00    0.00   98.99
16:12:35      17    0.00    0.00    0.00    0.00    0.00    0.00    0.00    0.00    0.00  100.00
16:12:35      18   10.20    0.00    7.14    0.00    0.00    0.00    0.00    0.00    0.00   82.65
16:12:35      19    3.00    0.00    0.00    0.00    0.00    0.00    0.00    0.00    0.00   97.00
16:12:35      20    1.01    0.00    0.00    0.00    0.00    0.00    0.00    0.00    0.00   98.99
16:12:35      21    0.00    0.00    0.00    0.00    0.00    0.00    0.00    0.00    0.00  100.00
16:12:35      22    9.09    0.00    2.02    0.00    0.00    1.01    0.00    0.00    0.00   87.88
16:12:35      23    0.00    0.00    1.01    0.00    0.00    0.00    0.00    0.00    0.00   98.99
16:12:35      24    0.00    0.00    0.00    0.00    0.00    0.00    0.00    0.00    0.00  100.00
16:12:35      25    0.00    0.00    1.00    0.00    0.00    0.00    0.00    0.00    0.00   99.00
16:12:35      26    4.04    0.00    2.02    1.01    0.00    0.00    0.00    0.00    0.00   92.93
16:12:35      27    0.00    0.00    0.00    0.00    0.00    0.00    0.00    0.00    0.00  100.00
16:12:35      28    0.00    0.00    0.00    0.00    0.00    0.00    0.00    0.00    0.00  100.00
16:12:35      29    0.00    0.00    1.00    0.00    0.00    0.00    0.00    0.00    0.00   99.00
16:12:35      30    0.99    0.00    0.99    0.00    0.00    0.00    0.00    0.00    0.00   98.02
16:12:35      31    0.00    0.00    0.00    0.00    0.00    0.00    0.00    0.00    0.00  100.00
16:12:35      32    0.00    0.00    0.00    0.00    0.00    0.00    0.00    0.00    0.00  100.00
16:12:35      33    0.00    0.00    0.00    0.00    0.00    0.00    0.00    0.00    0.00  100.00
16:12:35      34    2.02    0.00    2.02   20.20    0.00    0.00    0.00    0.00    0.00   75.76
16:12:35      35    1.01    0.00    0.00    0.00    0.00    0.00    0.00    0.00    0.00   98.99
16:12:35      36    1.00    0.00    0.00    0.00    0.00    0.00    0.00    0.00    0.00   99.00
16:12:35      37    1.00    0.00    1.00    0.00    0.00    0.00    0.00    0.00    0.00   98.00
16:12:35      38    0.00    0.00    0.00    0.00    0.00    0.00    0.00    0.00    0.00  100.00
16:12:35      39    2.02    0.00    3.03    0.00    0.00    0.00    0.00    0.00    0.00   94.95
16:12:35      40    2.00    0.00    2.00    1.00    0.00    0.00    0.00    0.00    0.00   95.00
16:12:35      41    0.00    0.00    0.00    0.00    0.00    0.00    0.00    0.00    0.00  100.00
16:12:35      42    0.00    0.00    0.00    0.00    0.00    0.00    0.00    0.00    0.00  100.00
16:12:35      43    0.00    0.00    0.00    0.00    0.00    0.00    0.00    0.00    0.00  100.00
16:12:35      44    0.00    0.00    0.00    0.00    0.00    0.00    0.00    0.00    0.00  100.00
16:12:35      45    0.00    0.00    0.00    0.00    0.00    0.00    0.00    0.00    0.00  100.00
16:12:35      46    0.00    0.00    0.00    0.00    0.00    0.00    0.00    0.00    0.00  100.00
16:12:35      47    1.00    0.00    1.00    0.00    0.00    0.00    0.00    0.00    0.00   98.00
16:12:35      48    0.00    0.00    0.00    0.00    0.00    0.00    0.00    0.00    0.00  100.00
16:12:35      49    0.00    0.00    0.00    0.00    0.00    0.00    0.00    0.00    0.00  100.00
16:12:35      50    0.00    0.00    0.00    0.00    0.00    0.00    0.00    0.00    0.00  100.00
16:12:35      51    0.00    0.00    0.00    0.00    0.00    0.00    0.00    0.00    0.00  100.00
16:12:35      52    0.00    0.00    0.00    0.00    0.00    0.00    0.00    0.00    0.00  100.00
16:12:35      53    0.00    0.00    0.00    0.00    0.00    0.00    0.00    0.00    0.00  100.00
16:12:35      54    0.00    0.00    0.00    0.00    0.00    0.00    0.00    0.00    0.00  100.00
16:12:35      55    0.00    0.00    0.00    0.00    0.00    0.00    0.00    0.00    0.00  100.00
16:12:35      56    0.00    0.00    0.00    0.00    0.00    0.00    0.00    0.00    0.00  100.00
16:12:35      57    0.00    0.00    0.00    0.00    0.00    0.00    0.00    0.00    0.00  100.00
16:12:35      58    0.00    0.00    0.00    0.00    0.00    0.00    0.00    0.00    0.00  100.00
16:12:35      59    0.00    0.00    0.00    0.00    0.00    0.00    0.00    0.00    0.00  100.00
16:12:35      60    0.00    0.00    0.00    0.00    0.00    0.00    0.00    0.00    0.00  100.00
16:12:35      61    0.00    0.00    0.00    0.00    0.00    0.00    0.00    0.00    0.00  100.00
16:12:35      62    1.01    0.00    3.03    0.00    0.00    0.00    0.00    0.00    0.00   95.96
16:12:35      63    0.00    0.00    0.00    0.00    0.00    0.00    0.00    0.00    0.00  100.00
16:12:35      64    0.00    0.00    0.00    0.00    0.00    0.00    0.00    0.00    0.00  100.00
16:12:35      65    0.00    0.00    0.99    0.00    0.00    0.00    0.00    0.00    0.00   99.01
16:12:35      66    0.00    0.00    0.00    0.00    0.00    0.00    0.00    0.00    0.00  100.00
16:12:35      67    0.00    0.00    0.00    0.00    0.00    0.00    0.00    0.00    0.00  100.00
16:12:35      68    0.00    0.00    0.00    0.00    0.00    0.00    0.00    0.00    0.00  100.00
16:12:35      69    0.00    0.00    0.00    0.00    0.00    0.00    0.00    0.00    0.00  100.00
16:12:35      70    0.00    0.00    0.00    0.00    0.00    0.00    0.00    0.00    0.00  100.00
16:12:35      71    0.00    0.00    1.00    0.00    0.00    0.00    0.00    0.00    0.00   99.00

16:12:35     CPU    %usr   %nice    %sys %iowait    %irq   %soft  %steal  %guest  %gnice   %idle
16:12:36     all    0.90    0.00    0.54    0.31    0.00    0.00    0.00    0.00    0.00   98.25
16:12:36       0    0.00    0.00    0.00    0.00    0.00    0.00    0.00    0.00    0.00  100.00
16:12:36       1    0.00    0.00    0.00    0.00    0.00    0.00    0.00    0.00    0.00  100.00
16:12:36       2    3.00    0.00    3.00    0.00    0.00    0.00    0.00    0.00    0.00   94.00
16:12:36       3    0.00    0.00    0.00    0.00    0.00    0.00    0.00    0.00    0.00  100.00
16:12:36       4    0.00    0.00    0.00    0.00    0.00    0.00    0.00    0.00    0.00  100.00
16:12:36       5    1.00    0.00    0.00    0.00    0.00    0.00    0.00    0.00    0.00   99.00
16:12:36       6    0.00    0.00    0.00    0.00    0.00    0.00    0.00    0.00    0.00  100.00
16:12:36       7    1.01    0.00    0.00    0.00    0.00    0.00    0.00    0.00    0.00   98.99
16:12:36       8    0.00    0.00    0.00    0.00    0.00    0.00    0.00    0.00    0.00  100.00
16:12:36       9    0.99    0.00    0.00    0.00    0.00    0.00    0.00    0.00    0.00   99.01
16:12:36      10    1.00    0.00    0.00    0.00    0.00    0.00    0.00    0.00    0.00   99.00
16:12:36      11    0.00    0.00    0.00    0.00    0.00    0.00    0.00    0.00    0.00  100.00
16:12:36      12    1.00    0.00    0.00    0.00    0.00    0.00    0.00    0.00    0.00   99.00
16:12:36      13    0.00    0.00    0.00    0.00    0.00    0.00    0.00    0.00    0.00  100.00
16:12:36      14    0.00    0.00    0.00    0.00    0.00    0.00    0.00    0.00    0.00  100.00
16:12:36      15    0.99    0.00    0.99    0.00    0.00    0.00    0.00    0.00    0.00   98.02
16:12:36      16    0.99    0.00    1.98    0.00    0.00    0.00    0.00    0.00    0.00   97.03
16:12:36      17    0.99    0.00    0.00    0.00    0.00    0.00    0.00    0.00    0.00   99.01
16:12:36      18    8.00    0.00    7.00    1.00    0.00    0.00    0.00    0.00    0.00   84.00
16:12:36      19    2.00    0.00    1.00    0.00    0.00    0.00    0.00    0.00    0.00   97.00
16:12:36      20    1.00    0.00    1.00    0.00    0.00    0.00    0.00    0.00    0.00   98.00
16:12:36      21    0.00    0.00    0.00    0.00    0.00    0.00    0.00    0.00    0.00  100.00
16:12:36      22    8.91    0.00    3.96   13.86    0.00    0.00    0.00    0.00    0.00   73.27
16:12:36      23    3.03    0.00    0.00    0.00    0.00    0.00    0.00    0.00    0.00   96.97
16:12:36      24    0.00    0.00    0.00    0.00    0.00    0.00    0.00    0.00    0.00  100.00
16:12:36      25    0.00    0.00    0.00    0.00    0.00    0.00    0.00    0.00    0.00  100.00
16:12:36      26    2.02    0.00    1.01    0.00    0.00    0.00    0.00    0.00    0.00   96.97
16:12:36      27    1.00    0.00    1.00    0.00    0.00    0.00    0.00    0.00    0.00   98.00
16:12:36      28    0.99    0.00    0.99    0.00    0.00    0.00    0.00    0.00    0.00   98.02
16:12:36      29    0.00    0.00    0.00    0.00    0.00    0.00    0.00    0.00    0.00  100.00
16:12:36      30    1.00    0.00    2.00    0.00    0.00    0.00    0.00    0.00    0.00   97.00
16:12:36      31    2.00    0.00    1.00    0.00    0.00    0.00    0.00    0.00    0.00   97.00
16:12:36      32    0.00    0.00    1.01    0.00    0.00    0.00    0.00    0.00    0.00   98.99
16:12:36      33    0.00    0.00    0.00    0.00    0.00    0.00    0.00    0.00    0.00  100.00
16:12:36      34    6.06    0.00    2.02    6.06    0.00    0.00    0.00    0.00    0.00   85.86
16:12:36      35    2.02    0.00    0.00    0.00    0.00    0.00    0.00    0.00    0.00   97.98
16:12:36      36    1.01    0.00    0.00    0.00    0.00    0.00    0.00    0.00    0.00   98.99
16:12:36      37    1.01    0.00    0.00    0.00    0.00    0.00    0.00    0.00    0.00   98.99
16:12:36      38    1.98    0.00    0.99    0.99    0.00    0.00    0.00    0.00    0.00   96.04
16:12:36      39    0.99    0.00    0.99    0.00    0.00    0.00    0.00    0.00    0.00   98.02
16:12:36      40    0.00    0.00    0.00    0.00    0.00    0.00    0.00    0.00    0.00  100.00
16:12:36      41    0.00    0.00    1.00    0.00    0.00    0.00    0.00    0.00    0.00   99.00
16:12:36      42    0.00    0.00    0.00    0.00    0.00    0.00    0.00    0.00    0.00  100.00
16:12:36      43    0.00    0.00    0.00    0.00    0.00    0.00    0.00    0.00    0.00  100.00
16:12:36      44    0.99    0.00    0.00    0.00    0.00    0.00    0.00    0.00    0.00   99.01
16:12:36      45    0.00    0.00    0.00    0.00    0.00    0.00    0.00    0.00    0.00  100.00
16:12:36      46    0.00    0.00    0.00    0.00    0.00    0.00    0.00    0.00    0.00  100.00
16:12:36      47    0.00    0.00    0.00    0.00    0.00    0.00    0.00    0.00    0.00  100.00
16:12:36      48    1.00    0.00    0.00    0.00    0.00    0.00    0.00    0.00    0.00   99.00
16:12:36      49    0.00    0.00    0.00    0.00    0.00    0.00    0.00    0.00    0.00  100.00
16:12:36      50    0.00    0.00    1.00    0.00    0.00    0.00    0.00    0.00    0.00   99.00
16:12:36      51    1.96    0.00    0.98    0.00    0.00    0.00    0.00    0.00    0.00   97.06
16:12:36      52    0.00    0.00    1.00    0.00    0.00    0.00    0.00    0.00    0.00   99.00
16:12:36      53    0.98    0.00    0.98    0.00    0.00    0.00    0.00    0.00    0.00   98.04
16:12:36      54    0.99    0.00    0.99    0.00    0.00    0.00    0.00    0.00    0.00   98.02
16:12:36      55    0.00    0.00    0.00    0.00    0.00    0.00    0.00    0.00    0.00  100.00
16:12:36      56    0.00    0.00    0.00    0.00    0.00    0.00    0.00    0.00    0.00  100.00
16:12:36      57    0.00    0.00    0.00    0.00    0.00    0.00    0.00    0.00    0.00  100.00
16:12:36      58    0.00    0.00    0.00    0.00    0.00    0.00    0.00    0.00    0.00  100.00
16:12:36      59    0.00    0.00    0.00    0.00    0.00    0.00    0.00    0.00    0.00  100.00
16:12:36      60    0.00    0.00    0.00    0.00    0.00    0.00    0.00    0.00    0.00  100.00
16:12:36      61    0.00    0.00    0.00    0.00    0.00    0.00    0.00    0.00    0.00  100.00
16:12:36      62    1.00    0.00    3.00    0.00    0.00    0.00    0.00    0.00    0.00   96.00
16:12:36      63    0.00    0.00    0.00    0.00    0.00    0.00    0.00    0.00    0.00  100.00
16:12:36      64    0.00    0.00    0.00    0.00    0.00    0.00    0.00    0.00    0.00  100.00
16:12:36      65    1.01    0.00    0.00    0.00    0.00    0.00    0.00    0.00    0.00   98.99
16:12:36      66    1.00    0.00    0.00    0.00    0.00    0.00    0.00    0.00    0.00   99.00
16:12:36      67    0.00    0.00    0.00    0.00    0.00    0.00    0.00    0.00    0.00  100.00
16:12:36      68    0.99    0.00    0.00    0.00    0.00    0.00    0.00    0.00    0.00   99.01
16:12:36      69    0.99    0.00    0.00    0.00    0.00    0.00    0.00    0.00    0.00   99.01
16:12:36      70    0.00    0.00    0.00    0.00    0.00    0.00    0.00    0.00    0.00  100.00
16:12:36      71    0.00    0.00    0.00    0.00    0.00    0.00    0.00    0.00    0.00  100.00

16:12:36     CPU    %usr   %nice    %sys %iowait    %irq   %soft  %steal  %guest  %gnice   %idle
16:12:37     all    0.86    0.00    0.43    0.26    0.00    0.00    0.00    0.00    0.00   98.44
16:12:37       0    1.03    0.00    0.00    0.00    0.00    0.00    0.00    0.00    0.00   98.97
16:12:37       1    0.00    0.00    0.00    0.00    0.00    0.00    0.00    0.00    0.00  100.00
16:12:37       2    3.92    0.00    1.96    0.98    0.00    0.00    0.00    0.00    0.00   93.14
16:12:37       3    0.00    0.00    0.00    0.00    0.00    0.00    0.00    0.00    0.00  100.00
16:12:37       4    0.00    0.00    0.00    0.00    0.00    0.00    0.00    0.00    0.00  100.00
16:12:37       5    0.00    0.00    0.00    0.00    0.00    0.00    0.00    0.00    0.00  100.00
16:12:37       6    1.00    0.00    0.00    0.00    0.00    0.00    0.00    0.00    0.00   99.00
16:12:37       7    0.00    0.00    1.00    0.00    0.00    0.00    0.00    0.00    0.00   99.00
16:12:37       8    0.00    0.00    0.00    0.00    0.00    0.00    0.00    0.00    0.00  100.00
16:12:37       9    0.00    0.00    0.00    0.00    0.00    0.00    0.00    0.00    0.00  100.00
16:12:37      10    0.00    0.00    0.00    0.00    0.00    0.00    0.00    0.00    0.00  100.00
16:12:37      11    0.00    0.00    0.00    0.00    0.00    0.00    0.00    0.00    0.00  100.00
16:12:37      12    0.00    0.00    0.00    0.00    0.00    0.00    0.00    0.00    0.00  100.00
16:12:37      13    0.00    0.00    0.00    0.00    0.00    0.00    0.00    0.00    0.00  100.00
16:12:37      14    0.00    0.00    0.00    0.00    0.00    0.00    0.00    0.00    0.00  100.00
16:12:37      15    0.00    0.00    1.01    0.00    0.00    0.00    0.00    0.00    0.00   98.99
16:12:37      16    0.00    0.00    0.00    0.00    0.00    0.00    0.00    0.00    0.00  100.00
16:12:37      17    0.00    0.00    4.04    0.00    0.00    0.00    0.00    0.00    0.00   95.96
16:12:37      18   14.14    0.00    7.07    0.00    0.00    0.00    0.00    0.00    0.00   78.79
16:12:37      19    1.01    0.00    0.00    0.00    0.00    0.00    0.00    0.00    0.00   98.99
16:12:37      20    3.00    0.00    0.00    0.00    0.00    0.00    0.00    0.00    0.00   97.00
16:12:37      21    0.99    0.00    0.00    0.00    0.00    0.00    0.00    0.00    0.00   99.01
16:12:37      22    6.06    0.00    1.01    0.00    0.00    0.00    0.00    0.00    0.00   92.93
16:12:37      23    5.00    0.00    1.00    0.00    0.00    0.00    0.00    0.00    0.00   94.00
16:12:37      24    1.00    0.00    0.00    0.00    0.00    0.00    0.00    0.00    0.00   99.00
16:12:37      25    0.00    0.00    0.99    0.00    0.00    0.00    0.00    0.00    0.00   99.01
16:12:37      26    5.00    0.00    2.00    0.00    0.00    0.00    0.00    0.00    0.00   93.00
16:12:37      27    2.00    0.00    0.00    0.00    0.00    0.00    0.00    0.00    0.00   98.00
16:12:37      28    0.00    0.00    0.00    0.00    0.00    0.00    0.00    0.00    0.00  100.00
16:12:37      29    0.00    0.00    1.00    0.00    0.00    0.00    0.00    0.00    0.00   99.00
16:12:37      30    0.00    0.00    0.00    0.00    0.00    0.00    0.00    0.00    0.00  100.00
16:12:37      31    0.00    0.00    0.00    0.00    0.00    0.00    0.00    0.00    0.00  100.00
16:12:37      32    0.00    0.00    0.00    0.00    0.00    0.00    0.00    0.00    0.00  100.00
16:12:37      33    0.00    0.00    0.00    0.00    0.00    0.00    0.00    0.00    0.00  100.00
16:12:37      34    3.06    0.00    2.04   18.37    0.00    0.00    0.00    0.00    0.00   76.53
16:12:37      35    0.00    0.00    0.00    0.00    0.00    0.00    0.00    0.00    0.00  100.00
16:12:37      36    1.00    0.00    1.00    0.00    0.00    0.00    0.00    0.00    0.00   98.00
16:12:37      37    2.00    0.00    1.00    0.00    0.00    0.00    0.00    0.00    0.00   97.00
16:12:37      38    5.00    0.00    2.00    0.00    0.00    0.00    0.00    0.00    0.00   93.00
16:12:37      39    2.00    0.00    1.00    0.00    0.00    0.00    0.00    0.00    0.00   97.00
16:12:37      40    2.02    0.00    1.01    0.00    0.00    0.00    0.00    0.00    0.00   96.97
16:12:37      41    0.00    0.00    0.00    0.00    0.00    0.00    0.00    0.00    0.00  100.00
16:12:37      42    0.00    0.00    0.00    0.00    0.00    0.00    0.00    0.00    0.00  100.00
16:12:37      43    0.00    0.00    0.00    0.00    0.00    0.00    0.00    0.00    0.00  100.00
16:12:37      44    0.00    0.00    0.00    0.00    0.00    0.00    0.00    0.00    0.00  100.00
16:12:37      45    0.00    0.00    0.00    0.00    0.00    0.00    0.00    0.00    0.00  100.00
16:12:37      46    0.00    0.00    0.00    0.00    0.00    0.00    0.00    0.00    0.00  100.00
16:12:37      47    0.00    0.00    0.00    0.00    0.00    0.00    0.00    0.00    0.00  100.00
16:12:37      48    0.00    0.00    0.00    0.00    0.00    0.00    0.00    0.00    0.00  100.00
16:12:37      49    0.00    0.00    0.00    0.00    0.00    0.00    0.00    0.00    0.00  100.00
16:12:37      50    0.00    0.00    0.00    0.00    0.00    0.00    0.00    0.00    0.00  100.00
16:12:37      51    0.00    0.00    0.00    0.00    0.00    0.00    0.00    0.00    0.00  100.00
16:12:37      52    0.00    0.00    0.00    0.00    0.00    0.00    0.00    0.00    0.00  100.00
16:12:37      53    0.00    0.00    0.00    0.00    0.00    0.00    0.00    0.00    0.00  100.00
16:12:37      54    0.00    0.00    0.00    0.00    0.00    0.00    0.00    0.00    0.00  100.00
16:12:37      55    0.00    0.00    0.00    0.00    0.00    0.00    0.00    0.00    0.00  100.00
16:12:37      56    0.00    0.00    0.00    0.00    0.00    0.00    0.00    0.00    0.00  100.00
16:12:37      57    0.00    0.00    0.00    0.00    0.00    0.00    0.00    0.00    0.00  100.00
16:12:37      58    0.00    0.00    0.00    0.00    0.00    0.00    0.00    0.00    0.00  100.00
16:12:37      59    0.00    0.00    0.00    0.00    0.00    0.00    0.00    0.00    0.00  100.00
16:12:37      60    0.00    0.00    0.00    0.00    0.00    0.00    0.00    0.00    0.00  100.00
16:12:37      61    0.00    0.00    0.00    0.00    0.00    0.00    0.00    0.00    0.00  100.00
16:12:37      62    0.00    0.00    0.00    0.00    0.00    0.00    0.00    0.00    0.00  100.00
16:12:37      63    0.00    0.00    0.00    0.00    0.00    0.00    0.00    0.00    0.00  100.00
16:12:37      64    0.99    0.00    0.00    0.00    0.00    0.00    0.00    0.00    0.00   99.01
16:12:37      65    0.00    0.00    0.00    0.00    0.00    0.00    0.00    0.00    0.00  100.00
16:12:37      66    0.00    0.00    0.00    0.00    0.00    0.00    0.00    0.00    0.00  100.00
16:12:37      67    1.00    0.00    1.00    0.00    0.00    0.00    0.00    0.00    0.00   98.00
16:12:37      68    0.00    0.00    0.00    0.00    0.00    0.00    0.00    0.00    0.00  100.00
16:12:37      69    0.00    0.00    0.00    0.00    0.00    0.00    0.00    0.00    0.00  100.00
16:12:37      70    0.00    0.00    0.00    0.00    0.00    0.00    0.00    0.00    0.00  100.00
16:12:37      71    1.00    0.00    1.00    0.00    0.00    0.00    0.00    0.00    0.00   98.00

16:12:37     CPU    %usr   %nice    %sys %iowait    %irq   %soft  %steal  %guest  %gnice   %idle
16:12:38     all    0.85    0.00    0.46    0.28    0.00    0.00    0.00    0.00    0.00   98.41
16:12:38       0    0.00    0.00    0.00    0.00    0.00    0.00    0.00    0.00    0.00  100.00
16:12:38       1    1.00    0.00    0.00    0.00    0.00    0.00    0.00    0.00    0.00   99.00
16:12:38       2    0.00    0.00    0.00    0.00    0.00    0.00    0.00    0.00    0.00  100.00
16:12:38       3    0.00    0.00    0.00    0.00    0.00    0.00    0.00    0.00    0.00  100.00
16:12:38       4    0.00    0.00    0.00    0.00    0.00    0.00    0.00    0.00    0.00  100.00
16:12:38       5    1.00    0.00    0.00    0.00    0.00    0.00    0.00    0.00    0.00   99.00
16:12:38       6    0.00    0.00    0.00    0.00    0.00    0.00    0.00    0.00    0.00  100.00
16:12:38       7    0.99    0.00    0.00    0.00    0.00    0.00    0.00    0.00    0.00   99.01
16:12:38       8    0.00    0.00    0.00    0.00    0.00    0.00    0.00    0.00    0.00  100.00
16:12:38       9    0.00    0.00    0.00    0.00    0.00    0.00    0.00    0.00    0.00  100.00
16:12:38      10    0.00    0.00    0.00    0.00    0.00    0.00    0.00    0.00    0.00  100.00
16:12:38      11    0.00    0.00    0.00    0.00    0.00    0.00    0.00    0.00    0.00  100.00
16:12:38      12    0.00    0.00    0.00    0.00    0.00    0.00    0.00    0.00    0.00  100.00
16:12:38      13    0.00    0.00    0.00    0.00    0.00    0.00    0.00    0.00    0.00  100.00
16:12:38      14    0.00    0.00    0.00    0.00    0.00    0.00    0.00    0.00    0.00  100.00
16:12:38      15    0.00    0.00    0.00    0.00    0.00    0.00    0.00    0.00    0.00  100.00
16:12:38      16    0.00    0.00    1.00    0.00    0.00    0.00    0.00    0.00    0.00   99.00
16:12:38      17    0.00    0.00    3.03    0.00    0.00    0.00    0.00    0.00    0.00   96.97
16:12:38      18   12.12    0.00    6.06    0.00    0.00    0.00    0.00    0.00    0.00   81.82
16:12:38      19    2.00    0.00    0.00    0.00    0.00    0.00    0.00    0.00    0.00   98.00
16:12:38      20    5.05    0.00    3.03    0.00    0.00    0.00    0.00    0.00    0.00   91.92
16:12:38      21    1.00    0.00    1.00    0.00    0.00    0.00    0.00    0.00    0.00   98.00
16:12:38      22   10.00    0.00    3.00    1.00    0.00    0.00    0.00    0.00    0.00   86.00
16:12:38      23    6.00    0.00    1.00    0.00    0.00    0.00    0.00    0.00    0.00   93.00
16:12:38      24    0.00    0.00    0.00    0.00    0.00    0.00    0.00    0.00    0.00  100.00
16:12:38      25    0.00    0.00    0.00    0.00    0.00    0.00    0.00    0.00    0.00  100.00
16:12:38      26    5.00    0.00    1.00    3.00    0.00    0.00    0.00    0.00    0.00   91.00
16:12:38      27    1.00    0.00    2.00    0.00    0.00    0.00    0.00    0.00    0.00   97.00
16:12:38      28    1.00    0.00    0.00    0.00    0.00    0.00    0.00    0.00    0.00   99.00
16:12:38      29    0.00    0.00    0.00    0.00    0.00    0.00    0.00    0.00    0.00  100.00
16:12:38      30    3.03    0.00    2.02    0.00    0.00    0.00    0.00    0.00    0.00   94.95
16:12:38      31    0.00    0.00    1.01    0.00    0.00    0.00    0.00    0.00    0.00   98.99
16:12:38      32    0.00    0.00    0.00    0.00    0.00    0.00    0.00    0.00    0.00  100.00
16:12:38      33    0.00    0.00    0.00    0.00    0.00    0.00    0.00    0.00    0.00  100.00
16:12:38      34    2.02    0.00    2.02   12.12    0.00    0.00    0.00    0.00    0.00   83.84
16:12:38      35    2.00    0.00    1.00    4.00    0.00    0.00    0.00    0.00    0.00   93.00
16:12:38      36    1.00    0.00    0.00    0.00    0.00    0.00    0.00    0.00    0.00   99.00
16:12:38      37    1.98    0.00    0.99    0.00    0.00    0.00    0.00    0.00    0.00   97.03
16:12:38      38    0.00    0.00    1.00    0.00    0.00    0.00    0.00    0.00    0.00   99.00
16:12:38      39    1.02    0.00    0.00    0.00    0.00    0.00    0.00    0.00    0.00   98.98
16:12:38      40    0.00    0.00    0.00    0.00    0.00    0.00    0.00    0.00    0.00  100.00
16:12:38      41    0.99    0.00    0.99    0.00    0.00    0.00    0.00    0.00    0.00   98.02
16:12:38      42    0.00    0.00    0.00    0.00    0.00    0.00    0.00    0.00    0.00  100.00
16:12:38      43    0.00    0.00    0.00    0.00    0.00    0.00    0.00    0.00    0.00  100.00
16:12:38      44    0.00    0.00    0.00    0.00    0.00    0.00    0.00    0.00    0.00  100.00
16:12:38      45    1.00    0.00    0.00    0.00    0.00    0.00    0.00    0.00    0.00   99.00
16:12:38      46    0.00    0.00    0.00    0.00    0.00    0.00    0.00    0.00    0.00  100.00
16:12:38      47    0.00    0.00    1.00    0.00    0.00    0.00    0.00    0.00    0.00   99.00
16:12:38      48    0.00    0.00    0.00    0.00    0.00    0.00    0.00    0.00    0.00  100.00
16:12:38      49    0.00    0.00    0.00    0.00    0.00    0.00    0.00    0.00    0.00  100.00
16:12:38      50    0.00    0.00    0.00    0.00    0.00    0.00    0.00    0.00    0.00  100.00
16:12:38      51    0.00    0.00    0.00    0.00    0.00    0.00    0.00    0.00    0.00  100.00
16:12:38      52    0.00    0.00    0.00    0.00    0.00    0.00    0.00    0.00    0.00  100.00
16:12:38      53    0.00    0.00    0.00    0.00    0.00    0.00    0.00    0.00    0.00  100.00
16:12:38      54    0.00    0.00    1.00    0.00    0.00    0.00    0.00    0.00    0.00   99.00
16:12:38      55    0.00    0.00    0.00    0.00    0.00    0.00    0.00    0.00    0.00  100.00
16:12:38      56    0.00    0.00    0.00    0.00    0.00    0.00    0.00    0.00    0.00  100.00
16:12:38      57    0.00    0.00    0.00    0.00    0.00    0.00    0.00    0.00    0.00  100.00
16:12:38      58    0.99    0.00    0.00    0.00    0.00    0.00    0.00    0.00    0.00   99.01
16:12:38      59    0.00    0.00    0.00    0.00    0.00    0.00    0.00    0.00    0.00  100.00
16:12:38      60    0.00    0.00    0.00    0.00    0.00    0.00    0.00    0.00    0.00  100.00
16:12:38      61    0.00    0.00    0.00    0.00    0.00    0.00    0.00    0.00    0.00  100.00
16:12:38      62    0.00    0.00    0.00    0.00    0.00    0.00    0.00    0.00    0.00  100.00
16:12:38      63    0.00    0.00    0.00    0.00    0.00    0.00    0.00    0.00    0.00  100.00
16:12:38      64    0.00    0.00    0.00    0.00    0.00    0.00    0.00    0.00    0.00  100.00
16:12:38      65    0.00    0.00    0.00    0.00    0.00    0.00    0.00    0.00    0.00  100.00
16:12:38      66    1.00    0.00    1.00    0.00    0.00    0.00    0.00    0.00    0.00   98.00
16:12:38      67    0.00    0.00    0.00    0.00    0.00    0.00    0.00    0.00    0.00  100.00
16:12:38      68    0.00    0.00    0.00    0.00    0.00    0.00    0.00    0.00    0.00  100.00
16:12:38      69    0.00    0.00    0.00    0.00    0.00    0.00    0.00    0.00    0.00  100.00
16:12:38      70    0.00    0.00    0.00    0.00    0.00    0.00    0.00    0.00    0.00  100.00
16:12:38      71    0.00    0.00    0.00    0.00    0.00    0.00    0.00    0.00    0.00  100.00

16:12:38     CPU    %usr   %nice    %sys %iowait    %irq   %soft  %steal  %guest  %gnice   %idle
16:12:39     all    0.67    0.00    0.46    0.33    0.00    0.00    0.00    0.00    0.00   98.54
16:12:39       0    1.04    0.00    0.00    0.00    0.00    0.00    0.00    0.00    0.00   98.96
16:12:39       1    0.00    0.00    0.00    0.00    0.00    0.00    0.00    0.00    0.00  100.00
16:12:39       2    0.00    0.00    0.00    0.00    0.00    0.00    0.00    0.00    0.00  100.00
16:12:39       3    0.00    0.00    0.00    0.00    0.00    0.00    0.00    0.00    0.00  100.00
16:12:39       4    0.00    0.00    0.00    0.00    0.00    0.00    0.00    0.00    0.00  100.00
16:12:39       5    0.00    0.00    0.00    0.00    0.00    0.00    0.00    0.00    0.00  100.00
16:12:39       6    0.00    0.00    0.00    0.00    0.00    0.00    0.00    0.00    0.00  100.00
16:12:39       7    0.00    0.00    0.00    0.00    0.00    0.00    0.00    0.00    0.00  100.00
16:12:39       8    0.00    0.00    0.00    0.00    0.00    0.00    0.00    0.00    0.00  100.00
16:12:39       9    0.00    0.00    0.00    0.00    0.00    0.00    0.00    0.00    0.00  100.00
16:12:39      10    0.00    0.00    0.00    0.00    0.00    0.00    0.00    0.00    0.00  100.00
16:12:39      11    0.00    0.00    0.00    0.00    0.00    0.00    0.00    0.00    0.00  100.00
16:12:39      12    0.00    0.00    1.00    0.00    0.00    0.00    0.00    0.00    0.00   99.00
16:12:39      13    0.00    0.00    0.00    0.00    0.00    0.00    0.00    0.00    0.00  100.00
16:12:39      14    0.00    0.00    0.00    0.00    0.00    0.00    0.00    0.00    0.00  100.00
16:12:39      15    0.00    0.00    0.00    0.00    0.00    0.00    0.00    0.00    0.00  100.00
16:12:39      16    0.00    0.00    1.01    0.00    0.00    0.00    0.00    0.00    0.00   98.99
16:12:39      17    0.99    0.00    1.98    0.00    0.00    0.00    0.00    0.00    0.00   97.03
16:12:39      18    8.08    0.00    2.02    1.01    0.00    0.00    0.00    0.00    0.00   88.89
16:12:39      19    1.01    0.00    1.01    0.00    0.00    0.00    0.00    0.00    0.00   97.98
16:12:39      20    1.00    0.00    0.00    0.00    0.00    0.00    0.00    0.00    0.00   99.00
16:12:39      21    0.00    0.00    0.00    0.00    0.00    0.00    0.00    0.00    0.00  100.00
16:12:39      22    3.06    0.00    2.04    0.00    0.00    0.00    0.00    0.00    0.00   94.90
16:12:39      23    3.00    0.00    1.00    0.00    0.00    0.00    0.00    0.00    0.00   96.00
16:12:39      24    2.97    0.00    0.99    0.00    0.00    0.00    0.00    0.00    0.00   96.04
16:12:39      25    1.01    0.00    1.01    0.00    0.00    0.00    0.00    0.00    0.00   97.98
16:12:39      26    5.00    0.00    2.00    0.00    0.00    0.00    0.00    0.00    0.00   93.00
16:12:39      27    0.00    0.00    0.00    0.00    0.00    0.00    0.00    0.00    0.00  100.00
16:12:39      28    1.00    0.00    1.00    0.00    0.00    0.00    0.00    0.00    0.00   98.00
16:12:39      29    1.00    0.00    1.00    0.00    0.00    0.00    0.00    0.00    0.00   98.00
16:12:39      30    0.00    0.00    1.00    0.00    0.00    0.00    0.00    0.00    0.00   99.00
16:12:39      31    0.00    0.00    0.00    0.00    0.00    0.00    0.00    0.00    0.00  100.00
16:12:39      32    0.00    0.00    0.00    0.00    0.00    0.00    0.00    0.00    0.00  100.00
16:12:39      33    0.00    0.00    0.00    0.00    0.00    0.00    0.00    0.00    0.00  100.00
16:12:39      34    7.07    0.00    3.03   11.11    0.00    0.00    0.00    0.00    0.00   78.79
16:12:39      35    1.01    0.00    0.00    0.00    0.00    0.00    0.00    0.00    0.00   98.99
16:12:39      36    1.00    0.00    0.00    0.00    0.00    0.00    0.00    0.00    0.00   99.00
16:12:39      37    0.00    0.00    1.01    0.00    0.00    0.00    0.00    0.00    0.00   98.99
16:12:39      38    0.00    0.00    0.00    0.00    0.00    0.00    0.00    0.00    0.00  100.00
16:12:39      39    3.92    0.00    2.94    0.98    0.00    0.00    0.00    0.00    0.00   92.16
16:12:39      40    0.00    0.00    0.00    0.00    0.00    0.00    0.00    0.00    0.00  100.00
16:12:39      41    2.00    0.00    1.00    0.00    0.00    0.00    0.00    0.00    0.00   97.00
16:12:39      42    1.01    0.00    1.01    0.00    0.00    0.00    0.00    0.00    0.00   97.98
16:12:39      43    0.00    0.00    0.00    0.00    0.00    0.00    0.00    0.00    0.00  100.00
16:12:39      44    0.00    0.00    0.00    0.00    0.00    0.00    0.00    0.00    0.00  100.00
16:12:39      45    0.00    0.00    0.00    0.00    0.00    0.00    0.00    0.00    0.00  100.00
16:12:39      46    0.00    0.00    0.00    0.00    0.00    0.00    0.00    0.00    0.00  100.00
16:12:39      47    0.00    0.00    0.00    0.00    0.00    0.00    0.00    0.00    0.00  100.00
16:12:39      48    0.00    0.00    0.00    0.00    0.00    0.00    0.00    0.00    0.00  100.00
16:12:39      49    0.00    0.00    0.00    0.00    0.00    0.00    0.00    0.00    0.00  100.00
16:12:39      50    0.00    0.00    0.00    0.00    0.00    0.00    0.00    0.00    0.00  100.00
16:12:39      51    0.00    0.00    0.00    0.00    0.00    0.00    0.00    0.00    0.00  100.00
16:12:39      52    0.00    0.00    0.00    0.00    0.00    0.00    0.00    0.00    0.00  100.00
16:12:39      53    0.00    0.00    0.00    0.00    0.00    0.00    0.00    0.00    0.00  100.00
16:12:39      54    0.00    0.00    0.00    0.00    0.00    0.00    0.00    0.00    0.00  100.00
16:12:39      55    0.00    0.00    0.00    0.00    0.00    0.00    0.00    0.00    0.00  100.00
16:12:39      56    0.00    0.00    0.00    0.00    0.00    0.00    0.00    0.00    0.00  100.00
16:12:39      57    0.00    0.00    0.00    0.00    0.00    0.00    0.00    0.00    0.00  100.00
16:12:39      58    1.00    0.00    6.00    0.00    0.00    0.00    0.00    0.00    0.00   93.00
16:12:39      59    0.00    0.00    0.00    0.00    0.00    0.00    0.00    0.00    0.00  100.00
16:12:39      60    0.00    0.00    0.00    0.00    0.00    0.00    0.00    0.00    0.00  100.00
16:12:39      61    0.00    0.00    0.00    0.00    0.00    0.00    0.00    0.00    0.00  100.00
16:12:39      62    0.00    0.00    0.00    0.00    0.00    0.00    0.00    0.00    0.00  100.00
16:12:39      63    0.99    0.00    0.99    0.00    0.00    0.00    0.00    0.00    0.00   98.02
16:12:39      64    0.00    0.00    0.00    0.00    0.00    0.00    0.00    0.00    0.00  100.00
16:12:39      65    0.00    0.00    0.00   11.11    0.00    0.00    0.00    0.00    0.00   88.89
16:12:39      66    0.00    0.00    0.00    0.00    0.00    0.00    0.00    0.00    0.00  100.00
16:12:39      67    0.00    0.00    0.00    0.00    0.00    0.00    0.00    0.00    0.00  100.00
16:12:39      68    0.00    0.00    0.00    0.00    0.00    0.00    0.00    0.00    0.00  100.00
16:12:39      69    1.00    0.00    0.00    0.00    0.00    0.00    0.00    0.00    0.00   99.00
16:12:39      70    0.00    0.00    0.00    0.00    0.00    0.00    0.00    0.00    0.00  100.00
16:12:39      71    0.00    0.00    0.00    0.00    0.00    0.00    0.00    0.00    0.00  100.00

16:12:39     CPU    %usr   %nice    %sys %iowait    %irq   %soft  %steal  %guest  %gnice   %idle
16:12:40     all    0.72    0.00    0.44    0.28    0.00    0.00    0.00    0.00    0.00   98.55
16:12:40       0    0.00    0.00    0.00    0.00    0.00    0.00    0.00    0.00    0.00  100.00
16:12:40       1    0.00    0.00    0.00    0.00    0.00    0.00    0.00    0.00    0.00  100.00
16:12:40       2    1.01    0.00    0.00    0.00    0.00    0.00    0.00    0.00    0.00   98.99
16:12:40       3    0.00    0.00    0.00    0.00    0.00    0.00    0.00    0.00    0.00  100.00
16:12:40       4    0.00    0.00    0.00    0.00    0.00    0.00    0.00    0.00    0.00  100.00
16:12:40       5    1.00    0.00    0.00    0.00    0.00    0.00    0.00    0.00    0.00   99.00
16:12:40       6    0.00    0.00    0.00    0.00    0.00    0.00    0.00    0.00    0.00  100.00
16:12:40       7    0.00    0.00    0.00    0.00    0.00    0.00    0.00    0.00    0.00  100.00
16:12:40       8    0.00    0.00    0.00    0.00    0.00    0.00    0.00    0.00    0.00  100.00
16:12:40       9    0.00    0.00    0.00    0.00    0.00    0.00    0.00    0.00    0.00  100.00
16:12:40      10    0.00    0.00    0.00    0.00    0.00    0.00    0.00    0.00    0.00  100.00
16:12:40      11    0.00    0.00    0.00    0.00    0.00    0.00    0.00    0.00    0.00  100.00
16:12:40      12    0.00    0.00    0.00    0.00    0.00    0.00    0.00    0.00    0.00  100.00
16:12:40      13    0.99    0.00    0.00    0.00    0.00    0.00    0.00    0.00    0.00   99.01
16:12:40      14    0.00    0.00    0.00    0.00    0.00    0.00    0.00    0.00    0.00  100.00
16:12:40      15    0.00    0.00    0.00    0.00    0.00    0.00    0.00    0.00    0.00  100.00
16:12:40      16    0.00    0.00    0.00    0.00    0.00    0.00    0.00    0.00    0.00  100.00
16:12:40      17    0.00    0.00    0.00    0.00    0.00    0.00    0.00    0.00    0.00  100.00
16:12:40      18    8.08    0.00    1.01    0.00    0.00    0.00    0.00    0.00    0.00   90.91
16:12:40      19    2.00    0.00    0.00    0.00    0.00    0.00    0.00    0.00    0.00   98.00
16:12:40      20    0.99    0.00    0.00    0.00    0.00    0.00    0.00    0.00    0.00   99.01
16:12:40      21    0.00    0.00    0.00    0.00    0.00    0.00    0.00    0.00    0.00  100.00
16:12:40      22    4.00    0.00    3.00    0.00    0.00    0.00    0.00    0.00    0.00   93.00
16:12:40      23    5.00    0.00    0.00    0.00    0.00    0.00    0.00    0.00    0.00   95.00
16:12:40      24    1.01    0.00    1.01    0.00    0.00    0.00    0.00    0.00    0.00   97.98
16:12:40      25    1.98    0.00    1.98    0.99    0.00    0.00    0.00    0.00    0.00   95.05
16:12:40      26    7.14    0.00    2.04    0.00    0.00    0.00    0.00    0.00    0.00   90.82
16:12:40      27    1.00    0.00    0.00    0.00    0.00    0.00    0.00    0.00    0.00   99.00
16:12:40      28    0.00    0.00    2.00    0.00    0.00    0.00    0.00    0.00    0.00   98.00
16:12:40      29    0.00    0.00    0.00    0.00    0.00    0.00    0.00    0.00    0.00  100.00
16:12:40      30    0.00    0.00    0.00    0.00    0.00    0.00    0.00    0.00    0.00  100.00
16:12:40      31    0.00    0.00    0.00    0.00    0.00    0.00    0.00    0.00    0.00  100.00
16:12:40      32    0.00    0.00    0.00    0.00    0.00    0.00    0.00    0.00    0.00  100.00
16:12:40      33    0.00    0.00    0.00    0.00    0.00    0.00    0.00    0.00    0.00  100.00
16:12:40      34    5.00    0.00    2.00    0.00    0.00    0.00    0.00    0.00    0.00   93.00
16:12:40      35    2.97    0.00    0.99    0.00    0.00    0.00    0.00    0.00    0.00   96.04
16:12:40      36    2.00    0.00    1.00    0.00    0.00    0.00    0.00    0.00    0.00   97.00
16:12:40      37    3.00    0.00    2.00    0.00    0.00    0.00    0.00    0.00    0.00   95.00
16:12:40      38    1.01    0.00    2.02    0.00    0.00    0.00    0.00    0.00    0.00   96.97
16:12:40      39    1.00    0.00    4.00    0.00    0.00    0.00    0.00    0.00    0.00   95.00
16:12:40      40    1.00    0.00    1.00    0.00    0.00    0.00    0.00    0.00    0.00   98.00
16:12:40      41    0.00    0.00    0.00    0.00    0.00    0.00    0.00    0.00    0.00  100.00
16:12:40      42    0.00    0.00    0.99    0.00    0.00    0.00    0.00    0.00    0.00   99.01
16:12:40      43    0.00    0.00    0.00    0.00    0.00    0.00    0.00    0.00    0.00  100.00
16:12:40      44    0.00    0.00    0.00    0.00    0.00    0.00    0.00    0.00    0.00  100.00
16:12:40      45    0.00    0.00    0.00    0.00    0.00    0.00    0.00    0.00    0.00  100.00
16:12:40      46    0.00    0.00    0.00    0.00    0.00    0.00    0.00    0.00    0.00  100.00
16:12:40      47    0.00    0.00    1.00    0.00    0.00    0.00    0.00    0.00    0.00   99.00
16:12:40      48    0.00    0.00    0.00    0.00    0.00    0.00    0.00    0.00    0.00  100.00
16:12:40      49    0.00    0.00    0.00    0.00    0.00    0.00    0.00    0.00    0.00  100.00
16:12:40      50    0.99    0.00    0.00    0.00    0.00    0.00    0.00    0.00    0.00   99.01
16:12:40      51    0.00    0.00    0.00    0.00    0.00    0.00    0.00    0.00    0.00  100.00
16:12:40      52    0.00    0.00    0.00    0.00    0.00    0.00    0.00    0.00    0.00  100.00
16:12:40      53    0.00    0.00    0.00    0.00    0.00    0.00    0.00    0.00    0.00  100.00
16:12:40      54    0.00    0.00    0.00    0.00    0.00    0.00    0.00    0.00    0.00  100.00
16:12:40      55    0.00    0.00    0.00    0.00    0.00    0.00    0.00    0.00    0.00  100.00
16:12:40      56    0.00    0.00    0.00    0.00    0.00    0.00    0.00    0.00    0.00  100.00
16:12:40      57    0.00    0.00    0.00    0.00    0.00    0.00    0.00    0.00    0.00  100.00
16:12:40      58    1.00    0.00    5.00    0.00    0.00    0.00    0.00    0.00    0.00   94.00
16:12:40      59    0.00    0.00    0.00    0.00    0.00    0.00    0.00    0.00    0.00  100.00
16:12:40      60    0.00    0.00    0.00    0.00    0.00    0.00    0.00    0.00    0.00  100.00
16:12:40      61    0.00    0.00    0.00    0.00    0.00    0.00    0.00    0.00    0.00  100.00
16:12:40      62    0.00    0.00    0.00    0.00    0.00    0.00    0.00    0.00    0.00  100.00
16:12:40      63    0.00    0.00    0.00    0.00    0.00    0.00    0.00    0.00    0.00  100.00
16:12:40      64    0.00    0.00    0.00    0.00    0.00    0.00    0.00    0.00    0.00  100.00
16:12:40      65    0.00    0.00    0.99   18.81    0.00    0.00    0.00    0.00    0.00   80.20
16:12:40      66    0.00    0.00    0.00    0.00    0.00    0.00    0.00    0.00    0.00  100.00
16:12:40      67    0.00    0.00    0.00    0.00    0.00    0.00    0.00    0.00    0.00  100.00
16:12:40      68    0.00    0.00    0.00    0.00    0.00    0.00    0.00    0.00    0.00  100.00
16:12:40      69    0.00    0.00    0.00    0.00    0.00    0.00    0.00    0.00    0.00  100.00
16:12:40      70    0.00    0.00    0.00    0.00    0.00    0.00    0.00    0.00    0.00  100.00
16:12:40      71    0.00    0.00    0.00    0.00    0.00    0.00    0.00    0.00    0.00  100.00

16:12:40     CPU    %usr   %nice    %sys %iowait    %irq   %soft  %steal  %guest  %gnice   %idle
16:12:41     all    0.65    0.00    0.35    0.26    0.00    0.01    0.00    0.00    0.00   98.72
16:12:41       0    1.03    0.00    0.00    0.00    0.00    0.00    0.00    0.00    0.00   98.97
16:12:41       1    0.00    0.00    0.00    0.00    0.00    0.00    0.00    0.00    0.00  100.00
16:12:41       2    0.99    0.00    0.00    0.00    0.00    0.00    0.00    0.00    0.00   99.01
16:12:41       3    0.00    0.00    0.00    0.00    0.00    0.00    0.00    0.00    0.00  100.00
16:12:41       4    0.99    0.00    0.00    0.00    0.00    0.00    0.00    0.00    0.00   99.01
16:12:41       5    0.00    0.00    1.00    0.00    0.00    0.00    0.00    0.00    0.00   99.00
16:12:41       6    1.01    0.00    0.00    0.00    0.00    0.00    0.00    0.00    0.00   98.99
16:12:41       7    3.03    0.00    2.02    0.00    0.00    0.00    0.00    0.00    0.00   94.95
16:12:41       8    0.00    0.00    0.00    0.00    0.00    0.00    0.00    0.00    0.00  100.00
16:12:41       9    0.00    0.00    0.00    0.00    0.00    0.00    0.00    0.00    0.00  100.00
16:12:41      10    0.00    0.00    0.00    0.00    0.00    0.00    0.00    0.00    0.00  100.00
16:12:41      11    0.00    0.00    0.00    0.00    0.00    0.00    0.00    0.00    0.00  100.00
16:12:41      12    0.00    0.00    0.00    0.00    0.00    0.00    0.00    0.00    0.00  100.00
16:12:41      13    0.00    0.00    0.00    0.00    0.00    0.00    0.00    0.00    0.00  100.00
16:12:41      14    0.00    0.00    0.00    0.00    0.00    0.00    0.00    0.00    0.00  100.00
16:12:41      15    0.00    0.00    0.00    0.00    0.00    0.00    0.00    0.00    0.00  100.00
16:12:41      16    0.00    0.00    0.00    0.00    0.00    0.00    0.00    0.00    0.00  100.00
16:12:41      17    0.00    0.00    0.00    0.00    0.00    0.00    0.00    0.00    0.00  100.00
16:12:41      18    6.93    0.00    1.98    0.00    0.00    0.00    0.00    0.00    0.00   91.09
16:12:41      19    2.02    0.00    0.00    0.00    0.00    0.00    0.00    0.00    0.00   97.98
16:12:41      20    2.00    0.00    1.00    0.00    0.00    0.00    0.00    0.00    0.00   97.00
16:12:41      21    0.00    0.00    0.00    0.00    0.00    0.00    0.00    0.00    0.00  100.00
16:12:41      22    3.96    0.00    1.98    0.99    0.00    0.00    0.00    0.00    0.00   93.07
16:12:41      23    2.00    0.00    0.00    0.00    0.00    0.00    0.00    0.00    0.00   98.00
16:12:41      24    0.00    0.00    0.00    0.00    0.00    0.00    0.00    0.00    0.00  100.00
16:12:41      25    0.00    0.00    0.00    0.00    0.00    0.00    0.00    0.00    0.00  100.00
16:12:41      26    3.03    0.00    0.00    3.03    0.00    0.00    0.00    0.00    0.00   93.94
16:12:41      27    1.00    0.00    1.00    0.00    0.00    0.00    0.00    0.00    0.00   98.00
16:12:41      28    1.00    0.00    0.00    0.00    0.00    0.00    0.00    0.00    0.00   99.00
16:12:41      29    0.00    0.00    0.00    0.00    0.00    0.00    0.00    0.00    0.00  100.00
16:12:41      30    0.00    0.00    0.00    0.00    0.00    0.00    0.00    0.00    0.00  100.00
16:12:41      31    0.00    0.00    0.00    0.00    0.00    0.00    0.00    0.00    0.00  100.00
16:12:41      32    0.00    0.00    0.00    0.00    0.00    0.00    0.00    0.00    0.00  100.00
16:12:41      33    0.00    0.00    0.00    0.00    0.00    0.00    0.00    0.00    0.00  100.00
16:12:41      34    5.00    0.00    2.00    1.00    0.00    1.00    0.00    0.00    0.00   91.00
16:12:41      35    1.02    0.00    0.00    0.00    0.00    0.00    0.00    0.00    0.00   98.98
16:12:41      36    1.01    0.00    1.01    0.00    0.00    0.00    0.00    0.00    0.00   97.98
16:12:41      37    4.00    0.00    2.00    1.00    0.00    0.00    0.00    0.00    0.00   93.00
16:12:41      38    0.00    0.00    1.01    0.00    0.00    0.00    0.00    0.00    0.00   98.99
16:12:41      39    0.00    0.00    4.08    0.00    0.00    0.00    0.00    0.00    0.00   95.92
16:12:41      40    3.06    0.00    1.02    0.00    0.00    0.00    0.00    0.00    0.00   95.92
16:12:41      41    0.00    0.00    0.00    0.00    0.00    0.00    0.00    0.00    0.00  100.00
16:12:41      42    0.00    0.00    0.00    0.00    0.00    0.00    0.00    0.00    0.00  100.00
16:12:41      43    0.99    0.00    0.00    0.00    0.00    0.00    0.00    0.00    0.00   99.01
16:12:41      44    0.00    0.00    0.00    0.00    0.00    0.00    0.00    0.00    0.00  100.00
16:12:41      45    0.00    0.00    0.00    0.00    0.00    0.00    0.00    0.00    0.00  100.00
16:12:41      46    0.00    0.00    0.00    0.00    0.00    0.00    0.00    0.00    0.00  100.00
16:12:41      47    0.00    0.00    0.00    0.00    0.00    0.00    0.00    0.00    0.00  100.00
16:12:41      48    0.00    0.00    0.00    0.00    0.00    0.00    0.00    0.00    0.00  100.00
16:12:41      49    0.00    0.00    0.00    0.00    0.00    0.00    0.00    0.00    0.00  100.00
16:12:41      50    0.00    0.00    0.00    0.00    0.00    0.00    0.00    0.00    0.00  100.00
16:12:41      51    0.00    0.00    0.00    0.00    0.00    0.00    0.00    0.00    0.00  100.00
16:12:41      52    0.00    0.00    0.00    0.00    0.00    0.00    0.00    0.00    0.00  100.00
16:12:41      53    0.00    0.00    0.00    0.00    0.00    0.00    0.00    0.00    0.00  100.00
16:12:41      54    0.00    0.00    1.00    0.00    0.00    0.00    0.00    0.00    0.00   99.00
16:12:41      55    0.00    0.00    0.00    0.00    0.00    0.00    0.00    0.00    0.00  100.00
16:12:41      56    0.00    0.00    0.00    0.00    0.00    0.00    0.00    0.00    0.00  100.00
16:12:41      57    0.00    0.00    0.00    0.00    0.00    0.00    0.00    0.00    0.00  100.00
16:12:41      58    2.02    0.00    4.04    0.00    0.00    0.00    0.00    0.00    0.00   93.94
16:12:41      59    0.00    0.00    0.00    0.00    0.00    0.00    0.00    0.00    0.00  100.00
16:12:41      60    0.00    0.00    0.00    0.00    0.00    0.00    0.00    0.00    0.00  100.00
16:12:41      61    0.00    0.00    0.00    0.00    0.00    0.00    0.00    0.00    0.00  100.00
16:12:41      62    0.00    0.00    0.00    0.00    0.00    0.00    0.00    0.00    0.00  100.00
16:12:41      63    0.99    0.00    0.00    0.00    0.00    0.00    0.00    0.00    0.00   99.01
16:12:41      64    0.00    0.00    0.00    0.00    0.00    0.00    0.00    0.00    0.00  100.00
16:12:41      65    0.00    0.00    0.00   13.27    0.00    0.00    0.00    0.00    0.00   86.73
16:12:41      66    0.00    0.00    0.00    0.00    0.00    0.00    0.00    0.00    0.00  100.00
16:12:41      67    0.00    0.00    0.00    0.00    0.00    0.00    0.00    0.00    0.00  100.00
16:12:41      68    0.00    0.00    0.00    0.00    0.00    0.00    0.00    0.00    0.00  100.00
16:12:41      69    0.00    0.00    0.00    0.00    0.00    0.00    0.00    0.00    0.00  100.00
16:12:41      70    0.00    0.00    0.00    0.00    0.00    0.00    0.00    0.00    0.00  100.00
16:12:41      71    0.00    0.00    0.00    0.00    0.00    0.00    0.00    0.00    0.00  100.00

16:12:41     CPU    %usr   %nice    %sys %iowait    %irq   %soft  %steal  %guest  %gnice   %idle
16:12:42     all    0.99    0.00    0.53    0.28    0.00    0.01    0.00    0.00    0.00   98.19
16:12:42       0    1.03    0.00    1.03    1.03    0.00    0.00    0.00    0.00    0.00   96.91
16:12:42       1    0.00    0.00    0.00    0.00    0.00    0.00    0.00    0.00    0.00  100.00
16:12:42       2    1.00    0.00    1.00    0.00    0.00    0.00    0.00    0.00    0.00   98.00
16:12:42       3    1.00    0.00    0.00    0.00    0.00    0.00    0.00    0.00    0.00   99.00
16:12:42       4    0.00    0.00    0.00    0.00    0.00    0.00    0.00    0.00    0.00  100.00
16:12:42       5    1.01    0.00    0.00    0.00    0.00    0.00    0.00    0.00    0.00   98.99
16:12:42       6    0.00    0.00    0.00    0.00    0.00    0.00    0.00    0.00    0.00  100.00
16:12:42       7    0.00    0.00    0.00    0.00    0.00    0.00    0.00    0.00    0.00  100.00
16:12:42       8    0.00    0.00    0.00    0.00    0.00    0.00    0.00    0.00    0.00  100.00
16:12:42       9    0.00    0.00    0.00    0.00    0.00    0.00    0.00    0.00    0.00  100.00
16:12:42      10    0.99    0.00    0.99    0.00    0.00    0.00    0.00    0.00    0.00   98.02
16:12:42      11    0.00    0.00    0.00    0.00    0.00    0.00    0.00    0.00    0.00  100.00
16:12:42      12    1.00    0.00    0.00    0.00    0.00    0.00    0.00    0.00    0.00   99.00
16:12:42      13    0.00    0.00    1.00    0.00    0.00    0.00    0.00    0.00    0.00   99.00
16:12:42      14    0.98    0.00    0.98    0.00    0.00    0.00    0.00    0.00    0.00   98.04
16:12:42      15    0.00    0.00    1.01    0.00    0.00    0.00    0.00    0.00    0.00   98.99
16:12:42      16    1.00    0.00    1.00    0.00    0.00    0.00    0.00    0.00    0.00   98.00
16:12:42      17    1.01    0.00    2.02    0.00    0.00    0.00    0.00    0.00    0.00   96.97
16:12:42      18    5.05    0.00    2.02    0.00    0.00    0.00    0.00    0.00    0.00   92.93
16:12:42      19    1.00    0.00    1.00    0.00    0.00    0.00    0.00    0.00    0.00   98.00
16:12:42      20    0.00    0.00    0.00    0.00    0.00    0.00    0.00    0.00    0.00  100.00
16:12:42      21    0.00    0.00    1.00    0.00    0.00    0.00    0.00    0.00    0.00   99.00
16:12:42      22    9.38    0.00    3.12    0.00    0.00    0.00    0.00    0.00    0.00   87.50
16:12:42      23    2.02    0.00    0.00    0.00    0.00    0.00    0.00    0.00    0.00   97.98
16:12:42      24    1.00    0.00    0.00    0.00    0.00    0.00    0.00    0.00    0.00   99.00
16:12:42      25    3.00    0.00    1.00    0.00    0.00    0.00    0.00    0.00    0.00   96.00
16:12:42      26    4.04    0.00    2.02    0.00    0.00    0.00    0.00    0.00    0.00   93.94
16:12:42      27    1.01    0.00    1.01    0.00    0.00    0.00    0.00    0.00    0.00   97.98
16:12:42      28    0.00    0.00    0.00    0.00    0.00    0.00    0.00    0.00    0.00  100.00
16:12:42      29    0.00    0.00    0.00    0.00    0.00    0.00    0.00    0.00    0.00  100.00
16:12:42      30    0.99    0.00    0.00    0.00    0.00    0.00    0.00    0.00    0.00   99.01
16:12:42      31    1.00    0.00    0.00    0.00    0.00    0.00    0.00    0.00    0.00   99.00
16:12:42      32    0.99    0.00    0.00    0.00    0.00    0.00    0.00    0.00    0.00   99.01
16:12:42      33    1.00    0.00    0.00    0.00    0.00    0.00    0.00    0.00    0.00   99.00
16:12:42      34    3.03    0.00    1.01    0.00    0.00    0.00    0.00    0.00    0.00   95.96
16:12:42      35    3.00    0.00    1.00    1.00    0.00    0.00    0.00    0.00    0.00   95.00
16:12:42      36    2.97    0.00    0.00    0.00    0.00    0.00    0.00    0.00    0.00   97.03
16:12:42      37    6.00    0.00    4.00    0.00    0.00    0.00    0.00    0.00    0.00   90.00
16:12:42      38    1.00    0.00    1.00    0.00    0.00    0.00    0.00    0.00    0.00   98.00
16:12:42      39    0.99    0.00    0.99    0.00    0.00    0.00    0.00    0.00    0.00   98.02
16:12:42      40    2.04    0.00    0.00    0.00    0.00    1.02    0.00    0.00    0.00   96.94
16:12:42      41    0.00    0.00    1.00    0.00    0.00    0.00    0.00    0.00    0.00   99.00
16:12:42      42    0.99    0.00    0.99    0.00    0.00    0.00    0.00    0.00    0.00   98.02
16:12:42      43    0.00    0.00    0.00    0.00    0.00    0.00    0.00    0.00    0.00  100.00
16:12:42      44    1.00    0.00    1.00    0.00    0.00    0.00    0.00    0.00    0.00   98.00
16:12:42      45    0.00    0.00    0.00    0.00    0.00    0.00    0.00    0.00    0.00  100.00
16:12:42      46    0.00    0.00    0.00    0.00    0.00    0.00    0.00    0.00    0.00  100.00
16:12:42      47    1.00    0.00    0.00    0.00    0.00    0.00    0.00    0.00    0.00   99.00
16:12:42      48    0.00    0.00    0.00    0.00    0.00    0.00    0.00    0.00    0.00  100.00
16:12:42      49    0.99    0.00    0.99    0.00    0.00    0.00    0.00    0.00    0.00   98.02
16:12:42      50    0.00    0.00    0.00    0.00    0.00    0.00    0.00    0.00    0.00  100.00
16:12:42      51    1.00    0.00    0.00    0.00    0.00    0.00    0.00    0.00    0.00   99.00
16:12:42      52    0.00    0.00    0.00    0.00    0.00    0.00    0.00    0.00    0.00  100.00
16:12:42      53    0.99    0.00    0.00    0.00    0.00    0.00    0.00    0.00    0.00   99.01
16:12:42      54    1.00    0.00    0.00    0.00    0.00    0.00    0.00    0.00    0.00   99.00
16:12:42      55    0.00    0.00    0.00    0.00    0.00    0.00    0.00    0.00    0.00  100.00
16:12:42      56    0.00    0.00    0.00    0.00    0.00    0.00    0.00    0.00    0.00  100.00
16:12:42      57    0.00    0.00    0.00    0.00    0.00    0.00    0.00    0.00    0.00  100.00
16:12:42      58    2.00    0.00    5.00    0.00    0.00    0.00    0.00    0.00    0.00   93.00
16:12:42      59    0.00    0.00    0.00    0.00    0.00    0.00    0.00    0.00    0.00  100.00
16:12:42      60    0.00    0.00    0.00    0.00    0.00    0.00    0.00    0.00    0.00  100.00
16:12:42      61    0.00    0.00    0.00    0.00    0.00    0.00    0.00    0.00    0.00  100.00
16:12:42      62    1.00    0.00    0.00    0.00    0.00    0.00    0.00    0.00    0.00   99.00
16:12:42      63    0.00    0.00    0.00    0.00    0.00    0.00    0.00    0.00    0.00  100.00
16:12:42      64    0.00    0.00    0.00    0.00    0.00    0.00    0.00    0.00    0.00  100.00
16:12:42      65    0.99    0.00    0.99   17.82    0.00    0.00    0.00    0.00    0.00   80.20
16:12:42      66    0.99    0.00    0.00    0.00    0.00    0.00    0.00    0.00    0.00   99.01
16:12:42      67    0.00    0.00    0.00    0.00    0.00    0.00    0.00    0.00    0.00  100.00
16:12:42      68    0.00    0.00    0.00    0.00    0.00    0.00    0.00    0.00    0.00  100.00
16:12:42      69    0.00    0.00    0.00    0.00    0.00    0.00    0.00    0.00    0.00  100.00
16:12:42      70    1.00    0.00    0.00    0.00    0.00    0.00    0.00    0.00    0.00   99.00
16:12:42      71    0.00    0.00    0.00    0.00    0.00    0.00    0.00    0.00    0.00  100.00

16:12:42     CPU    %usr   %nice    %sys %iowait    %irq   %soft  %steal  %guest  %gnice   %idle
16:12:43     all    0.67    0.00    0.43    0.31    0.00    0.00    0.00    0.00    0.00   98.59
16:12:43       0    3.09    0.00    2.06    1.03    0.00    0.00    0.00    0.00    0.00   93.81
16:12:43       1    1.01    0.00    0.00    0.00    0.00    0.00    0.00    0.00    0.00   98.99
16:12:43       2    0.00    0.00    0.00    0.00    0.00    0.00    0.00    0.00    0.00  100.00
16:12:43       3    1.00    0.00    0.00    0.00    0.00    0.00    0.00    0.00    0.00   99.00
16:12:43       4    0.00    0.00    0.00    0.00    0.00    0.00    0.00    0.00    0.00  100.00
16:12:43       5    0.99    0.00    0.00    0.00    0.00    0.00    0.00    0.00    0.00   99.01
16:12:43       6    0.00    0.00    0.00    0.00    0.00    0.00    0.00    0.00    0.00  100.00
16:12:43       7    0.99    0.00    1.98    0.00    0.00    0.00    0.00    0.00    0.00   97.03
16:12:43       8    0.00    0.00    0.00    0.00    0.00    0.00    0.00    0.00    0.00  100.00
16:12:43       9    0.00    0.00    0.00    0.00    0.00    0.00    0.00    0.00    0.00  100.00
16:12:43      10    0.00    0.00    0.00    0.00    0.00    0.00    0.00    0.00    0.00  100.00
16:12:43      11    0.00    0.00    0.00    0.00    0.00    0.00    0.00    0.00    0.00  100.00
16:12:43      12    0.00    0.00    0.00    0.00    0.00    0.00    0.00    0.00    0.00  100.00
16:12:43      13    0.00    0.00    0.00    0.00    0.00    0.00    0.00    0.00    0.00  100.00
16:12:43      14    0.00    0.00    0.00    0.00    0.00    0.00    0.00    0.00    0.00  100.00
16:12:43      15    0.00    0.00    0.99    0.00    0.00    0.00    0.00    0.00    0.00   99.01
16:12:43      16    0.00    0.00    0.00    0.00    0.00    0.00    0.00    0.00    0.00  100.00
16:12:43      17    0.00    0.00    1.00    0.00    0.00    0.00    0.00    0.00    0.00   99.00
16:12:43      18    9.18    0.00    3.06    1.02    0.00    0.00    0.00    0.00    0.00   86.73
16:12:43      19    2.02    0.00    0.00    0.00    0.00    0.00    0.00    0.00    0.00   97.98
16:12:43      20    2.97    0.00    0.00    0.00    0.00    0.00    0.00    0.00    0.00   97.03
16:12:43      21    1.00    0.00    0.00    0.00    0.00    0.00    0.00    0.00    0.00   99.00
16:12:43      22    4.04    0.00    1.01    0.00    0.00    0.00    0.00    0.00    0.00   94.95
16:12:43      23    1.01    0.00    1.01    0.00    0.00    0.00    0.00    0.00    0.00   97.98
16:12:43      24    1.00    0.00    1.00    0.00    0.00    0.00    0.00    0.00    0.00   98.00
16:12:43      25    4.00    0.00    2.00    0.00    0.00    0.00    0.00    0.00    0.00   94.00
16:12:43      26    2.02    0.00    2.02    0.00    0.00    0.00    0.00    0.00    0.00   95.96
16:12:43      27    1.02    0.00    1.02    0.00    0.00    0.00    0.00    0.00    0.00   97.96
16:12:43      28    0.99    0.00    0.99    0.00    0.00    0.00    0.00    0.00    0.00   98.02
16:12:43      29    0.00    0.00    0.00    0.00    0.00    0.00    0.00    0.00    0.00  100.00
16:12:43      30    0.00    0.00    1.00    1.00    0.00    0.00    0.00    0.00    0.00   98.00
16:12:43      31    1.01    0.00    0.00    0.00    0.00    0.00    0.00    0.00    0.00   98.99
16:12:43      32    0.00    0.00    0.00    0.00    0.00    0.00    0.00    0.00    0.00  100.00
16:12:43      33    0.00    0.00    0.00    0.00    0.00    0.00    0.00    0.00    0.00  100.00
16:12:43      34    3.00    0.00    1.00    0.00    0.00    0.00    0.00    0.00    0.00   96.00
16:12:43      35    1.98    0.00    1.98    0.00    0.00    0.00    0.00    0.00    0.00   96.04
16:12:43      36    1.01    0.00    1.01    0.00    0.00    0.00    0.00    0.00    0.00   97.98
16:12:43      37    0.00    0.00    0.00    0.00    0.00    0.00    0.00    0.00    0.00  100.00
16:12:43      38    1.00    0.00    0.00    0.00    0.00    0.00    0.00    0.00    0.00   99.00
16:12:43      39    0.00    0.00    0.00    0.00    0.00    0.00    0.00    0.00    0.00  100.00
16:12:43      40    1.02    0.00    0.00    0.00    0.00    0.00    0.00    0.00    0.00   98.98
16:12:43      41    1.00    0.00    1.00    0.00    0.00    0.00    0.00    0.00    0.00   98.00
16:12:43      42    0.00    0.00    0.00    0.00    0.00    0.00    0.00    0.00    0.00  100.00
16:12:43      43    0.00    0.00    0.00    0.00    0.00    0.00    0.00    0.00    0.00  100.00
16:12:43      44    0.00    0.00    0.00    0.00    0.00    0.00    0.00    0.00    0.00  100.00
16:12:43      45    0.00    0.00    0.00    0.00    0.00    0.00    0.00    0.00    0.00  100.00
16:12:43      46    0.00    0.00    0.00    0.00    0.00    0.00    0.00    0.00    0.00  100.00
16:12:43      47    0.00    0.00    0.00    0.00    0.00    0.00    0.00    0.00    0.00  100.00
16:12:43      48    0.00    0.00    1.00    0.00    0.00    0.00    0.00    0.00    0.00   99.00
16:12:43      49    0.00    0.00    0.00    0.00    0.00    0.00    0.00    0.00    0.00  100.00
16:12:43      50    0.00    0.00    0.00    0.00    0.00    0.00    0.00    0.00    0.00  100.00
16:12:43      51    0.00    0.00    0.00    0.00    0.00    0.00    0.00    0.00    0.00  100.00
16:12:43      52    0.00    0.00    0.00    0.00    0.00    0.00    0.00    0.00    0.00  100.00
16:12:43      53    0.00    0.00    0.00    0.00    0.00    0.00    0.00    0.00    0.00  100.00
16:12:43      54    0.00    0.00    0.00    0.00    0.00    0.00    0.00    0.00    0.00  100.00
16:12:43      55    0.00    0.00    0.00    0.00    0.00    0.00    0.00    0.00    0.00  100.00
16:12:43      56    0.00    0.00    0.00    0.00    0.00    0.00    0.00    0.00    0.00  100.00
16:12:43      57    0.00    0.00    0.00    0.00    0.00    0.00    0.00    0.00    0.00  100.00
16:12:43      58    1.00    0.00    6.00    0.00    0.00    0.00    0.00    0.00    0.00   93.00
16:12:43      59    0.00    0.00    0.00    0.00    0.00    0.00    0.00    0.00    0.00  100.00
16:12:43      60    0.00    0.00    0.00    0.00    0.00    0.00    0.00    0.00    0.00  100.00
16:12:43      61    0.00    0.00    0.00    0.00    0.00    0.00    0.00    0.00    0.00  100.00
16:12:43      62    0.00    0.00    0.00    0.00    0.00    0.00    0.00    0.00    0.00  100.00
16:12:43      63    0.00    0.00    0.00    0.00    0.00    0.00    0.00    0.00    0.00  100.00
16:12:43      64    0.00    0.00    0.00    0.00    0.00    0.00    0.00    0.00    0.00  100.00
16:12:43      65    0.00    0.00    0.00   19.19    0.00    0.00    0.00    0.00    0.00   80.81
16:12:43      66    0.00    0.00    0.00    0.00    0.00    0.00    0.00    0.00    0.00  100.00
16:12:43      67    0.99    0.00    0.00    0.00    0.00    0.00    0.00    0.00    0.00   99.01
16:12:43      68    0.00    0.00    0.00    0.00    0.00    0.00    0.00    0.00    0.00  100.00
16:12:43      69    0.00    0.00    0.00    0.00    0.00    0.00    0.00    0.00    0.00  100.00
16:12:43      70    0.00    0.00    0.00    0.00    0.00    0.00    0.00    0.00    0.00  100.00
16:12:43      71    0.00    0.00    0.00    0.00    0.00    0.00    0.00    0.00    0.00  100.00

16:12:43     CPU    %usr   %nice    %sys %iowait    %irq   %soft  %steal  %guest  %gnice   %idle
16:12:44     all    0.64    0.00    0.47    0.25    0.00    0.00    0.00    0.00    0.00   98.64
16:12:44       0    3.09    0.00    1.03    0.00    0.00    0.00    0.00    0.00    0.00   95.88
16:12:44       1    0.00    0.00    0.00    0.00    0.00    0.00    0.00    0.00    0.00  100.00
16:12:44       2    0.00    0.00    0.00    0.00    0.00    0.00    0.00    0.00    0.00  100.00
16:12:44       3    1.00    0.00    0.00    0.00    0.00    0.00    0.00    0.00    0.00   99.00
16:12:44       4    0.00    0.00    0.00    0.00    0.00    0.00    0.00    0.00    0.00  100.00
16:12:44       5    0.00    0.00    0.00    0.00    0.00    0.00    0.00    0.00    0.00  100.00
16:12:44       6    0.00    0.00    0.00    0.00    0.00    0.00    0.00    0.00    0.00  100.00
16:12:44       7    0.00    0.00    0.00    0.00    0.00    0.00    0.00    0.00    0.00  100.00
16:12:44       8    0.00    0.00    0.00    0.00    0.00    0.00    0.00    0.00    0.00  100.00
16:12:44       9    0.00    0.00    0.00    0.00    0.00    0.00    0.00    0.00    0.00  100.00
16:12:44      10    0.00    0.00    0.00    0.00    0.00    0.00    0.00    0.00    0.00  100.00
16:12:44      11    3.00    0.00    2.00    0.00    0.00    0.00    0.00    0.00    0.00   95.00
16:12:44      12    0.00    0.00    0.00    0.00    0.00    0.00    0.00    0.00    0.00  100.00
16:12:44      13    0.00    0.00    0.00    0.00    0.00    0.00    0.00    0.00    0.00  100.00
16:12:44      14    0.00    0.00    0.00    0.00    0.00    0.00    0.00    0.00    0.00  100.00
16:12:44      15    0.00    0.00    0.00    0.00    0.00    0.00    0.00    0.00    0.00  100.00
16:12:44      16    0.00    0.00    0.00    0.00    0.00    0.00    0.00    0.00    0.00  100.00
16:12:44      17    0.00    0.00    0.00    0.00    0.00    0.00    0.00    0.00    0.00  100.00
16:12:44      18   10.10    0.00    4.04    0.00    0.00    0.00    0.00    0.00    0.00   85.86
16:12:44      19    0.00    0.00    0.00    0.00    0.00    0.00    0.00    0.00    0.00  100.00
16:12:44      20    1.02    0.00    0.00    0.00    0.00    0.00    0.00    0.00    0.00   98.98
16:12:44      21    1.00    0.00    0.00    0.00    0.00    0.00    0.00    0.00    0.00   99.00
16:12:44      22    1.96    0.00    2.94    0.98    0.00    0.00    0.00    0.00    0.00   94.12
16:12:44      23    3.96    0.00    0.99    0.00    0.00    0.00    0.00    0.00    0.00   95.05
16:12:44      24    0.00    0.00    0.00    0.00    0.00    0.00    0.00    0.00    0.00  100.00
16:12:44      25    0.00    0.00    0.00    0.00    0.00    0.00    0.00    0.00    0.00  100.00
16:12:44      26    2.02    0.00    0.00    0.00    0.00    0.00    0.00    0.00    0.00   97.98
16:12:44      27    1.00    0.00    2.00    0.00    0.00    0.00    0.00    0.00    0.00   97.00
16:12:44      28    2.02    0.00    0.00    0.00    0.00    0.00    0.00    0.00    0.00   97.98
16:12:44      29    0.00    0.00    1.00    0.00    0.00    0.00    0.00    0.00    0.00   99.00
16:12:44      30    1.00    0.00    0.00    0.00    0.00    0.00    0.00    0.00    0.00   99.00
16:12:44      31    0.98    0.00    0.98    0.00    0.00    0.00    0.00    0.00    0.00   98.04
16:12:44      32    0.00    0.00    0.00    0.00    0.00    0.00    0.00    0.00    0.00  100.00
16:12:44      33    0.00    0.00    0.00    0.00    0.00    0.00    0.00    0.00    0.00  100.00
16:12:44      34    3.03    0.00    1.01    0.00    0.00    0.00    0.00    0.00    0.00   95.96
16:12:44      35    5.05    0.00    4.04    0.00    0.00    0.00    0.00    0.00    0.00   90.91
16:12:44      36    0.99    0.00    0.99    0.00    0.00    0.00    0.00    0.00    0.00   98.02
16:12:44      37    1.00    0.00    1.00    0.00    0.00    0.00    0.00    0.00    0.00   98.00
16:12:44      38    0.00    0.00    0.00    0.00    0.00    0.00    0.00    0.00    0.00  100.00
16:12:44      39    0.00    0.00    0.00    0.00    0.00    0.00    0.00    0.00    0.00  100.00
16:12:44      40    2.02    0.00    1.01    0.00    0.00    0.00    0.00    0.00    0.00   96.97
16:12:44      41    0.00    0.00    0.00    0.00    0.00    0.00    0.00    0.00    0.00  100.00
16:12:44      42    0.00    0.00    1.00    0.00    0.00    0.00    0.00    0.00    0.00   99.00
16:12:44      43    1.00    0.00    4.00    0.00    0.00    0.00    0.00    0.00    0.00   95.00
16:12:44      44    0.00    0.00    0.00    0.00    0.00    0.00    0.00    0.00    0.00  100.00
16:12:44      45    0.00    0.00    0.00    0.00    0.00    0.00    0.00    0.00    0.00  100.00
16:12:44      46    0.00    0.00    0.00    0.00    0.00    0.00    0.00    0.00    0.00  100.00
16:12:44      47    0.00    0.00    0.00    0.00    0.00    0.00    0.00    0.00    0.00  100.00
16:12:44      48    0.00    0.00    0.00    0.00    0.00    0.00    0.00    0.00    0.00  100.00
16:12:44      49    0.00    0.00    0.00    0.00    0.00    0.00    0.00    0.00    0.00  100.00
16:12:44      50    0.00    0.00    0.00    0.00    0.00    0.00    0.00    0.00    0.00  100.00
16:12:44      51    0.00    0.00    0.00    0.00    0.00    0.00    0.00    0.00    0.00  100.00
16:12:44      52    0.00    0.00    0.00    0.00    0.00    0.00    0.00    0.00    0.00  100.00
16:12:44      53    0.00    0.00    0.00    0.00    0.00    0.00    0.00    0.00    0.00  100.00
16:12:44      54    0.00    0.00    0.00    0.00    0.00    0.00    0.00    0.00    0.00  100.00
16:12:44      55    0.00    0.00    0.00    0.00    0.00    0.00    0.00    0.00    0.00  100.00
16:12:44      56    0.00    0.00    0.00    0.00    0.00    0.00    0.00    0.00    0.00  100.00
16:12:44      57    0.00    0.00    0.00    0.00    0.00    0.00    0.00    0.00    0.00  100.00
16:12:44      58    1.01    0.00    5.05    0.00    0.00    0.00    0.00    0.00    0.00   93.94
16:12:44      59    0.00    0.00    0.00    0.00    0.00    0.00    0.00    0.00    0.00  100.00
16:12:44      60    0.00    0.00    0.00    0.00    0.00    0.00    0.00    0.00    0.00  100.00
16:12:44      61    0.00    0.00    0.00    0.00    0.00    0.00    0.00    0.00    0.00  100.00
16:12:44      62    0.00    0.00    0.00    0.00    0.00    0.00    0.00    0.00    0.00  100.00
16:12:44      63    0.00    0.00    0.00    0.00    0.00    0.00    0.00    0.00    0.00  100.00
16:12:44      64    0.00    0.00    0.00    0.00    0.00    0.00    0.00    0.00    0.00  100.00
16:12:44      65    0.00    0.00    1.00   17.00    0.00    0.00    0.00    0.00    0.00   82.00
16:12:44      66    0.00    0.00    0.00    0.00    0.00    0.00    0.00    0.00    0.00  100.00
16:12:44      67    0.00    0.00    0.00    0.00    0.00    0.00    0.00    0.00    0.00  100.00
16:12:44      68    0.00    0.00    0.00    0.00    0.00    0.00    0.00    0.00    0.00  100.00
16:12:44      69    0.00    0.00    0.00    0.00    0.00    0.00    0.00    0.00    0.00  100.00
16:12:44      70    0.00    0.00    0.00    0.00    0.00    0.00    0.00    0.00    0.00  100.00
16:12:44      71    0.00    0.00    0.00    0.00    0.00    0.00    0.00    0.00    0.00  100.00

16:12:44     CPU    %usr   %nice    %sys %iowait    %irq   %soft  %steal  %guest  %gnice   %idle
16:12:45     all    0.67    0.00    0.42    0.25    0.00    0.00    0.00    0.00    0.00   98.66
16:12:45       0    1.04    0.00    1.04    0.00    0.00    0.00    0.00    0.00    0.00   97.92
16:12:45       1    0.00    0.00    0.00    0.00    0.00    0.00    0.00    0.00    0.00  100.00
16:12:45       2    0.00    0.00    0.00    0.00    0.00    0.00    0.00    0.00    0.00  100.00
16:12:45       3    1.01    0.00    0.00    0.00    0.00    0.00    0.00    0.00    0.00   98.99
16:12:45       4    0.00    0.00    0.00    0.00    0.00    0.00    0.00    0.00    0.00  100.00
16:12:45       5    0.99    0.00    0.00    0.00    0.00    0.00    0.00    0.00    0.00   99.01
16:12:45       6    0.00    0.00    0.00    0.00    0.00    0.00    0.00    0.00    0.00  100.00
16:12:45       7    0.00    0.00    0.00    0.00    0.00    0.00    0.00    0.00    0.00  100.00
16:12:45       8    0.00    0.00    0.00    0.00    0.00    0.00    0.00    0.00    0.00  100.00
16:12:45       9    0.00    0.00    0.00    0.00    0.00    0.00    0.00    0.00    0.00  100.00
16:12:45      10    0.00    0.00    0.00    0.00    0.00    0.00    0.00    0.00    0.00  100.00
16:12:45      11    0.00    0.00    0.00    0.00    0.00    0.00    0.00    0.00    0.00  100.00
16:12:45      12    0.00    0.00    0.00    0.00    0.00    0.00    0.00    0.00    0.00  100.00
16:12:45      13    0.00    0.00    0.00    0.00    0.00    0.00    0.00    0.00    0.00  100.00
16:12:45      14    0.00    0.00    0.00    0.00    0.00    0.00    0.00    0.00    0.00  100.00
16:12:45      15    0.00    0.00    0.00    0.00    0.00    0.00    0.00    0.00    0.00  100.00
16:12:45      16    0.00    0.00    0.00    0.00    0.00    0.00    0.00    0.00    0.00  100.00
16:12:45      17    0.00    0.00    0.00    0.00    0.00    0.00    0.00    0.00    0.00  100.00
16:12:45      18    7.07    0.00    2.02    1.01    0.00    0.00    0.00    0.00    0.00   89.90
16:12:45      19    0.00    0.00    1.00    0.00    0.00    0.00    0.00    0.00    0.00   99.00
16:12:45      20    1.96    0.00    0.98    0.00    0.00    0.00    0.00    0.00    0.00   97.06
16:12:45      21    0.00    0.00    0.00    0.00    0.00    0.00    0.00    0.00    0.00  100.00
16:12:45      22    8.08    0.00    4.04    0.00    0.00    0.00    0.00    0.00    0.00   87.88
16:12:45      23    4.04    0.00    1.01    0.00    0.00    0.00    0.00    0.00    0.00   94.95
16:12:45      24    1.02    0.00    0.00    0.00    0.00    0.00    0.00    0.00    0.00   98.98
16:12:45      25    2.04    0.00    4.08    0.00    0.00    0.00    0.00    0.00    0.00   93.88
16:12:45      26    3.03    0.00    1.01    0.00    0.00    0.00    0.00    0.00    0.00   95.96
16:12:45      27    2.02    0.00    0.00    0.00    0.00    0.00    0.00    0.00    0.00   97.98
16:12:45      28    2.00    0.00    6.00    0.00    0.00    0.00    0.00    0.00    0.00   92.00
16:12:45      29    3.03    0.00    0.00    0.00    0.00    0.00    0.00    0.00    0.00   96.97
16:12:45      30    1.00    0.00    0.00    0.00    0.00    0.00    0.00    0.00    0.00   99.00
16:12:45      31    0.00    0.00    0.00    0.00    0.00    0.00    0.00    0.00    0.00  100.00
16:12:45      32    0.00    0.00    0.00    0.00    0.00    0.00    0.00    0.00    0.00  100.00
16:12:45      33    0.00    0.00    1.00    0.00    0.00    0.00    0.00    0.00    0.00   99.00
16:12:45      34    2.02    0.00    2.02    0.00    0.00    0.00    0.00    0.00    0.00   95.96
16:12:45      35    0.00    0.00    0.00    0.00    0.00    0.00    0.00    0.00    0.00  100.00
16:12:45      36    0.00    0.00    0.00    0.00    0.00    0.00    0.00    0.00    0.00  100.00
16:12:45      37    2.00    0.00    0.00    1.00    0.00    0.00    0.00    0.00    0.00   97.00
16:12:45      38    0.99    0.00    0.99    0.00    0.00    0.00    0.00    0.00    0.00   98.02
16:12:45      39    0.00    0.00    0.00    0.00    0.00    0.00    0.00    0.00    0.00  100.00
16:12:45      40    1.02    0.00    0.00    0.00    0.00    0.00    0.00    0.00    0.00   98.98
16:12:45      41    0.00    0.00    1.00    0.00    0.00    0.00    0.00    0.00    0.00   99.00
16:12:45      42    0.00    0.00    0.00    0.00    0.00    0.00    0.00    0.00    0.00  100.00
16:12:45      43    1.00    0.00    2.00    0.00    0.00    0.00    0.00    0.00    0.00   97.00
16:12:45      44    0.00    0.00    0.00    0.00    0.00    0.00    0.00    0.00    0.00  100.00
16:12:45      45    1.98    0.00    0.99    0.00    0.00    0.00    0.00    0.00    0.00   97.03
16:12:45      46    0.00    0.00    0.00    0.00    0.00    0.00    0.00    0.00    0.00  100.00
16:12:45      47    0.00    0.00    0.00    0.00    0.00    0.00    0.00    0.00    0.00  100.00
16:12:45      48    0.00    0.00    0.00    0.00    0.00    0.00    0.00    0.00    0.00  100.00
16:12:45      49    0.00    0.00    0.00    0.00    0.00    0.00    0.00    0.00    0.00  100.00
16:12:45      50    0.00    0.00    0.00    0.00    0.00    0.00    0.00    0.00    0.00  100.00
16:12:45      51    0.00    0.00    0.00    0.00    0.00    0.00    0.00    0.00    0.00  100.00
16:12:45      52    0.00    0.00    0.00    0.00    0.00    0.00    0.00    0.00    0.00  100.00
16:12:45      53    0.00    0.00    0.00    0.00    0.00    0.00    0.00    0.00    0.00  100.00
16:12:45      54    0.00    0.00    0.00    0.00    0.00    0.00    0.00    0.00    0.00  100.00
16:12:45      55    1.00    0.00    0.00    0.00    0.00    0.00    0.00    0.00    0.00   99.00
16:12:45      56    0.00    0.00    0.00    0.00    0.00    0.00    0.00    0.00    0.00  100.00
16:12:45      57    0.00    0.00    0.00    0.00    0.00    0.00    0.00    0.00    0.00  100.00
16:12:45      58    0.00    0.00    0.00    0.00    0.00    0.00    0.00    0.00    0.00  100.00
16:12:45      59    0.00    0.00    0.00    0.00    0.00    0.00    0.00    0.00    0.00  100.00
16:12:45      60    0.00    0.00    0.00    0.00    0.00    0.00    0.00    0.00    0.00  100.00
16:12:45      61    0.00    0.00    0.00    0.00    0.00    0.00    0.00    0.00    0.00  100.00
16:12:45      62    0.00    0.00    0.00    0.00    0.00    0.00    0.00    0.00    0.00  100.00
16:12:45      63    0.00    0.00    0.00    0.00    0.00    0.00    0.00    0.00    0.00  100.00
16:12:45      64    0.00    0.00    0.00    0.00    0.00    0.00    0.00    0.00    0.00  100.00
16:12:45      65    0.00    0.00    1.00   16.00    0.00    0.00    0.00    0.00    0.00   83.00
16:12:45      66    0.00    0.00    0.00    0.00    0.00    0.00    0.00    0.00    0.00  100.00
16:12:45      67    0.00    0.00    0.00    0.00    0.00    0.00    0.00    0.00    0.00  100.00
16:12:45      68    0.00    0.00    0.00    0.00    0.00    0.00    0.00    0.00    0.00  100.00
16:12:45      69    0.00    0.00    0.00    0.00    0.00    0.00    0.00    0.00    0.00  100.00
16:12:45      70    0.00    0.00    0.00    0.00    0.00    0.00    0.00    0.00    0.00  100.00
16:12:45      71    0.00    0.00    0.00    0.00    0.00    0.00    0.00    0.00    0.00  100.00

16:12:45     CPU    %usr   %nice    %sys %iowait    %irq   %soft  %steal  %guest  %gnice   %idle
16:12:46     all    0.93    0.00    0.61    0.24    0.00    0.01    0.00    0.00    0.00   98.21
16:12:46       0    5.15    0.00    3.09    0.00    0.00    0.00    0.00    0.00    0.00   91.75
16:12:46       1    0.00    0.00    1.00    0.00    0.00    0.00    0.00    0.00    0.00   99.00
16:12:46       2    0.00    0.00    0.00    1.00    0.00    0.00    0.00    0.00    0.00   99.00
16:12:46       3    0.99    0.00    0.99    0.00    0.00    0.00    0.00    0.00    0.00   98.02
16:12:46       4    0.00    0.00    0.00    0.00    0.00    0.00    0.00    0.00    0.00  100.00
16:12:46       5    0.00    0.00    1.00    0.00    0.00    0.00    0.00    0.00    0.00   99.00
16:12:46       6    0.00    0.00    0.00    0.00    0.00    0.00    0.00    0.00    0.00  100.00
16:12:46       7    0.00    0.00    0.00    0.00    0.00    0.00    0.00    0.00    0.00  100.00
16:12:46       8    0.00    0.00    0.99    0.00    0.00    0.00    0.00    0.00    0.00   99.01
16:12:46       9    0.99    0.00    0.00    0.00    0.00    0.00    0.00    0.00    0.00   99.01
16:12:46      10    0.00    0.00    0.00    0.00    0.00    0.00    0.00    0.00    0.00  100.00
16:12:46      11    0.00    0.00    0.00    0.00    0.00    0.00    0.00    0.00    0.00  100.00
16:12:46      12    0.00    0.00    0.00    0.00    0.00    0.00    0.00    0.00    0.00  100.00
16:12:46      13    0.00    0.00    0.00    0.00    0.00    0.00    0.00    0.00    0.00  100.00
16:12:46      14    0.00    0.00    0.00    0.00    0.00    0.00    0.00    0.00    0.00  100.00
16:12:46      15    0.00    0.00    1.00    0.00    0.00    0.00    0.00    0.00    0.00   99.00
16:12:46      16    0.00    0.00    0.00    0.00    0.00    0.00    0.00    0.00    0.00  100.00
16:12:46      17    0.00    0.00    0.00    0.00    0.00    0.00    0.00    0.00    0.00  100.00
16:12:46      18   19.00    0.00    2.00    0.00    0.00    0.00    0.00    0.00    0.00   79.00
16:12:46      19    7.07    0.00    1.01    0.00    0.00    0.00    0.00    0.00    0.00   91.92
16:12:46      20    1.01    0.00    0.00    0.00    0.00    0.00    0.00    0.00    0.00   98.99
16:12:46      21    1.00    0.00    0.00    0.00    0.00    0.00    0.00    0.00    0.00   99.00
16:12:46      22    4.08    0.00    3.06    0.00    0.00    0.00    0.00    0.00    0.00   92.86
16:12:46      23    1.00    0.00    1.00    0.00    0.00    0.00    0.00    0.00    0.00   98.00
16:12:46      24    0.99    0.00    0.99    0.00    0.00    0.00    0.00    0.00    0.00   98.02
16:12:46      25    0.99    0.00    0.99    0.00    0.00    0.00    0.00    0.00    0.00   98.02
16:12:46      26    6.00    0.00    2.00    0.00    0.00    0.00    0.00    0.00    0.00   92.00
16:12:46      27    1.00    0.00    1.00    0.00    0.00    0.00    0.00    0.00    0.00   98.00
16:12:46      28    3.03    0.00    5.05    0.00    0.00    0.00    0.00    0.00    0.00   91.92
16:12:46      29    0.00    0.00    1.00    0.00    0.00    0.00    0.00    0.00    0.00   99.00
16:12:46      30    0.00    0.00    1.00    0.00    0.00    0.00    0.00    0.00    0.00   99.00
16:12:46      31    0.00    0.00    0.00    0.00    0.00    0.00    0.00    0.00    0.00  100.00
16:12:46      32    0.00    0.00    1.00    0.00    0.00    0.00    0.00    0.00    0.00   99.00
16:12:46      33    0.00    0.00    0.00    0.00    0.00    0.00    0.00    0.00    0.00  100.00
16:12:46      34    4.08    0.00    3.06    0.00    0.00    0.00    0.00    0.00    0.00   92.86
16:12:46      35    0.00    0.00    0.00    0.00    0.00    0.00    0.00    0.00    0.00  100.00
16:12:46      36    0.00    0.00    0.00    0.00    0.00    0.00    0.00    0.00    0.00  100.00
16:12:46      37    0.00    0.00    0.00    0.00    0.00    0.00    0.00    0.00    0.00  100.00
16:12:46      38    0.00    0.00    1.00    0.00    0.00    0.00    0.00    0.00    0.00   99.00
16:12:46      39    0.00    0.00    0.00    0.00    0.00    0.00    0.00    0.00    0.00  100.00
16:12:46      40    0.00    0.00    1.02    0.00    0.00    0.00    0.00    0.00    0.00   98.98
16:12:46      41    3.00    0.00    1.00    0.00    0.00    0.00    0.00    0.00    0.00   96.00
16:12:46      42    0.00    0.00    1.01    0.00    0.00    0.00    0.00    0.00    0.00   98.99
16:12:46      43    0.00    0.00    4.04    0.00    0.00    0.00    0.00    0.00    0.00   95.96
16:12:46      44    2.97    0.00    1.98    0.00    0.00    0.99    0.00    0.00    0.00   94.06
16:12:46      45    0.00    0.00    0.00    0.00    0.00    0.00    0.00    0.00    0.00  100.00
16:12:46      46    0.98    0.00    0.98    0.00    0.00    0.00    0.00    0.00    0.00   98.04
16:12:46      47    2.00    0.00    1.00    0.00    0.00    0.00    0.00    0.00    0.00   97.00
16:12:46      48    0.00    0.00    0.00    0.00    0.00    0.00    0.00    0.00    0.00  100.00
16:12:46      49    0.00    0.00    0.00    0.00    0.00    0.00    0.00    0.00    0.00  100.00
16:12:46      50    0.00    0.00    0.00    0.00    0.00    0.00    0.00    0.00    0.00  100.00
16:12:46      51    0.00    0.00    0.00    0.00    0.00    0.00    0.00    0.00    0.00  100.00
16:12:46      52    0.00    0.00    0.00    0.00    0.00    0.00    0.00    0.00    0.00  100.00
16:12:46      53    0.00    0.00    0.00    0.00    0.00    0.00    0.00    0.00    0.00  100.00
16:12:46      54    0.99    0.00    0.99    0.00    0.00    0.00    0.00    0.00    0.00   98.02
16:12:46      55    0.00    0.00    0.00    0.00    0.00    0.00    0.00    0.00    0.00  100.00
16:12:46      56    0.00    0.00    0.00    0.00    0.00    0.00    0.00    0.00    0.00  100.00
16:12:46      57    0.00    0.00    0.00    0.00    0.00    0.00    0.00    0.00    0.00  100.00
16:12:46      58    0.00    0.00    0.00    0.00    0.00    0.00    0.00    0.00    0.00  100.00
16:12:46      59    0.00    0.00    0.00    0.00    0.00    0.00    0.00    0.00    0.00  100.00
16:12:46      60    0.00    0.00    0.00    0.00    0.00    0.00    0.00    0.00    0.00  100.00
16:12:46      61    0.00    0.00    0.00    0.00    0.00    0.00    0.00    0.00    0.00  100.00
16:12:46      62    1.00    0.00    0.00    0.00    0.00    0.00    0.00    0.00    0.00   99.00
16:12:46      63    0.00    0.00    0.00    0.00    0.00    0.00    0.00    0.00    0.00  100.00
16:12:46      64    0.00    0.00    0.00    0.00    0.00    0.00    0.00    0.00    0.00  100.00
16:12:46      65    0.00    0.00    0.00   16.33    0.00    0.00    0.00    0.00    0.00   83.67
16:12:46      66    0.00    0.00    0.00    0.00    0.00    0.00    0.00    0.00    0.00  100.00
16:12:46      67    0.00    0.00    0.00    0.00    0.00    0.00    0.00    0.00    0.00  100.00
16:12:46      68    0.00    0.00    0.00    0.00    0.00    0.00    0.00    0.00    0.00  100.00
16:12:46      69    0.00    0.00    0.00    0.00    0.00    0.00    0.00    0.00    0.00  100.00
16:12:46      70    0.00    0.00    0.00    0.00    0.00    0.00    0.00    0.00    0.00  100.00
16:12:46      71    0.00    0.00    0.00    0.00    0.00    0.00    0.00    0.00    0.00  100.00

16:12:46     CPU    %usr   %nice    %sys %iowait    %irq   %soft  %steal  %guest  %gnice   %idle
16:12:47     all    0.71    0.00    0.46    0.29    0.00    0.01    0.00    0.00    0.00   98.53
16:12:47       0    1.04    0.00    0.00    0.00    0.00    0.00    0.00    0.00    0.00   98.96
16:12:47       1    0.00    0.00    0.00    0.00    0.00    0.00    0.00    0.00    0.00  100.00
16:12:47       2    1.00    0.00    0.00    0.00    0.00    0.00    0.00    0.00    0.00   99.00
16:12:47       3    2.00    0.00    0.00    0.00    0.00    0.00    0.00    0.00    0.00   98.00
16:12:47       4    0.00    0.00    0.00    0.00    0.00    0.00    0.00    0.00    0.00  100.00
16:12:47       5    0.00    0.00    0.00    0.00    0.00    0.00    0.00    0.00    0.00  100.00
16:12:47       6    0.00    0.00    0.00    0.00    0.00    0.00    0.00    0.00    0.00  100.00
16:12:47       7    0.00    0.00    0.00    0.00    0.00    0.00    0.00    0.00    0.00  100.00
16:12:47       8    0.00    0.00    0.00    0.00    0.00    0.00    0.00    0.00    0.00  100.00
16:12:47       9    0.00    0.00    0.00    0.00    0.00    0.00    0.00    0.00    0.00  100.00
16:12:47      10    0.00    0.00    0.00    0.00    0.00    0.00    0.00    0.00    0.00  100.00
16:12:47      11    0.00    0.00    0.00    0.00    0.00    0.00    0.00    0.00    0.00  100.00
16:12:47      12    0.00    0.00    0.00    0.00    0.00    0.00    0.00    0.00    0.00  100.00
16:12:47      13    1.00    0.00    0.00    0.00    0.00    0.00    0.00    0.00    0.00   99.00
16:12:47      14    0.00    0.00    0.00    0.00    0.00    0.00    0.00    0.00    0.00  100.00
16:12:47      15    0.99    0.00    0.00    0.00    0.00    0.00    0.00    0.00    0.00   99.01
16:12:47      16    0.00    0.00    0.99    0.00    0.00    0.00    0.00    0.00    0.00   99.01
16:12:47      17    0.00    0.00    0.00    0.00    0.00    0.00    0.00    0.00    0.00  100.00
16:12:47      18   10.10    0.00    3.03    1.01    0.00    0.00    0.00    0.00    0.00   85.86
16:12:47      19    1.00    0.00    0.00    0.00    0.00    0.00    0.00    0.00    0.00   99.00
16:12:47      20    0.00    0.00    0.00    0.00    0.00    0.00    0.00    0.00    0.00  100.00
16:12:47      21    1.00    0.00    0.00    0.00    0.00    0.00    0.00    0.00    0.00   99.00
16:12:47      22    4.04    0.00    6.06    1.01    0.00    0.00    0.00    0.00    0.00   88.89
16:12:47      23    1.00    0.00    2.00    0.00    0.00    0.00    0.00    0.00    0.00   97.00
16:12:47      24    1.02    0.00    0.00    0.00    0.00    0.00    0.00    0.00    0.00   98.98
16:12:47      25    2.00    0.00    1.00    0.00    0.00    0.00    0.00    0.00    0.00   97.00
16:12:47      26    3.03    0.00    1.01    0.00    0.00    0.00    0.00    0.00    0.00   95.96
16:12:47      27    2.02    0.00    1.01    0.00    0.00    0.00    0.00    0.00    0.00   96.97
16:12:47      28    3.96    0.00    5.94    0.99    0.00    0.00    0.00    0.00    0.00   89.11
16:12:47      29    0.00    0.00    0.00    0.00    0.00    0.00    0.00    0.00    0.00  100.00
16:12:47      30    0.00    0.00    0.00    0.00    0.00    0.00    0.00    0.00    0.00  100.00
16:12:47      31    0.00    0.00    0.00    0.00    0.00    0.00    0.00    0.00    0.00  100.00
16:12:47      32    0.00    0.00    0.00    0.00    0.00    0.00    0.00    0.00    0.00  100.00
16:12:47      33    0.00    0.00    0.00    0.00    0.00    0.00    0.00    0.00    0.00  100.00
16:12:47      34    7.92    0.00    4.95    0.99    0.00    0.00    0.00    0.00    0.00   86.14
16:12:47      35    0.00    0.00    1.01    0.00    0.00    0.00    0.00    0.00    0.00   98.99
16:12:47      36    0.99    0.00    0.00    0.00    0.00    0.00    0.00    0.00    0.00   99.01
16:12:47      37    0.00    0.00    0.00    0.00    0.00    0.00    0.00    0.00    0.00  100.00
16:12:47      38    0.00    0.00    0.00    0.00    0.00    0.00    0.00    0.00    0.00  100.00
16:12:47      39    0.00    0.00    0.00    0.00    0.00    0.00    0.00    0.00    0.00  100.00
16:12:47      40    0.00    0.00    0.00    0.00    0.00    1.01    0.00    0.00    0.00   98.99
16:12:47      41    1.00    0.00    1.00    0.00    0.00    0.00    0.00    0.00    0.00   98.00
16:12:47      42    0.98    0.00    0.98    0.00    0.00    0.00    0.00    0.00    0.00   98.04
16:12:47      43    1.00    0.00    1.00    0.00    0.00    0.00    0.00    0.00    0.00   98.00
16:12:47      44    0.00    0.00    0.00    0.00    0.00    0.00    0.00    0.00    0.00  100.00
16:12:47      45    1.00    0.00    0.00    0.00    0.00    0.00    0.00    0.00    0.00   99.00
16:12:47      46    0.00    0.00    0.00    0.00    0.00    0.00    0.00    0.00    0.00  100.00
16:12:47      47    1.00    0.00    0.00    0.00    0.00    0.00    0.00    0.00    0.00   99.00
16:12:47      48    1.00    0.00    0.00    0.00    0.00    0.00    0.00    0.00    0.00   99.00
16:12:47      49    0.00    0.00    0.00    0.00    0.00    0.00    0.00    0.00    0.00  100.00
16:12:47      50    0.00    0.00    0.00    0.00    0.00    0.00    0.00    0.00    0.00  100.00
16:12:47      51    0.00    0.00    0.00    0.00    0.00    0.00    0.00    0.00    0.00  100.00
16:12:47      52    0.00    0.00    0.00    0.00    0.00    0.00    0.00    0.00    0.00  100.00
16:12:47      53    0.00    0.00    0.00    0.00    0.00    0.00    0.00    0.00    0.00  100.00
16:12:47      54    0.00    0.00    0.99    0.00    0.00    0.00    0.00    0.00    0.00   99.01
16:12:47      55    0.00    0.00    0.00    0.00    0.00    0.00    0.00    0.00    0.00  100.00
16:12:47      56    0.00    0.00    0.00    0.00    0.00    0.00    0.00    0.00    0.00  100.00
16:12:47      57    0.00    0.00    0.00    0.00    0.00    0.00    0.00    0.00    0.00  100.00
16:12:47      58    0.00    0.00    0.00    0.00    0.00    0.00    0.00    0.00    0.00  100.00
16:12:47      59    0.00    0.00    0.00    0.00    0.00    0.00    0.00    0.00    0.00  100.00
16:12:47      60    1.00    0.00    1.00    0.00    0.00    0.00    0.00    0.00    0.00   98.00
16:12:47      61    0.00    0.00    0.00    0.00    0.00    0.00    0.00    0.00    0.00  100.00
16:12:47      62    0.00    0.00    0.00    0.00    0.00    0.00    0.00    0.00    0.00  100.00
16:12:47      63    0.00    0.00    0.00    0.00    0.00    0.00    0.00    0.00    0.00  100.00
16:12:47      64    0.00    0.00    0.00    0.00    0.00    0.00    0.00    0.00    0.00  100.00
16:12:47      65    0.00    0.00    1.01   17.17    0.00    0.00    0.00    0.00    0.00   81.82
16:12:47      66    0.00    0.00    0.00    0.00    0.00    0.00    0.00    0.00    0.00  100.00
16:12:47      67    0.00    0.00    0.00    0.00    0.00    0.00    0.00    0.00    0.00  100.00
16:12:47      68    0.00    0.00    0.00    0.00    0.00    0.00    0.00    0.00    0.00  100.00
16:12:47      69    0.00    0.00    0.00    0.00    0.00    0.00    0.00    0.00    0.00  100.00
16:12:47      70    0.00    0.00    0.00    0.00    0.00    0.00    0.00    0.00    0.00  100.00
16:12:47      71    0.00    0.00    0.00    0.00    0.00    0.00    0.00    0.00    0.00  100.00

16:12:47     CPU    %usr   %nice    %sys %iowait    %irq   %soft  %steal  %guest  %gnice   %idle
16:12:48     all    0.79    0.00    0.50    0.25    0.00    0.00    0.00    0.00    0.00   98.46
16:12:48       0    1.03    0.00    1.03    0.00    0.00    0.00    0.00    0.00    0.00   97.94
16:12:48       1    0.00    0.00    0.00    0.00    0.00    0.00    0.00    0.00    0.00  100.00
16:12:48       2    0.00    0.00    0.00    0.00    0.00    0.00    0.00    0.00    0.00  100.00
16:12:48       3    0.00    0.00    0.00    0.00    0.00    0.00    0.00    0.00    0.00  100.00
16:12:48       4    0.00    0.00    0.00    0.00    0.00    0.00    0.00    0.00    0.00  100.00
16:12:48       5    0.00    0.00    0.00    0.00    0.00    0.00    0.00    0.00    0.00  100.00
16:12:48       6    0.00    0.00    1.00    0.00    0.00    0.00    0.00    0.00    0.00   99.00
16:12:48       7    0.00    0.00    0.00    1.00    0.00    0.00    0.00    0.00    0.00   99.00
16:12:48       8    0.00    0.00    0.00    0.00    0.00    0.00    0.00    0.00    0.00  100.00
16:12:48       9    0.00    0.00    0.00    0.00    0.00    0.00    0.00    0.00    0.00  100.00
16:12:48      10    0.00    0.00    0.00    0.00    0.00    0.00    0.00    0.00    0.00  100.00
16:12:48      11    0.00    0.00    0.00    0.00    0.00    0.00    0.00    0.00    0.00  100.00
16:12:48      12    0.99    0.00    0.00    0.00    0.00    0.00    0.00    0.00    0.00   99.01
16:12:48      13    0.00    0.00    0.00    0.00    0.00    0.00    0.00    0.00    0.00  100.00
16:12:48      14    0.00    0.00    0.00    0.00    0.00    0.00    0.00    0.00    0.00  100.00
16:12:48      15    0.00    0.00    0.00    0.00    0.00    0.00    0.00    0.00    0.00  100.00
16:12:48      16    0.00    0.00    0.00    0.00    0.00    0.00    0.00    0.00    0.00  100.00
16:12:48      17    0.99    0.00    0.00    0.00    0.00    0.00    0.00    0.00    0.00   99.01
16:12:48      18    7.07    0.00    4.04    0.00    0.00    0.00    0.00    0.00    0.00   88.89
16:12:48      19    6.00    0.00    1.00    0.00    0.00    0.00    0.00    0.00    0.00   93.00
16:12:48      20    1.98    0.00    0.99    0.00    0.00    0.00    0.00    0.00    0.00   97.03
16:12:48      21    1.00    0.00    1.00    0.00    0.00    0.00    0.00    0.00    0.00   98.00
16:12:48      22    7.14    0.00    5.10    0.00    0.00    0.00    0.00    0.00    0.00   87.76
16:12:48      23    2.02    0.00    0.00    0.00    0.00    0.00    0.00    0.00    0.00   97.98
16:12:48      24    1.01    0.00    1.01    0.00    0.00    0.00    0.00    0.00    0.00   97.98
16:12:48      25    1.98    0.00    1.98    0.99    0.00    0.00    0.00    0.00    0.00   95.05
16:12:48      26    3.00    0.00    1.00    0.00    0.00    0.00    0.00    0.00    0.00   96.00
16:12:48      27    1.00    0.00    1.00    0.00    0.00    0.00    0.00    0.00    0.00   98.00
16:12:48      28    7.00    0.00    4.00    0.00    0.00    0.00    0.00    0.00    0.00   89.00
16:12:48      29    0.00    0.00    0.00    0.00    0.00    0.00    0.00    0.00    0.00  100.00
16:12:48      30    1.01    0.00    0.00    0.00    0.00    0.00    0.00    0.00    0.00   98.99
16:12:48      31    2.00    0.00    1.00    0.00    0.00    0.00    0.00    0.00    0.00   97.00
16:12:48      32    1.00    0.00    1.00    0.00    0.00    0.00    0.00    0.00    0.00   98.00
16:12:48      33    0.00    0.00    0.00    0.00    0.00    0.00    0.00    0.00    0.00  100.00
16:12:48      34    3.03    0.00    4.04    0.00    0.00    0.00    0.00    0.00    0.00   92.93
16:12:48      35    2.00    0.00    3.00    0.00    0.00    0.00    0.00    0.00    0.00   95.00
16:12:48      36    0.00    0.00    0.00    0.00    0.00    0.00    0.00    0.00    0.00  100.00
16:12:48      37    0.00    0.00    0.00    0.00    0.00    0.00    0.00    0.00    0.00  100.00
16:12:48      38    0.00    0.00    1.00    0.00    0.00    0.00    0.00    0.00    0.00   99.00
16:12:48      39    0.00    0.00    0.00    0.00    0.00    0.00    0.00    0.00    0.00  100.00
16:12:48      40    1.01    0.00    1.01    0.00    0.00    0.00    0.00    0.00    0.00   97.98
16:12:48      41    2.00    0.00    0.00    0.00    0.00    0.00    0.00    0.00    0.00   98.00
16:12:48      42    0.00    0.00    0.00    0.00    0.00    0.00    0.00    0.00    0.00  100.00
16:12:48      43    0.00    0.00    0.00    0.00    0.00    0.00    0.00    0.00    0.00  100.00
16:12:48      44    0.00    0.00    0.00    0.00    0.00    0.00    0.00    0.00    0.00  100.00
16:12:48      45    0.00    0.00    0.00    0.00    0.00    0.00    0.00    0.00    0.00  100.00
16:12:48      46    0.00    0.00    0.00    0.00    0.00    0.00    0.00    0.00    0.00  100.00
16:12:48      47    0.00    0.00    0.00    0.00    0.00    0.00    0.00    0.00    0.00  100.00
16:12:48      48    0.00    0.00    0.00    0.00    0.00    0.00    0.00    0.00    0.00  100.00
16:12:48      49    0.00    0.00    0.00    0.00    0.00    0.00    0.00    0.00    0.00  100.00
16:12:48      50    0.99    0.00    0.00    0.00    0.00    0.00    0.00    0.00    0.00   99.01
16:12:48      51    0.00    0.00    0.00    0.00    0.00    0.00    0.00    0.00    0.00  100.00
16:12:48      52    0.00    0.00    0.00    0.00    0.00    0.00    0.00    0.00    0.00  100.00
16:12:48      53    0.00    0.00    0.00    0.00    0.00    0.00    0.00    0.00    0.00  100.00
16:12:48      54    0.00    0.00    0.00    0.00    0.00    0.00    0.00    0.00    0.00  100.00
16:12:48      55    0.00    0.00    1.00    0.00    0.00    0.00    0.00    0.00    0.00   99.00
16:12:48      56    0.00    0.00    0.00    0.00    0.00    0.00    0.00    0.00    0.00  100.00
16:12:48      57    0.00    0.00    0.00    0.00    0.00    0.00    0.00    0.00    0.00  100.00
16:12:48      58    0.00    0.00    0.00    0.00    0.00    0.00    0.00    0.00    0.00  100.00
16:12:48      59    0.00    0.00    0.00    0.00    0.00    0.00    0.00    0.00    0.00  100.00
16:12:48      60    0.00    0.00    0.00    0.00    0.00    0.00    0.00    0.00    0.00  100.00
16:12:48      61    0.00    0.00    0.00    0.00    0.00    0.00    0.00    0.00    0.00  100.00
16:12:48      62    1.00    0.00    0.00    0.00    0.00    0.00    0.00    0.00    0.00   99.00
16:12:48      63    0.00    0.00    0.00    0.00    0.00    0.00    0.00    0.00    0.00  100.00
16:12:48      64    0.00    0.00    0.00    0.00    0.00    0.00    0.00    0.00    0.00  100.00
16:12:48      65    0.98    0.00    0.98   15.69    0.00    0.00    0.00    0.00    0.00   82.35
16:12:48      66    0.00    0.00    0.00    0.00    0.00    0.00    0.00    0.00    0.00  100.00
16:12:48      67    0.00    0.00    0.00    0.00    0.00    0.00    0.00    0.00    0.00  100.00
16:12:48      68    0.00    0.00    0.00    0.00    0.00    0.00    0.00    0.00    0.00  100.00
16:12:48      69    0.00    0.00    0.00    0.00    0.00    0.00    0.00    0.00    0.00  100.00
16:12:48      70    0.00    0.00    0.00    0.00    0.00    0.00    0.00    0.00    0.00  100.00
16:12:48      71    0.00    0.00    0.00    0.00    0.00    0.00    0.00    0.00    0.00  100.00

16:12:48     CPU    %usr   %nice    %sys %iowait    %irq   %soft  %steal  %guest  %gnice   %idle
16:12:49     all    0.67    0.00    0.46    0.31    0.00    0.00    0.00    0.00    0.00   98.57
16:12:49       0    0.00    0.00    0.00    0.00    0.00    0.00    0.00    0.00    0.00  100.00
16:12:49       1    0.00    0.00    0.00    0.00    0.00    0.00    0.00    0.00    0.00  100.00
16:12:49       2    1.00    0.00    0.00    0.00    0.00    0.00    0.00    0.00    0.00   99.00
16:12:49       3    0.00    0.00    0.00    0.00    0.00    0.00    0.00    0.00    0.00  100.00
16:12:49       4    0.00    0.00    0.00    0.00    0.00    0.00    0.00    0.00    0.00  100.00
16:12:49       5    0.00    0.00    0.00    0.00    0.00    0.00    0.00    0.00    0.00  100.00
16:12:49       6    0.00    0.00    0.00    0.00    0.00    0.00    0.00    0.00    0.00  100.00
16:12:49       7    0.00    0.00    1.01    0.00    0.00    0.00    0.00    0.00    0.00   98.99
16:12:49       8    1.00    0.00    2.00    0.00    0.00    0.00    0.00    0.00    0.00   97.00
16:12:49       9    0.00    0.00    0.00    0.00    0.00    0.00    0.00    0.00    0.00  100.00
16:12:49      10    0.00    0.00    0.00    0.00    0.00    0.00    0.00    0.00    0.00  100.00
16:12:49      11    0.00    0.00    0.00    0.00    0.00    0.00    0.00    0.00    0.00  100.00
16:12:49      12    0.00    0.00    0.00    0.00    0.00    0.00    0.00    0.00    0.00  100.00
16:12:49      13    0.00    0.00    0.00    0.00    0.00    0.00    0.00    0.00    0.00  100.00
16:12:49      14    0.00    0.00    0.00    0.00    0.00    0.00    0.00    0.00    0.00  100.00
16:12:49      15    0.00    0.00    0.00    0.00    0.00    0.00    0.00    0.00    0.00  100.00
16:12:49      16    0.00    0.00    1.00    0.00    0.00    0.00    0.00    0.00    0.00   99.00
16:12:49      17    0.00    0.00    0.00    0.00    0.00    0.00    0.00    0.00    0.00  100.00
16:12:49      18    4.00    0.00    1.00    0.00    0.00    0.00    0.00    0.00    0.00   95.00
16:12:49      19    3.06    0.00    1.02    0.00    0.00    0.00    0.00    0.00    0.00   95.92
16:12:49      20    3.00    0.00    0.00    0.00    0.00    0.00    0.00    0.00    0.00   97.00
16:12:49      21    0.00    0.00    0.00    0.00    0.00    0.00    0.00    0.00    0.00  100.00
16:12:49      22   12.00    0.00   10.00    1.00    0.00    0.00    0.00    0.00    0.00   77.00
16:12:49      23    5.05    0.00    5.05    1.01    0.00    0.00    0.00    0.00    0.00   88.89
16:12:49      24    0.99    0.00    0.99    0.00    0.00    0.00    0.00    0.00    0.00   98.02
16:12:49      25    0.00    0.00    0.00    0.00    0.00    0.00    0.00    0.00    0.00  100.00
16:12:49      26    5.05    0.00    3.03    1.01    0.00    0.00    0.00    0.00    0.00   90.91
16:12:49      27    1.00    0.00    0.00    0.00    0.00    0.00    0.00    0.00    0.00   99.00
16:12:49      28    2.00    0.00    1.00    1.00    0.00    0.00    0.00    0.00    0.00   96.00
16:12:49      29    0.00    0.00    0.00    0.00    0.00    0.00    0.00    0.00    0.00  100.00
16:12:49      30    2.00    0.00    1.00    0.00    0.00    0.00    0.00    0.00    0.00   97.00
16:12:49      31    0.00    0.00    0.00    0.00    0.00    0.00    0.00    0.00    0.00  100.00
16:12:49      32    1.00    0.00    0.00    0.00    0.00    0.00    0.00    0.00    0.00   99.00
16:12:49      33    0.00    0.00    0.00    0.00    0.00    0.00    0.00    0.00    0.00  100.00
16:12:49      34    3.03    0.00    1.01    0.00    0.00    0.00    0.00    0.00    0.00   95.96
16:12:49      35    0.99    0.00    0.00    0.00    0.00    0.00    0.00    0.00    0.00   99.01
16:12:49      36    0.99    0.00    0.00    0.00    0.00    0.00    0.00    0.00    0.00   99.01
16:12:49      37    0.00    0.00    0.00    0.00    0.00    0.00    0.00    0.00    0.00  100.00
16:12:49      38    0.00    0.00    0.00    0.00    0.00    0.00    0.00    0.00    0.00  100.00
16:12:49      39    0.00    0.00    1.00    0.00    0.00    0.00    0.00    0.00    0.00   99.00
16:12:49      40    0.00    0.00    0.00    0.00    0.00    0.00    0.00    0.00    0.00  100.00
16:12:49      41    0.00    0.00    0.00    0.00    0.00    0.00    0.00    0.00    0.00  100.00
16:12:49      42    0.00    0.00    0.00    0.00    0.00    0.00    0.00    0.00    0.00  100.00
16:12:49      43    0.00    0.00    0.00    0.00    0.00    0.00    0.00    0.00    0.00  100.00
16:12:49      44    0.00    0.00    0.00    0.00    0.00    0.00    0.00    0.00    0.00  100.00
16:12:49      45    0.00    0.00    0.00    0.00    0.00    0.00    0.00    0.00    0.00  100.00
16:12:49      46    1.00    0.00    0.00    0.00    0.00    0.00    0.00    0.00    0.00   99.00
16:12:49      47    0.00    0.00    0.99    0.00    0.00    0.00    0.00    0.00    0.00   99.01
16:12:49      48    0.00    0.00    0.00    0.00    0.00    0.00    0.00    0.00    0.00  100.00
16:12:49      49    0.00    0.00    0.00    0.00    0.00    0.00    0.00    0.00    0.00  100.00
16:12:49      50    0.00    0.00    0.00    0.00    0.00    0.00    0.00    0.00    0.00  100.00
16:12:49      51    1.00    0.00    0.00    0.00    0.00    0.00    0.00    0.00    0.00   99.00
16:12:49      52    0.00    0.00    0.00    0.00    0.00    0.00    0.00    0.00    0.00  100.00
16:12:49      53    0.00    0.00    0.00    0.00    0.00    0.00    0.00    0.00    0.00  100.00
16:12:49      54    0.00    0.00    0.99    0.00    0.00    0.00    0.00    0.00    0.00   99.01
16:12:49      55    0.00    0.00    0.00    0.00    0.00    0.00    0.00    0.00    0.00  100.00
16:12:49      56    0.00    0.00    0.00    0.00    0.00    0.00    0.00    0.00    0.00  100.00
16:12:49      57    0.00    0.00    0.00    0.00    0.00    0.00    0.00    0.00    0.00  100.00
16:12:49      58    0.00    0.00    0.00    0.00    0.00    0.00    0.00    0.00    0.00  100.00
16:12:49      59    0.00    0.00    0.00    0.00    0.00    0.00    0.00    0.00    0.00  100.00
16:12:49      60    0.00    0.00    0.00    0.00    0.00    0.00    0.00    0.00    0.00  100.00
16:12:49      61    0.00    0.00    0.00    0.00    0.00    0.00    0.00    0.00    0.00  100.00
16:12:49      62    0.00    0.00    0.00    0.00    0.00    0.00    0.00    0.00    0.00  100.00
16:12:49      63    0.00    0.00    0.00    0.00    0.00    0.00    0.00    0.00    0.00  100.00
16:12:49      64    0.00    0.00    0.00    0.00    0.00    0.00    0.00    0.00    0.00  100.00
16:12:49      65    0.00    0.00    1.00   18.00    0.00    0.00    0.00    0.00    0.00   81.00
16:12:49      66    0.00    0.00    0.99    0.00    0.00    0.00    0.00    0.00    0.00   99.01
16:12:49      67    0.00    0.00    0.00    0.00    0.00    0.00    0.00    0.00    0.00  100.00
16:12:49      68    0.00    0.00    0.00    0.00    0.00    0.00    0.00    0.00    0.00  100.00
16:12:49      69    0.00    0.00    0.00    0.00    0.00    0.00    0.00    0.00    0.00  100.00
16:12:49      70    0.00    0.00    0.00    0.00    0.00    0.00    0.00    0.00    0.00  100.00
16:12:49      71    0.00    0.00    0.00    0.00    0.00    0.00    0.00    0.00    0.00  100.00

16:12:49     CPU    %usr   %nice    %sys %iowait    %irq   %soft  %steal  %guest  %gnice   %idle
16:12:50     all    0.67    0.00    0.40    0.28    0.00    0.00    0.00    0.00    0.00   98.65
16:12:50       0    0.00    0.00    0.00    0.00    0.00    0.00    0.00    0.00    0.00  100.00
16:12:50       1    0.00    0.00    0.00    0.00    0.00    0.00    0.00    0.00    0.00  100.00
16:12:50       2    1.00    0.00    0.00    0.00    0.00    0.00    0.00    0.00    0.00   99.00
16:12:50       3    0.00    0.00    0.00    0.00    0.00    0.00    0.00    0.00    0.00  100.00
16:12:50       4    0.00    0.00    0.00    0.00    0.00    0.00    0.00    0.00    0.00  100.00
16:12:50       5    0.00    0.00    0.00    0.00    0.00    0.00    0.00    0.00    0.00  100.00
16:12:50       6    0.00    0.00    0.00    0.00    0.00    0.00    0.00    0.00    0.00  100.00
16:12:50       7    0.00    0.00    0.00    0.00    0.00    0.00    0.00    0.00    0.00  100.00
16:12:50       8    0.00    0.00    0.00    0.00    0.00    0.00    0.00    0.00    0.00  100.00
16:12:50       9    0.00    0.00    0.00    0.00    0.00    0.00    0.00    0.00    0.00  100.00
16:12:50      10    0.00    0.00    0.00    0.00    0.00    0.00    0.00    0.00    0.00  100.00
16:12:50      11    0.99    0.00    0.00    0.00    0.00    0.00    0.00    0.00    0.00   99.01
16:12:50      12    0.00    0.00    0.00    0.00    0.00    0.00    0.00    0.00    0.00  100.00
16:12:50      13    0.00    0.00    0.00    0.00    0.00    0.00    0.00    0.00    0.00  100.00
16:12:50      14    0.00    0.00    0.00    0.00    0.00    0.00    0.00    0.00    0.00  100.00
16:12:50      15    0.00    0.00    0.00    0.00    0.00    0.00    0.00    0.00    0.00  100.00
16:12:50      16    0.00    0.00    0.00    0.00    0.00    0.00    0.00    0.00    0.00  100.00
16:12:50      17    0.00    0.00    1.00    0.00    0.00    0.00    0.00    0.00    0.00   99.00
16:12:50      18   12.24    0.00    4.08    1.02    0.00    0.00    0.00    0.00    0.00   82.65
16:12:50      19    2.00    0.00    1.00    0.00    0.00    0.00    0.00    0.00    0.00   97.00
16:12:50      20    2.02    0.00    0.00    0.00    0.00    0.00    0.00    0.00    0.00   97.98
16:12:50      21    3.92    0.00    1.96    0.98    0.00    0.00    0.00    0.00    0.00   93.14
16:12:50      22    6.06    0.00    8.08    0.00    0.00    0.00    0.00    0.00    0.00   85.86
16:12:50      23    3.00    0.00    2.00    0.00    0.00    0.00    0.00    0.00    0.00   95.00
16:12:50      24    0.99    0.00    0.99    0.00    0.00    0.00    0.00    0.00    0.00   98.02
16:12:50      25    1.01    0.00    0.00    0.00    0.00    0.00    0.00    0.00    0.00   98.99
16:12:50      26    4.04    0.00    3.03    1.01    0.00    0.00    0.00    0.00    0.00   91.92
16:12:50      27    2.00    0.00    0.00    0.00    0.00    0.00    0.00    0.00    0.00   98.00
16:12:50      28    0.99    0.00    0.99    0.00    0.00    0.00    0.00    0.00    0.00   98.02
16:12:50      29    1.00    0.00    0.00    0.00    0.00    0.00    0.00    0.00    0.00   99.00
16:12:50      30    1.00    0.00    0.00    0.00    0.00    0.00    0.00    0.00    0.00   99.00
16:12:50      31    1.00    0.00    1.00    0.00    0.00    0.00    0.00    0.00    0.00   98.00
16:12:50      32    0.00    0.00    0.00    0.00    0.00    0.00    0.00    0.00    0.00  100.00
16:12:50      33    0.00    0.00    0.00    0.00    0.00    0.00    0.00    0.00    0.00  100.00
16:12:50      34    4.00    0.00    1.00    0.00    0.00    0.00    0.00    0.00    0.00   95.00
16:12:50      35    1.01    0.00    0.00    0.00    0.00    0.00    0.00    0.00    0.00   98.99
16:12:50      36    0.00    0.00    1.01    0.00    0.00    0.00    0.00    0.00    0.00   98.99
16:12:50      37    0.00    0.00    0.99    0.00    0.00    0.00    0.00    0.00    0.00   99.01
16:12:50      38    0.00    0.00    0.99    0.00    0.00    0.00    0.00    0.00    0.00   99.01
16:12:50      39    0.00    0.00    0.00    0.00    0.00    0.00    0.00    0.00    0.00  100.00
16:12:50      40    0.00    0.00    0.00    0.00    0.00    0.00    0.00    0.00    0.00  100.00
16:12:50      41    0.00    0.00    0.00    0.00    0.00    0.00    0.00    0.00    0.00  100.00
16:12:50      42    0.00    0.00    0.00    0.00    0.00    0.00    0.00    0.00    0.00  100.00
16:12:50      43    0.00    0.00    0.00    0.00    0.00    0.00    0.00    0.00    0.00  100.00
16:12:50      44    0.00    0.00    0.00    0.00    0.00    0.00    0.00    0.00    0.00  100.00
16:12:50      45    0.00    0.00    0.00    0.00    0.00    0.00    0.00    0.00    0.00  100.00
16:12:50      46    0.00    0.00    0.00    0.00    0.00    0.00    0.00    0.00    0.00  100.00
16:12:50      47    0.00    0.00    0.00    0.00    0.00    0.00    0.00    0.00    0.00  100.00
16:12:50      48    0.00    0.00    0.00    0.00    0.00    0.00    0.00    0.00    0.00  100.00
16:12:50      49    0.00    0.00    0.00    0.00    0.00    0.00    0.00    0.00    0.00  100.00
16:12:50      50    0.00    0.00    0.00    0.00    0.00    0.00    0.00    0.00    0.00  100.00
16:12:50      51    0.00    0.00    0.00    0.00    0.00    0.00    0.00    0.00    0.00  100.00
16:12:50      52    0.00    0.00    0.00    0.00    0.00    0.00    0.00    0.00    0.00  100.00
16:12:50      53    0.00    0.00    0.00    0.00    0.00    0.00    0.00    0.00    0.00  100.00
16:12:50      54    0.00    0.00    0.00    0.00    0.00    0.00    0.00    0.00    0.00  100.00
16:12:50      55    0.00    0.00    0.00    0.00    0.00    0.00    0.00    0.00    0.00  100.00
16:12:50      56    0.00    0.00    0.00    0.00    0.00    0.00    0.00    0.00    0.00  100.00
16:12:50      57    0.00    0.00    0.00    0.00    0.00    0.00    0.00    0.00    0.00  100.00
16:12:50      58    0.00    0.00    0.00    0.00    0.00    0.00    0.00    0.00    0.00  100.00
16:12:50      59    0.00    0.00    0.00    0.00    0.00    0.00    0.00    0.00    0.00  100.00
16:12:50      60    0.00    0.00    0.00    0.00    0.00    0.00    0.00    0.00    0.00  100.00
16:12:50      61    0.00    0.00    0.00    0.00    0.00    0.00    0.00    0.00    0.00  100.00
16:12:50      62    0.00    0.00    0.00    0.00    0.00    0.00    0.00    0.00    0.00  100.00
16:12:50      63    0.00    0.00    0.00    0.00    0.00    0.00    0.00    0.00    0.00  100.00
16:12:50      64    0.00    0.00    0.00    0.00    0.00    0.00    0.00    0.00    0.00  100.00
16:12:50      65    0.00    0.00    1.00   17.00    0.00    0.00    0.00    0.00    0.00   82.00
16:12:50      66    0.00    0.00    0.00    0.00    0.00    0.00    0.00    0.00    0.00  100.00
16:12:50      67    0.00    0.00    0.00    0.00    0.00    0.00    0.00    0.00    0.00  100.00
16:12:50      68    0.00    0.00    0.00    0.00    0.00    0.00    0.00    0.00    0.00  100.00
16:12:50      69    0.00    0.00    0.00    0.00    0.00    0.00    0.00    0.00    0.00  100.00
16:12:50      70    0.00    0.00    0.00    0.00    0.00    0.00    0.00    0.00    0.00  100.00
16:12:50      71    0.00    0.00    0.00    0.00    0.00    0.00    0.00    0.00    0.00  100.00

16:12:50     CPU    %usr   %nice    %sys %iowait    %irq   %soft  %steal  %guest  %gnice   %idle
16:12:51     all    0.70    0.00    0.42    0.25    0.00    0.00    0.00    0.00    0.00   98.63
16:12:51       0    0.00    0.00    0.00    0.00    0.00    0.00    0.00    0.00    0.00  100.00
16:12:51       1    0.00    0.00    0.00    0.00    0.00    0.00    0.00    0.00    0.00  100.00
16:12:51       2    0.00    0.00    0.00    0.00    0.00    0.00    0.00    0.00    0.00  100.00
16:12:51       3    1.00    0.00    0.00    0.00    0.00    0.00    0.00    0.00    0.00   99.00
16:12:51       4    0.00    0.00    0.00    0.00    0.00    0.00    0.00    0.00    0.00  100.00
16:12:51       5    0.00    0.00    0.00    0.00    0.00    0.00    0.00    0.00    0.00  100.00
16:12:51       6    0.00    0.00    0.00    0.00    0.00    0.00    0.00    0.00    0.00  100.00
16:12:51       7    0.00    0.00    0.99    0.00    0.00    0.00    0.00    0.00    0.00   99.01
16:12:51       8    0.00    0.00    0.00    0.00    0.00    0.00    0.00    0.00    0.00  100.00
16:12:51       9    0.00    0.00    0.00    0.00    0.00    0.00    0.00    0.00    0.00  100.00
16:12:51      10    0.00    0.00    0.00    0.00    0.00    0.00    0.00    0.00    0.00  100.00
16:12:51      11    0.00    0.00    0.00    0.00    0.00    0.00    0.00    0.00    0.00  100.00
16:12:51      12    0.00    0.00    0.00    0.00    0.00    0.00    0.00    0.00    0.00  100.00
16:12:51      13    0.00    0.00    0.00    0.00    0.00    0.00    0.00    0.00    0.00  100.00
16:12:51      14    0.00    0.00    0.00    0.00    0.00    0.00    0.00    0.00    0.00  100.00
16:12:51      15    0.00    0.00    1.00    0.00    0.00    0.00    0.00    0.00    0.00   99.00
16:12:51      16    0.00    0.00    0.00    0.00    0.00    0.00    0.00    0.00    0.00  100.00
16:12:51      17    0.00    0.00    0.00    0.00    0.00    0.00    0.00    0.00    0.00  100.00
16:12:51      18    5.05    0.00    2.02    1.01    0.00    0.00    0.00    0.00    0.00   91.92
16:12:51      19    2.00    0.00    1.00    0.00    0.00    0.00    0.00    0.00    0.00   97.00
16:12:51      20    1.00    0.00    1.00    0.00    0.00    0.00    0.00    0.00    0.00   98.00
16:12:51      21    1.00    0.00    0.00    0.00    0.00    0.00    0.00    0.00    0.00   99.00
16:12:51      22    6.06    0.00    7.07    1.01    0.00    0.00    0.00    0.00    0.00   85.86
16:12:51      23    2.00    0.00    0.00    0.00    0.00    0.00    0.00    0.00    0.00   98.00
16:12:51      24    3.06    0.00    1.02    0.00    0.00    0.00    0.00    0.00    0.00   95.92
16:12:51      25    3.00    0.00    2.00    0.00    0.00    0.00    0.00    0.00    0.00   95.00
16:12:51      26   10.00    0.00    4.00    0.00    0.00    0.00    0.00    0.00    0.00   86.00
16:12:51      27    0.00    0.00    1.01    0.00    0.00    0.00    0.00    0.00    0.00   98.99
16:12:51      28    1.00    0.00    0.00    0.00    0.00    0.00    0.00    0.00    0.00   99.00
16:12:51      29    0.00    0.00    0.00    0.00    0.00    0.00    0.00    0.00    0.00  100.00
16:12:51      30    1.01    0.00    1.01    0.00    0.00    0.00    0.00    0.00    0.00   97.98
16:12:51      31    5.05    0.00    1.01    0.00    0.00    0.00    0.00    0.00    0.00   93.94
16:12:51      32    0.00    0.00    0.00    0.00    0.00    0.00    0.00    0.00    0.00  100.00
16:12:51      33    0.00    0.00    0.00    0.00    0.00    0.00    0.00    0.00    0.00  100.00
16:12:51      34    2.04    0.00    1.02    0.00    0.00    0.00    0.00    0.00    0.00   96.94
16:12:51      35    3.00    0.00    1.00    0.00    0.00    0.00    0.00    0.00    0.00   96.00
16:12:51      36    1.00    0.00    1.00    0.00    0.00    0.00    0.00    0.00    0.00   98.00
16:12:51      37    0.99    0.00    0.00    0.00    0.00    0.00    0.00    0.00    0.00   99.01
16:12:51      38    0.00    0.00    0.00    0.00    0.00    0.00    0.00    0.00    0.00  100.00
16:12:51      39    0.00    0.00    0.00    0.00    0.00    0.00    0.00    0.00    0.00  100.00
16:12:51      40    0.00    0.00    0.00    0.00    0.00    0.00    0.00    0.00    0.00  100.00
16:12:51      41    0.00    0.00    0.00    0.00    0.00    0.00    0.00    0.00    0.00  100.00
16:12:51      42    0.00    0.00    0.00    0.00    0.00    0.00    0.00    0.00    0.00  100.00
16:12:51      43    0.00    0.00    0.00    0.00    0.00    0.00    0.00    0.00    0.00  100.00
16:12:51      44    0.00    0.00    0.00    0.00    0.00    0.00    0.00    0.00    0.00  100.00
16:12:51      45    0.00    0.00    0.00    0.00    0.00    0.00    0.00    0.00    0.00  100.00
16:12:51      46    0.00    0.00    0.00    0.00    0.00    0.00    0.00    0.00    0.00  100.00
16:12:51      47    0.00    0.00    1.00    0.00    0.00    0.00    0.00    0.00    0.00   99.00
16:12:51      48    1.00    0.00    2.00    0.00    0.00    0.00    0.00    0.00    0.00   97.00
16:12:51      49    0.00    0.00    0.00    0.00    0.00    0.00    0.00    0.00    0.00  100.00
16:12:51      50    0.00    0.00    0.00    0.00    0.00    0.00    0.00    0.00    0.00  100.00
16:12:51      51    0.00    0.00    0.00    0.00    0.00    0.00    0.00    0.00    0.00  100.00
16:12:51      52    0.00    0.00    0.00    0.00    0.00    0.00    0.00    0.00    0.00  100.00
16:12:51      53    0.00    0.00    0.00    0.00    0.00    0.00    0.00    0.00    0.00  100.00
16:12:51      54    0.00    0.00    0.00    0.00    0.00    0.00    0.00    0.00    0.00  100.00
16:12:51      55    1.00    0.00    1.00    0.00    0.00    0.00    0.00    0.00    0.00   98.00
16:12:51      56    0.00    0.00    0.00    0.00    0.00    0.00    0.00    0.00    0.00  100.00
16:12:51      57    0.00    0.00    0.00    0.00    0.00    0.00    0.00    0.00    0.00  100.00
16:12:51      58    0.00    0.00    0.00    0.00    0.00    0.00    0.00    0.00    0.00  100.00
16:12:51      59    0.00    0.00    0.00    0.00    0.00    0.00    0.00    0.00    0.00  100.00
16:12:51      60    0.00    0.00    0.00    0.00    0.00    0.00    0.00    0.00    0.00  100.00
16:12:51      61    0.00    0.00    0.00    0.00    0.00    0.00    0.00    0.00    0.00  100.00
16:12:51      62    0.00    0.00    0.00    0.00    0.00    0.00    0.00    0.00    0.00  100.00
16:12:51      63    0.00    0.00    0.00    0.00    0.00    0.00    0.00    0.00    0.00  100.00
16:12:51      64    0.00    0.00    0.00    0.00    0.00    0.00    0.00    0.00    0.00  100.00
16:12:51      65    0.00    0.00    0.00   16.33    0.00    0.00    0.00    0.00    0.00   83.67
16:12:51      66    0.00    0.00    0.00    0.00    0.00    0.00    0.00    0.00    0.00  100.00
16:12:51      67    0.00    0.00    0.00    0.00    0.00    0.00    0.00    0.00    0.00  100.00
16:12:51      68    0.00    0.00    0.00    0.00    0.00    0.00    0.00    0.00    0.00  100.00
16:12:51      69    0.00    0.00    0.00    0.00    0.00    0.00    0.00    0.00    0.00  100.00
16:12:51      70    0.00    0.00    0.00    0.00    0.00    0.00    0.00    0.00    0.00  100.00
16:12:51      71    0.00    0.00    0.00    0.00    0.00    0.00    0.00    0.00    0.00  100.00

16:12:51     CPU    %usr   %nice    %sys %iowait    %irq   %soft  %steal  %guest  %gnice   %idle
16:12:52     all    0.67    0.00    0.46    0.33    0.00    0.00    0.00    0.00    0.00   98.54
16:12:52       0    1.03    0.00    0.00    0.00    0.00    0.00    0.00    0.00    0.00   98.97
16:12:52       1    0.00    0.00    0.00    0.00    0.00    0.00    0.00    0.00    0.00  100.00
16:12:52       2    0.00    0.00    0.00    0.00    0.00    0.00    0.00    0.00    0.00  100.00
16:12:52       3    0.00    0.00    0.00    0.00    0.00    0.00    0.00    0.00    0.00  100.00
16:12:52       4    0.00    0.00    0.00    0.00    0.00    0.00    0.00    0.00    0.00  100.00
16:12:52       5    0.00    0.00    0.00    0.00    0.00    0.00    0.00    0.00    0.00  100.00
16:12:52       6    0.00    0.00    0.00    0.00    0.00    0.00    0.00    0.00    0.00  100.00
16:12:52       7    0.00    0.00    0.00    0.00    0.00    0.00    0.00    0.00    0.00  100.00
16:12:52       8    0.00    0.00    0.00    0.00    0.00    0.00    0.00    0.00    0.00  100.00
16:12:52       9    0.00    0.00    0.00    0.00    0.00    0.00    0.00    0.00    0.00  100.00
16:12:52      10    0.00    0.00    0.00    0.00    0.00    0.00    0.00    0.00    0.00  100.00
16:12:52      11    0.00    0.00    0.00    0.00    0.00    0.00    0.00    0.00    0.00  100.00
16:12:52      12    0.00    0.00    0.00    0.00    0.00    0.00    0.00    0.00    0.00  100.00
16:12:52      13    0.00    0.00    0.00    0.00    0.00    0.00    0.00    0.00    0.00  100.00
16:12:52      14    0.00    0.00    0.00    0.00    0.00    0.00    0.00    0.00    0.00  100.00
16:12:52      15    0.00    0.00    0.00    0.00    0.00    0.00    0.00    0.00    0.00  100.00
16:12:52      16    1.00    0.00    0.00    0.00    0.00    0.00    0.00    0.00    0.00   99.00
16:12:52      17    0.00    0.00    1.00    0.00    0.00    0.00    0.00    0.00    0.00   99.00
16:12:52      18    6.00    0.00    4.00    1.00    0.00    0.00    0.00    0.00    0.00   89.00
16:12:52      19    2.00    0.00    1.00    0.00    0.00    0.00    0.00    0.00    0.00   97.00
16:12:52      20    2.00    0.00    2.00    0.00    0.00    0.00    0.00    0.00    0.00   96.00
16:12:52      21    1.01    0.00    0.00    0.00    0.00    0.00    0.00    0.00    0.00   98.99
16:12:52      22    7.00    0.00    9.00    1.00    0.00    0.00    0.00    0.00    0.00   83.00
16:12:52      23    2.02    0.00    1.01    0.00    0.00    0.00    0.00    0.00    0.00   96.97
16:12:52      24    6.00    0.00    1.00    1.00    0.00    0.00    0.00    0.00    0.00   92.00
16:12:52      25    1.01    0.00    1.01    0.00    0.00    0.00    0.00    0.00    0.00   97.98
16:12:52      26    5.00    0.00    2.00    1.00    0.00    0.00    0.00    0.00    0.00   92.00
16:12:52      27    2.00    0.00    0.00    0.00    0.00    0.00    0.00    0.00    0.00   98.00
16:12:52      28    1.00    0.00    0.00    0.00    0.00    0.00    0.00    0.00    0.00   99.00
16:12:52      29    0.00    0.00    0.00    0.00    0.00    0.00    0.00    0.00    0.00  100.00
16:12:52      30    0.99    0.00    0.99    0.00    0.00    0.00    0.00    0.00    0.00   98.02
16:12:52      31    2.97    0.00    0.00    0.00    0.00    0.00    0.00    0.00    0.00   97.03
16:12:52      32    0.00    0.00    1.00    0.00    0.00    0.00    0.00    0.00    0.00   99.00
16:12:52      33    0.00    0.00    0.00    0.00    0.00    0.00    0.00    0.00    0.00  100.00
16:12:52      34    1.98    0.00    3.96    0.00    0.00    0.00    0.00    0.00    0.00   94.06
16:12:52      35    0.00    0.00    0.00    0.00    0.00    0.00    0.00    0.00    0.00  100.00
16:12:52      36    1.01    0.00    1.01    0.00    0.00    0.00    0.00    0.00    0.00   97.98
16:12:52      37    1.00    0.00    0.00    0.00    0.00    0.00    0.00    0.00    0.00   99.00
16:12:52      38    0.99    0.00    0.99    0.00    0.00    0.00    0.00    0.00    0.00   98.02
16:12:52      39    0.00    0.00    0.00    0.00    0.00    0.00    0.00    0.00    0.00  100.00
16:12:52      40    0.00    0.00    1.01    0.00    0.00    0.00    0.00    0.00    0.00   98.99
16:12:52      41    0.00    0.00    0.00    0.00    0.00    0.00    0.00    0.00    0.00  100.00
16:12:52      42    0.00    0.00    0.00    0.00    0.00    0.00    0.00    0.00    0.00  100.00
16:12:52      43    0.00    0.00    0.00    0.00    0.00    0.00    0.00    0.00    0.00  100.00
16:12:52      44    0.00    0.00    0.00    0.00    0.00    0.00    0.00    0.00    0.00  100.00
16:12:52      45    0.00    0.00    0.00    0.00    0.00    0.00    0.00    0.00    0.00  100.00
16:12:52      46    0.00    0.00    0.00    0.00    0.00    0.00    0.00    0.00    0.00  100.00
16:12:52      47    0.00    0.00    0.00    0.00    0.00    0.00    0.00    0.00    0.00  100.00
16:12:52      48    0.00    0.00    0.00    0.00    0.00    0.00    0.00    0.00    0.00  100.00
16:12:52      49    0.00    0.00    0.00    0.00    0.00    0.00    0.00    0.00    0.00  100.00
16:12:52      50    0.00    0.00    0.00    0.00    0.00    0.00    0.00    0.00    0.00  100.00
16:12:52      51    0.00    0.00    0.00    0.00    0.00    0.00    0.00    0.00    0.00  100.00
16:12:52      52    0.00    0.00    0.00    0.00    0.00    0.00    0.00    0.00    0.00  100.00
16:12:52      53    0.99    0.00    0.00    0.00    0.00    0.00    0.00    0.00    0.00   99.01
16:12:52      54    0.00    0.00    0.00    0.00    0.00    0.00    0.00    0.00    0.00  100.00
16:12:52      55    1.01    0.00    0.00    0.00    0.00    0.00    0.00    0.00    0.00   98.99
16:12:52      56    0.00    0.00    0.00    0.00    0.00    0.00    0.00    0.00    0.00  100.00
16:12:52      57    0.00    0.00    0.00    0.00    0.00    0.00    0.00    0.00    0.00  100.00
16:12:52      58    0.00    0.00    0.00    0.00    0.00    0.00    0.00    0.00    0.00  100.00
16:12:52      59    0.00    0.00    0.00    0.00    0.00    0.00    0.00    0.00    0.00  100.00
16:12:52      60    0.00    0.00    0.00    0.00    0.00    0.00    0.00    0.00    0.00  100.00
16:12:52      61    0.00    0.00    0.00    0.00    0.00    0.00    0.00    0.00    0.00  100.00
16:12:52      62    0.00    0.00    0.00    0.00    0.00    0.00    0.00    0.00    0.00  100.00
16:12:52      63    0.00    0.00    0.00    0.00    0.00    0.00    0.00    0.00    0.00  100.00
16:12:52      64    0.00    0.00    0.00    0.00    0.00    0.00    0.00    0.00    0.00  100.00
16:12:52      65    0.00    0.00    1.00   20.00    0.00    0.00    0.00    0.00    0.00   79.00
16:12:52      66    0.00    0.00    0.99    0.00    0.00    0.00    0.00    0.00    0.00   99.01
16:12:52      67    0.00    0.00    0.00    0.00    0.00    0.00    0.00    0.00    0.00  100.00
16:12:52      68    0.00    0.00    0.00    0.00    0.00    0.00    0.00    0.00    0.00  100.00
16:12:52      69    0.00    0.00    0.00    0.00    0.00    0.00    0.00    0.00    0.00  100.00
16:12:52      70    0.00    0.00    0.00    0.00    0.00    0.00    0.00    0.00    0.00  100.00
16:12:52      71    0.00    0.00    0.00    0.00    0.00    0.00    0.00    0.00    0.00  100.00

16:12:52     CPU    %usr   %nice    %sys %iowait    %irq   %soft  %steal  %guest  %gnice   %idle
16:12:53     all    0.46    0.00    0.96    0.04    0.00    0.00    0.00    0.00    0.00   98.53
16:12:53       0    0.00    0.00    0.00    0.00    0.00    0.00    0.00    0.00    0.00  100.00
16:12:53       1    0.00    0.00    0.00    0.00    0.00    0.00    0.00    0.00    0.00  100.00
16:12:53       2    0.00    0.00    1.98    0.00    0.00    0.00    0.00    0.00    0.00   98.02
16:12:53       3    0.00    0.00    0.00    0.00    0.00    0.00    0.00    0.00    0.00  100.00
16:12:53       4    0.00    0.00    0.00    0.00    0.00    0.00    0.00    0.00    0.00  100.00
16:12:53       5    0.00    0.00    0.00    0.00    0.00    0.00    0.00    0.00    0.00  100.00
16:12:53       6    0.00    0.00    1.00    0.00    0.00    0.00    0.00    0.00    0.00   99.00
16:12:53       7    0.00    0.00    0.00    0.00    0.00    0.00    0.00    0.00    0.00  100.00
16:12:53       8    0.00    0.00    0.99    0.00    0.00    0.00    0.00    0.00    0.00   99.01
16:12:53       9    0.00    0.00    1.00    0.00    0.00    0.00    0.00    0.00    0.00   99.00
16:12:53      10    0.00    0.00    1.01    0.00    0.00    0.00    0.00    0.00    0.00   98.99
16:12:53      11    0.00    0.00    0.00    0.00    0.00    0.00    0.00    0.00    0.00  100.00
16:12:53      12    0.00    0.00    1.00    0.00    0.00    0.00    0.00    0.00    0.00   99.00
16:12:53      13    1.00    0.00    2.00    0.00    0.00    0.00    0.00    0.00    0.00   97.00
16:12:53      14    0.00    0.00    1.00    0.00    0.00    0.00    0.00    0.00    0.00   99.00
16:12:53      15    0.00    0.00    1.00    0.00    0.00    0.00    0.00    0.00    0.00   99.00
16:12:53      16    0.00    0.00    0.00    0.00    0.00    0.00    0.00    0.00    0.00  100.00
16:12:53      17    0.00    0.00    0.00    0.00    0.00    0.00    0.00    0.00    0.00  100.00
16:12:53      18   10.20    0.00    3.06    0.00    0.00    0.00    0.00    0.00    0.00   86.73
16:12:53      19    2.02    0.00    1.01    0.00    0.00    0.00    0.00    0.00    0.00   96.97
16:12:53      20    1.01    0.00    2.02    0.00    0.00    0.00    0.00    0.00    0.00   96.97
16:12:53      21    1.00    0.00    0.00    0.00    0.00    0.00    0.00    0.00    0.00   99.00
16:12:53      22    3.03    0.00    8.08    2.02    0.00    0.00    0.00    0.00    0.00   86.87
16:12:53      23    3.00    0.00    1.00    0.00    0.00    0.00    0.00    0.00    0.00   96.00
16:12:53      24    1.00    0.00    1.00    0.00    0.00    0.00    0.00    0.00    0.00   98.00
16:12:53      25    1.00    0.00    1.00    0.00    0.00    0.00    0.00    0.00    0.00   98.00
16:12:53      26    2.04    0.00    1.02    0.00    0.00    0.00    0.00    0.00    0.00   96.94
16:12:53      27    0.00    0.00    1.01    0.00    0.00    0.00    0.00    0.00    0.00   98.99
16:12:53      28    1.00    0.00    1.00    0.00    0.00    0.00    0.00    0.00    0.00   98.00
16:12:53      29    0.99    0.00    1.98    0.00    0.00    0.00    0.00    0.00    0.00   97.03
16:12:53      30    0.00    0.00    0.00    0.00    0.00    0.00    0.00    0.00    0.00  100.00
16:12:53      31    0.00    0.00    2.00    0.00    0.00    0.00    0.00    0.00    0.00   98.00
16:12:53      32    0.00    0.00    0.00    0.00    0.00    0.00    0.00    0.00    0.00  100.00
16:12:53      33    0.00    0.00    0.00    0.00    0.00    0.00    0.00    0.00    0.00  100.00
16:12:53      34    1.02    0.00    2.04    0.00    0.00    0.00    0.00    0.00    0.00   96.94
16:12:53      35    0.00    0.00    1.01    0.00    0.00    0.00    0.00    0.00    0.00   98.99
16:12:53      36    1.00    0.00    1.00    0.00    0.00    0.00    0.00    0.00    0.00   98.00
16:12:53      37    1.02    0.00    0.00    0.00    0.00    0.00    0.00    0.00    0.00   98.98
16:12:53      38    0.00    0.00    1.02    0.00    0.00    0.00    0.00    0.00    0.00   98.98
16:12:53      39    0.00    0.00    1.02    0.00    0.00    0.00    0.00    0.00    0.00   98.98
16:12:53      40    0.00    0.00    3.09    0.00    0.00    0.00    0.00    0.00    0.00   96.91
16:12:53      41    0.00    0.00    1.01    0.00    0.00    0.00    0.00    0.00    0.00   98.99
16:12:53      42    0.00    0.00    2.02    0.00    0.00    0.00    0.00    0.00    0.00   97.98
16:12:53      43    0.00    0.00    1.00    0.00    0.00    0.00    0.00    0.00    0.00   99.00
16:12:53      44    0.00    0.00    2.00    0.00    0.00    0.00    0.00    0.00    0.00   98.00
16:12:53      45    0.00    0.00    1.01    0.00    0.00    0.00    0.00    0.00    0.00   98.99
16:12:53      46    1.00    0.00    1.00    0.00    0.00    0.00    0.00    0.00    0.00   98.00
16:12:53      47    0.00    0.00    1.00    0.00    0.00    0.00    0.00    0.00    0.00   99.00
16:12:53      48    0.00    0.00    0.99    0.00    0.00    0.00    0.00    0.00    0.00   99.01
16:12:53      49    0.00    0.00    0.00    0.00    0.00    0.00    0.00    0.00    0.00  100.00
16:12:53      50    0.00    0.00    2.02    0.00    0.00    0.00    0.00    0.00    0.00   97.98
16:12:53      51    0.00    0.00    1.00    0.00    0.00    0.00    0.00    0.00    0.00   99.00
16:12:53      52    0.00    0.00    0.00    0.00    0.00    0.00    0.00    0.00    0.00  100.00
16:12:53      53    0.00    0.00    1.00    0.00    0.00    0.00    0.00    0.00    0.00   99.00
16:12:53      54    0.00    0.00    1.00    0.00    0.00    0.00    0.00    0.00    0.00   99.00
16:12:53      55    0.99    0.00    0.99    0.00    0.00    0.00    0.00    0.00    0.00   98.02
16:12:53      56    0.00    0.00    0.00    0.00    0.00    0.00    0.00    0.00    0.00  100.00
16:12:53      57    0.00    0.00    1.00    0.00    0.00    0.00    0.00    0.00    0.00   99.00
16:12:53      58    0.00    0.00    0.00    0.00    0.00    0.00    0.00    0.00    0.00  100.00
16:12:53      59    0.00    0.00    0.99    0.00    0.00    0.00    0.00    0.00    0.00   99.01
16:12:53      60    0.00    0.00    0.00    0.00    0.00    0.00    0.00    0.00    0.00  100.00
16:12:53      61    0.99    0.00    0.99    0.00    0.00    0.00    0.00    0.00    0.00   98.02
16:12:53      62    0.00    0.00    0.00    0.00    0.00    0.00    0.00    0.00    0.00  100.00
16:12:53      63    0.00    0.00    0.00    0.00    0.00    0.00    0.00    0.00    0.00  100.00
16:12:53      64    0.00    0.00    1.00    0.00    0.00    0.00    0.00    0.00    0.00   99.00
16:12:53      65    0.00    0.00    1.00    1.00    0.00    0.00    0.00    0.00    0.00   98.00
16:12:53      66    0.00    0.00    1.01    0.00    0.00    0.00    0.00    0.00    0.00   98.99
16:12:53      67    0.00    0.00    0.00    0.00    0.00    0.00    0.00    0.00    0.00  100.00
16:12:53      68    0.00    0.00    2.00    0.00    0.00    0.00    0.00    0.00    0.00   98.00
16:12:53      69    0.00    0.00    1.00    0.00    0.00    0.00    0.00    0.00    0.00   99.00
16:12:53      70    0.00    0.00    0.00    0.00    0.00    0.00    0.00    0.00    0.00  100.00
16:12:53      71    0.00    0.00    0.00    0.00    0.00    0.00    0.00    0.00    0.00  100.00

16:12:53     CPU    %usr   %nice    %sys %iowait    %irq   %soft  %steal  %guest  %gnice   %idle
16:12:54     all    0.11    0.00    0.61    0.01    0.00    0.03    0.00    0.00    0.00   99.23
16:12:54       0    0.00    0.00    0.00    0.00    0.00    1.02    0.00    0.00    0.00   98.98
16:12:54       1    0.00    0.00    6.06    0.00    0.00    0.00    0.00    0.00    0.00   93.94
16:12:54       2    0.00    0.00    0.00    0.00    0.00    0.00    0.00    0.00    0.00  100.00
16:12:54       3    0.00    0.00    0.99    0.00    0.00    0.00    0.00    0.00    0.00   99.01
16:12:54       4    0.00    0.00    0.00    0.00    0.00    0.00    0.00    0.00    0.00  100.00
16:12:54       5    0.00    0.00    0.00    0.00    0.00    0.00    0.00    0.00    0.00  100.00
16:12:54       6    0.00    0.00    0.00    0.00    0.00    0.00    0.00    0.00    0.00  100.00
16:12:54       7    0.00    0.00    0.00    0.00    0.00    0.00    0.00    0.00    0.00  100.00
16:12:54       8    0.00    0.00    0.00    0.00    0.00    0.00    0.00    0.00    0.00  100.00
16:12:54       9    0.00    0.00    0.00    0.00    0.00    0.00    0.00    0.00    0.00  100.00
16:12:54      10    0.00    0.00    0.00    0.00    0.00    0.00    0.00    0.00    0.00  100.00
16:12:54      11    0.00    0.00    0.00    0.00    0.00    0.00    0.00    0.00    0.00  100.00
16:12:54      12    0.00    0.00    0.00    0.00    0.00    0.00    0.00    0.00    0.00  100.00
16:12:54      13    0.00    0.00    0.00    0.00    0.00    0.00    0.00    0.00    0.00  100.00
16:12:54      14    0.00    0.00    0.00    0.00    0.00    0.00    0.00    0.00    0.00  100.00
16:12:54      15    0.00    0.00    0.00    0.00    0.00    0.00    0.00    0.00    0.00  100.00
16:12:54      16    0.00    0.00    0.00    0.00    0.00    0.00    0.00    0.00    0.00  100.00
16:12:54      17    0.00    0.00    0.00    0.00    0.00    0.00    0.00    0.00    0.00  100.00
16:12:54      18    1.00    0.00    5.00    0.00    0.00    1.00    0.00    0.00    0.00   93.00
16:12:54      19    0.00    0.00    4.95    0.99    0.00    0.00    0.00    0.00    0.00   94.06
16:12:54      20    0.00    0.00    0.00    0.00    0.00    0.00    0.00    0.00    0.00  100.00
16:12:54      21    1.00    0.00    1.00    0.00    0.00    0.00    0.00    0.00    0.00   98.00
16:12:54      22    1.01    0.00   11.11    0.00    0.00    0.00    0.00    0.00    0.00   87.88
16:12:54      23    0.00    0.00    0.00    0.00    0.00    0.00    0.00    0.00    0.00  100.00
16:12:54      24    0.00    0.00    0.00    0.00    0.00    0.00    0.00    0.00    0.00  100.00
16:12:54      25    0.00    0.00    0.00    0.00    0.00    0.00    0.00    0.00    0.00  100.00
16:12:54      26    0.00    0.00    4.00    0.00    0.00    0.00    0.00    0.00    0.00   96.00
16:12:54      27    0.99    0.00    0.99    0.00    0.00    0.00    0.00    0.00    0.00   98.02
16:12:54      28    0.00    0.00    0.00    0.00    0.00    0.00    0.00    0.00    0.00  100.00
16:12:54      29    0.00    0.00    0.00    0.00    0.00    0.00    0.00    0.00    0.00  100.00
16:12:54      30    0.00    0.00    1.00    0.00    0.00    0.00    0.00    0.00    0.00   99.00
16:12:54      31    0.00    0.00    0.00    0.00    0.00    0.00    0.00    0.00    0.00  100.00
16:12:54      32    0.00    0.00    0.00    0.00    0.00    0.00    0.00    0.00    0.00  100.00
16:12:54      33    0.00    0.00    0.00    0.00    0.00    0.00    0.00    0.00    0.00  100.00
16:12:54      34    0.00    0.00    0.00    0.00    0.00    0.00    0.00    0.00    0.00  100.00
16:12:54      35    0.00    0.00    0.00    0.00    0.00    0.00    0.00    0.00    0.00  100.00
16:12:54      36    0.00    0.00    0.00    0.00    0.00    0.00    0.00    0.00    0.00  100.00
16:12:54      37    0.00    0.00    0.99    0.00    0.00    0.00    0.00    0.00    0.00   99.01
16:12:54      38    0.00    0.00    0.99    0.00    0.00    0.00    0.00    0.00    0.00   99.01
16:12:54      39    0.00    0.00    0.00    0.00    0.00    0.00    0.00    0.00    0.00  100.00
16:12:54      40    0.00    0.00    0.00    0.00    0.00    0.00    0.00    0.00    0.00  100.00
16:12:54      41    0.00    0.00    0.00    0.00    0.00    0.00    0.00    0.00    0.00  100.00
16:12:54      42    0.00    0.00    0.00    0.00    0.00    0.00    0.00    0.00    0.00  100.00
16:12:54      43    0.00    0.00    0.00    0.00    0.00    0.00    0.00    0.00    0.00  100.00
16:12:54      44    0.00    0.00    0.00    0.00    0.00    0.00    0.00    0.00    0.00  100.00
16:12:54      45    0.00    0.00    0.00    0.00    0.00    0.00    0.00    0.00    0.00  100.00
16:12:54      46    0.00    0.00    0.00    0.00    0.00    0.00    0.00    0.00    0.00  100.00
16:12:54      47    0.00    0.00    0.00    0.00    0.00    0.00    0.00    0.00    0.00  100.00
16:12:54      48    0.00    0.00    0.00    0.00    0.00    0.00    0.00    0.00    0.00  100.00
16:12:54      49    0.00    0.00    0.00    0.00    0.00    0.00    0.00    0.00    0.00  100.00
16:12:54      50    0.00    0.00    0.99    0.00    0.00    0.00    0.00    0.00    0.00   99.01
16:12:54      51    1.00    0.00    0.00    0.00    0.00    0.00    0.00    0.00    0.00   99.00
16:12:54      52    0.00    0.00    1.00    0.00    0.00    0.00    0.00    0.00    0.00   99.00
16:12:54      53    0.00    0.00    0.00    0.00    0.00    0.00    0.00    0.00    0.00  100.00
16:12:54      54    0.00    0.00    0.99    0.00    0.00    0.00    0.00    0.00    0.00   99.01
16:12:54      55    0.00    0.00    0.00    0.00    0.00    0.00    0.00    0.00    0.00  100.00
16:12:54      56    0.00    0.00    0.00    0.00    0.00    0.00    0.00    0.00    0.00  100.00
16:12:54      57    0.99    0.00    0.00    0.00    0.00    0.00    0.00    0.00    0.00   99.01
16:12:54      58    0.99    0.00    0.99    0.00    0.00    0.00    0.00    0.00    0.00   98.02
16:12:54      59    0.00    0.00    0.00    0.00    0.00    0.00    0.00    0.00    0.00  100.00
16:12:54      60    0.00    0.00    0.00    0.00    0.00    0.00    0.00    0.00    0.00  100.00
16:12:54      61    0.00    0.00    0.00    0.00    0.00    0.00    0.00    0.00    0.00  100.00
16:12:54      62    0.98    0.00    0.98    0.00    0.00    0.00    0.00    0.00    0.00   98.04
16:12:54      63    0.00    0.00    0.00    0.00    0.00    0.00    0.00    0.00    0.00  100.00
16:12:54      64    0.00    0.00    0.00    0.00    0.00    0.00    0.00    0.00    0.00  100.00
16:12:54      65    0.00    0.00    1.00    0.00    0.00    0.00    0.00    0.00    0.00   99.00
16:12:54      66    0.00    0.00    0.00    0.00    0.00    0.00    0.00    0.00    0.00  100.00
16:12:54      67    0.00    0.00    0.00    0.00    0.00    0.00    0.00    0.00    0.00  100.00
16:12:54      68    0.00    0.00    0.00    0.00    0.00    0.00    0.00    0.00    0.00  100.00
16:12:54      69    0.00    0.00    0.00    0.00    0.00    0.00    0.00    0.00    0.00  100.00
16:12:54      70    0.00    0.00    1.00    0.00    0.00    0.00    0.00    0.00    0.00   99.00
16:12:54      71    0.00    0.00    0.00    0.00    0.00    0.00    0.00    0.00    0.00  100.00

16:12:54     CPU    %usr   %nice    %sys %iowait    %irq   %soft  %steal  %guest  %gnice   %idle
16:12:55     all    0.04    0.00    0.28    0.00    0.00    0.00    0.00    0.00    0.00   99.68
16:12:55       0    0.00    0.00    0.00    0.00    0.00    0.00    0.00    0.00    0.00  100.00
16:12:55       1    0.00    0.00    0.00    0.00    0.00    0.00    0.00    0.00    0.00  100.00
16:12:55       2    0.00    0.00    0.00    0.00    0.00    0.00    0.00    0.00    0.00  100.00
16:12:55       3    0.00    0.00    0.00    0.00    0.00    0.00    0.00    0.00    0.00  100.00
16:12:55       4    0.00    0.00    0.00    0.00    0.00    0.00    0.00    0.00    0.00  100.00
16:12:55       5    0.00    0.00    1.00    0.00    0.00    0.00    0.00    0.00    0.00   99.00
16:12:55       6    0.00    0.00    0.00    0.00    0.00    0.00    0.00    0.00    0.00  100.00
16:12:55       7    0.00    0.00    0.00    0.00    0.00    0.00    0.00    0.00    0.00  100.00
16:12:55       8    0.00    0.00    0.00    0.00    0.00    0.00    0.00    0.00    0.00  100.00
16:12:55       9    0.00    0.00    0.99    0.00    0.00    0.00    0.00    0.00    0.00   99.01
16:12:55      10    0.00    0.00    0.00    0.00    0.00    0.00    0.00    0.00    0.00  100.00
16:12:55      11    0.00    0.00    0.00    0.00    0.00    0.00    0.00    0.00    0.00  100.00
16:12:55      12    0.00    0.00    0.00    0.00    0.00    0.00    0.00    0.00    0.00  100.00
16:12:55      13    0.00    0.00    0.00    0.00    0.00    0.00    0.00    0.00    0.00  100.00
16:12:55      14    0.00    0.00    0.00    0.00    0.00    0.00    0.00    0.00    0.00  100.00
16:12:55      15    0.00    0.00    0.00    0.00    0.00    0.00    0.00    0.00    0.00  100.00
16:12:55      16    0.00    0.00    0.00    0.00    0.00    0.00    0.00    0.00    0.00  100.00
16:12:55      17    0.00    0.00    0.00    0.00    0.00    0.00    0.00    0.00    0.00  100.00
16:12:55      18    0.00    0.00    2.00    0.00    0.00    0.00    0.00    0.00    0.00   98.00
16:12:55      19    2.02    0.00    0.00    0.00    0.00    0.00    0.00    0.00    0.00   97.98
16:12:55      20    0.00    0.00    0.00    0.00    0.00    0.00    0.00    0.00    0.00  100.00
16:12:55      21    0.00    0.00    0.00    0.00    0.00    0.00    0.00    0.00    0.00  100.00
16:12:55      22    1.01    0.00    4.04    0.00    0.00    0.00    0.00    0.00    0.00   94.95
16:12:55      23    0.00    0.00    0.00    0.00    0.00    0.00    0.00    0.00    0.00  100.00
16:12:55      24    0.00    0.00    0.99    0.00    0.00    0.00    0.00    0.00    0.00   99.01
16:12:55      25    0.00    0.00    1.00    0.00    0.00    0.00    0.00    0.00    0.00   99.00
16:12:55      26    0.00    0.00    1.00    0.00    0.00    0.00    0.00    0.00    0.00   99.00
16:12:55      27    0.00    0.00    0.00    0.00    0.00    0.00    0.00    0.00    0.00  100.00
16:12:55      28    0.00    0.00    0.99    0.00    0.00    0.00    0.00    0.00    0.00   99.01
16:12:55      29    0.00    0.00    0.00    0.00    0.00    0.00    0.00    0.00    0.00  100.00
16:12:55      30    0.00    0.00    0.00    0.00    0.00    0.00    0.00    0.00    0.00  100.00
16:12:55      31    0.00    0.00    0.99    0.00    0.00    0.00    0.00    0.00    0.00   99.01
16:12:55      32    0.00    0.00    0.00    0.00    0.00    0.00    0.00    0.00    0.00  100.00
16:12:55      33    0.00    0.00    0.00    0.00    0.00    0.00    0.00    0.00    0.00  100.00
16:12:55      34    0.00    0.00    0.00    0.00    0.00    0.00    0.00    0.00    0.00  100.00
16:12:55      35    0.00    0.00    0.00    0.00    0.00    0.00    0.00    0.00    0.00  100.00
16:12:55      36    0.00    0.00    0.00    0.00    0.00    0.00    0.00    0.00    0.00  100.00
16:12:55      37    0.00    0.00    0.00    0.00    0.00    0.00    0.00    0.00    0.00  100.00
16:12:55      38    0.00    0.00    0.00    0.00    0.00    0.00    0.00    0.00    0.00  100.00
16:12:55      39    0.00    0.00    0.99    0.00    0.00    0.00    0.00    0.00    0.00   99.01
16:12:55      40    0.00    0.00    0.00    0.00    0.00    0.00    0.00    0.00    0.00  100.00
16:12:55      41    0.00    0.00    0.99    0.00    0.00    0.00    0.00    0.00    0.00   99.01
16:12:55      42    0.00    0.00    0.00    0.00    0.00    0.00    0.00    0.00    0.00  100.00
16:12:55      43    0.00    0.00    0.00    0.00    0.00    0.00    0.00    0.00    0.00  100.00
16:12:55      44    0.00    0.00    0.00    0.00    0.00    0.00    0.00    0.00    0.00  100.00
16:12:55      45    0.00    0.00    4.00    0.00    0.00    0.00    0.00    0.00    0.00   96.00
16:12:55      46    0.00    0.00    0.00    0.00    0.00    0.00    0.00    0.00    0.00  100.00
16:12:55      47    0.00    0.00    0.00    0.00    0.00    0.00    0.00    0.00    0.00  100.00
16:12:55      48    0.00    0.00    0.00    0.00    0.00    0.00    0.00    0.00    0.00  100.00
16:12:55      49    0.00    0.00    1.00    0.00    0.00    0.00    0.00    0.00    0.00   99.00
16:12:55      50    0.00    0.00    0.00    0.00    0.00    0.00    0.00    0.00    0.00  100.00
16:12:55      51    0.00    0.00    0.00    0.00    0.00    0.00    0.00    0.00    0.00  100.00
16:12:55      52    0.00    0.00    0.00    0.00    0.00    0.00    0.00    0.00    0.00  100.00
16:12:55      53    0.00    0.00    0.00    0.00    0.00    0.00    0.00    0.00    0.00  100.00
16:12:55      54    0.00    0.00    0.00    0.00    0.00    0.00    0.00    0.00    0.00  100.00
16:12:55      55    0.00    0.00    0.00    0.00    0.00    0.00    0.00    0.00    0.00  100.00
16:12:55      56    0.00    0.00    0.00    0.00    0.00    0.00    0.00    0.00    0.00  100.00
16:12:55      57    0.00    0.00    0.00    0.00    0.00    0.00    0.00    0.00    0.00  100.00
16:12:55      58    0.00    0.00    0.00    0.00    0.00    0.00    0.00    0.00    0.00  100.00
16:12:55      59    0.00    0.00    0.00    0.00    0.00    0.00    0.00    0.00    0.00  100.00
16:12:55      60    0.00    0.00    0.00    0.00    0.00    0.00    0.00    0.00    0.00  100.00
16:12:55      61    0.00    0.00    0.00    0.00    0.00    0.00    0.00    0.00    0.00  100.00
16:12:55      62    0.00    0.00    0.00    0.00    0.00    0.00    0.00    0.00    0.00  100.00
16:12:55      63    0.00    0.00    0.00    0.00    0.00    0.00    0.00    0.00    0.00  100.00
16:12:55      64    0.00    0.00    0.00    0.00    0.00    0.00    0.00    0.00    0.00  100.00
16:12:55      65    0.00    0.00    0.00    0.00    0.00    0.00    0.00    0.00    0.00  100.00
16:12:55      66    0.00    0.00    0.00    0.00    0.00    0.00    0.00    0.00    0.00  100.00
16:12:55      67    0.00    0.00    0.00    0.00    0.00    0.00    0.00    0.00    0.00  100.00
16:12:55      68    0.00    0.00    0.00    0.00    0.00    0.00    0.00    0.00    0.00  100.00
16:12:55      69    0.00    0.00    0.00    0.00    0.00    0.00    0.00    0.00    0.00  100.00
16:12:55      70    0.00    0.00    0.00    0.00    0.00    0.00    0.00    0.00    0.00  100.00
16:12:55      71    0.00    0.00    0.00    0.00    0.00    0.00    0.00    0.00    0.00  100.00

16:12:55     CPU    %usr   %nice    %sys %iowait    %irq   %soft  %steal  %guest  %gnice   %idle
16:12:56     all    0.04    0.00    0.08    0.00    0.00    0.00    0.00    0.00    0.00   99.88
16:12:56       0    0.00    0.00    0.00    0.00    0.00    0.00    0.00    0.00    0.00  100.00
16:12:56       1    0.00    0.00    0.00    0.00    0.00    0.00    0.00    0.00    0.00  100.00
16:12:56       2    0.00    0.00    0.00    0.00    0.00    0.00    0.00    0.00    0.00  100.00
16:12:56       3    0.00    0.00    0.00    0.00    0.00    0.00    0.00    0.00    0.00  100.00
16:12:56       4    0.00    0.00    0.00    0.00    0.00    0.00    0.00    0.00    0.00  100.00
16:12:56       5    0.00    0.00    0.00    0.00    0.00    0.00    0.00    0.00    0.00  100.00
16:12:56       6    0.00    0.00    0.00    0.00    0.00    0.00    0.00    0.00    0.00  100.00
16:12:56       7    0.00    0.00    0.00    0.00    0.00    0.00    0.00    0.00    0.00  100.00
16:12:56       8    0.00    0.00    0.00    0.00    0.00    0.00    0.00    0.00    0.00  100.00
16:12:56       9    0.00    0.00    0.00    0.00    0.00    0.00    0.00    0.00    0.00  100.00
16:12:56      10    0.00    0.00    0.00    0.00    0.00    0.00    0.00    0.00    0.00  100.00
16:12:56      11    0.00    0.00    0.00    0.00    0.00    0.00    0.00    0.00    0.00  100.00
16:12:56      12    0.00    0.00    0.00    0.00    0.00    0.00    0.00    0.00    0.00  100.00
16:12:56      13    0.00    0.00    0.00    0.00    0.00    0.00    0.00    0.00    0.00  100.00
16:12:56      14    0.00    0.00    0.00    0.00    0.00    0.00    0.00    0.00    0.00  100.00
16:12:56      15    0.00    0.00    0.00    0.00    0.00    0.00    0.00    0.00    0.00  100.00
16:12:56      16    0.00    0.00    0.00    0.00    0.00    0.00    0.00    0.00    0.00  100.00
16:12:56      17    0.00    0.00    0.00    0.00    0.00    0.00    0.00    0.00    0.00  100.00
16:12:56      18    0.00    0.00    0.00    0.00    0.00    0.00    0.00    0.00    0.00  100.00
16:12:56      19    0.00    0.00    0.00    0.00    0.00    0.00    0.00    0.00    0.00  100.00
16:12:56      20    0.00    0.00    0.00    0.00    0.00    0.00    0.00    0.00    0.00  100.00
16:12:56      21    0.00    0.00    0.00    0.00    0.00    0.00    0.00    0.00    0.00  100.00
16:12:56      22    1.96    0.00    4.90    0.00    0.00    0.00    0.00    0.00    0.00   93.14
16:12:56      23    0.00    0.00    0.00    0.00    0.00    0.00    0.00    0.00    0.00  100.00
16:12:56      24    0.00    0.00    0.00    0.00    0.00    0.00    0.00    0.00    0.00  100.00
16:12:56      25    0.00    0.00    0.00    0.00    0.00    0.00    0.00    0.00    0.00  100.00
16:12:56      26    0.00    0.00    0.00    0.00    0.00    0.00    0.00    0.00    0.00  100.00
16:12:56      27    0.00    0.00    0.00    0.00    0.00    0.00    0.00    0.00    0.00  100.00
16:12:56      28    0.00    0.00    0.00    0.00    0.00    0.00    0.00    0.00    0.00  100.00
16:12:56      29    0.00    0.00    0.00    0.00    0.00    0.00    0.00    0.00    0.00  100.00
16:12:56      30    0.00    0.00    0.00    0.00    0.00    0.00    0.00    0.00    0.00  100.00
16:12:56      31    0.00    0.00    0.00    0.00    0.00    0.00    0.00    0.00    0.00  100.00
16:12:56      32    0.00    0.00    0.00    0.00    0.00    0.00    0.00    0.00    0.00  100.00
16:12:56      33    0.00    0.00    0.00    0.00    0.00    0.00    0.00    0.00    0.00  100.00
16:12:56      34    0.00    0.00    0.00    0.00    0.00    0.00    0.00    0.00    0.00  100.00
16:12:56      35    0.00    0.00    0.00    0.00    0.00    0.00    0.00    0.00    0.00  100.00
16:12:56      36    0.00    0.00    0.00    0.00    0.00    0.00    0.00    0.00    0.00  100.00
16:12:56      37    0.00    0.00    0.00    0.00    0.00    0.00    0.00    0.00    0.00  100.00
16:12:56      38    0.00    0.00    0.00    0.00    0.00    0.00    0.00    0.00    0.00  100.00
16:12:56      39    0.00    0.00    0.00    0.00    0.00    0.00    0.00    0.00    0.00  100.00
16:12:56      40    0.00    0.00    0.00    0.00    0.00    0.00    0.00    0.00    0.00  100.00
16:12:56      41    0.00    0.00    0.00    0.00    0.00    0.00    0.00    0.00    0.00  100.00
16:12:56      42    0.00    0.00    0.00    0.00    0.00    0.00    0.00    0.00    0.00  100.00
16:12:56      43    0.00    0.00    0.00    0.00    0.00    0.00    0.00    0.00    0.00  100.00
16:12:56      44    0.00    0.00    0.00    0.00    0.00    0.00    0.00    0.00    0.00  100.00
16:12:56      45    0.00    0.00    0.00    0.00    0.00    0.00    0.00    0.00    0.00  100.00
16:12:56      46    0.00    0.00    0.00    0.00    0.00    0.00    0.00    0.00    0.00  100.00
16:12:56      47    0.00    0.00    0.00    0.00    0.00    0.00    0.00    0.00    0.00  100.00
16:12:56      48    0.00    0.00    0.00    0.00    0.00    0.00    0.00    0.00    0.00  100.00
16:12:56      49    0.00    0.00    0.00    0.00    0.00    0.00    0.00    0.00    0.00  100.00
16:12:56      50    0.00    0.00    0.00    0.00    0.00    0.00    0.00    0.00    0.00  100.00
16:12:56      51    0.00    0.00    0.00    0.00    0.00    0.00    0.00    0.00    0.00  100.00
16:12:56      52    0.00    0.00    0.00    0.00    0.00    0.00    0.00    0.00    0.00  100.00
16:12:56      53    0.00    0.00    0.00    0.00    0.00    0.00    0.00    0.00    0.00  100.00
16:12:56      54    0.99    0.00    0.99    0.00    0.00    0.00    0.00    0.00    0.00   98.02
16:12:56      55    0.00    0.00    0.00    0.00    0.00    0.00    0.00    0.00    0.00  100.00
16:12:56      56    0.00    0.00    0.00    0.00    0.00    0.00    0.00    0.00    0.00  100.00
16:12:56      57    0.00    0.00    0.00    0.00    0.00    0.00    0.00    0.00    0.00  100.00
16:12:56      58    0.00    0.00    0.00    0.00    0.00    0.00    0.00    0.00    0.00  100.00
16:12:56      59    0.00    0.00    0.00    0.00    0.00    0.00    0.00    0.00    0.00  100.00
16:12:56      60    0.00    0.00    0.00    0.00    0.00    0.00    0.00    0.00    0.00  100.00
16:12:56      61    0.00    0.00    0.00    0.00    0.00    0.00    0.00    0.00    0.00  100.00
16:12:56      62    0.00    0.00    0.00    0.00    0.00    0.00    0.00    0.00    0.00  100.00
16:12:56      63    0.00    0.00    0.00    0.00    0.00    0.00    0.00    0.00    0.00  100.00
16:12:56      64    0.00    0.00    0.00    0.00    0.00    0.00    0.00    0.00    0.00  100.00
16:12:56      65    0.00    0.00    0.00    0.00    0.00    0.00    0.00    0.00    0.00  100.00
16:12:56      66    0.00    0.00    0.00    0.00    0.00    0.00    0.00    0.00    0.00  100.00
16:12:56      67    0.00    0.00    0.00    0.00    0.00    0.00    0.00    0.00    0.00  100.00
16:12:56      68    0.00    0.00    0.00    0.00    0.00    0.00    0.00    0.00    0.00  100.00
16:12:56      69    0.00    0.00    0.00    0.00    0.00    0.00    0.00    0.00    0.00  100.00
16:12:56      70    0.00    0.00    0.00    0.00    0.00    0.00    0.00    0.00    0.00  100.00
16:12:56      71    0.00    0.00    0.00    0.00    0.00    0.00    0.00    0.00    0.00  100.00

Average:     CPU    %usr   %nice    %sys %iowait    %irq   %soft  %steal  %guest  %gnice   %idle
Average:     all    0.83    0.00    0.46    0.27    0.00    0.01    0.00    0.00    0.00   98.43
Average:       0    0.46    0.00    0.32    0.02    0.00    0.02    0.00    0.00    0.00   99.19
Average:       1    0.11    0.00    0.27    0.00    0.00    0.00    0.00    0.00    0.00   99.61
Average:       2    0.32    0.00    0.23    0.03    0.00    0.01    0.00    0.00    0.00   99.41
Average:       3    0.36    0.00    0.15    0.00    0.00    0.00    0.00    0.00    0.00   99.50
Average:       4    0.21    0.00    0.12    3.70    0.00    0.00    0.00    0.00    0.00   95.97
Average:       5    0.32    0.00    0.14    0.00    0.00    0.00    0.00    0.00    0.00   99.54
Average:       6    0.07    0.00    0.17    0.00    0.00    0.00    0.00    0.00    0.00   99.76
Average:       7    0.16    0.00    0.29    0.62    0.00    0.00    0.00    0.00    0.00   98.93
Average:       8    0.08    0.00    0.10    0.00    0.00    0.00    0.00    0.00    0.00   99.82
Average:       9    0.09    0.00    0.07    0.01    0.00    0.00    0.00    0.00    0.00   99.83
Average:      10    0.27    0.00    0.14    0.00    0.00    0.00    0.00    0.00    0.00   99.59
Average:      11    0.11    0.00    0.08    1.11    0.00    0.00    0.00    0.00    0.00   98.70
Average:      12    0.25    0.00    0.19    0.01    0.00    0.00    0.00    0.00    0.00   99.55
Average:      13    0.40    0.00    0.29    0.01    0.00    0.00    0.00    0.00    0.00   99.30
Average:      14    0.26    0.00    0.21    0.00    0.00    0.00    0.00    0.00    0.00   99.53
Average:      15    0.16    0.00    0.24    0.00    0.00    0.00    0.00    0.00    0.00   99.59
Average:      16    0.21    0.00    0.17    0.00    0.00    0.00    0.00    0.00    0.00   99.61
Average:      17    0.10    0.00    0.18    0.00    0.00    0.00    0.00    0.00    0.00   99.73
Average:      18    8.00    0.00    4.50    0.72    0.00    0.04    0.00    0.00    0.00   86.74
Average:      19    2.11    0.00    0.71    0.59    0.00    0.01    0.00    0.00    0.00   96.59
Average:      20    1.40    0.00    0.48    0.35    0.00    0.01    0.00    0.00    0.00   97.76
Average:      21    1.13    0.00    0.44    0.13    0.00    0.00    0.00    0.00    0.00   98.30
Average:      22    7.33    0.00    3.38    0.93    0.00    0.04    0.00    0.00    0.00   88.31
Average:      23    2.83    0.00    0.94    0.56    0.00    0.01    0.00    0.00    0.00   95.65
Average:      24    2.12    0.00    0.89    0.08    0.00    0.01    0.00    0.00    0.00   96.89
Average:      25    1.60    0.00    1.14    0.11    0.00    0.01    0.00    0.00    0.00   97.14
Average:      26    5.45    0.00    2.15    0.83    0.00    0.03    0.00    0.00    0.00   91.54
Average:      27    2.03    0.00    1.03    0.08    0.00    0.01    0.00    0.00    0.00   96.86
Average:      28    1.74    0.00    0.90    0.08    0.00    0.01    0.00    0.00    0.00   97.28
Average:      29    0.94    0.00    0.50    0.04    0.00    0.01    0.00    0.00    0.00   98.51
Average:      30    0.83    0.00    0.64    0.04    0.00    0.01    0.00    0.00    0.00   98.48
Average:      31    0.94    0.00    0.59    0.04    0.00    0.01    0.00    0.00    0.00   98.42
Average:      32    0.51    0.00    0.42    0.01    0.00    0.00    0.00    0.00    0.00   99.06
Average:      33    0.44    0.00    0.26    0.01    0.00    0.00    0.00    0.00    0.00   99.29
Average:      34    4.63    0.00    2.10    0.87    0.00    0.02    0.00    0.00    0.00   92.37
Average:      35    1.49    0.00    0.62    0.06    0.00    0.00    0.00    0.00    0.00   97.83
Average:      36    0.83    0.00    0.27    0.01    0.00    0.00    0.00    0.00    0.00   98.89
Average:      37    0.79    0.00    0.37    0.02    0.00    0.00    0.00    0.00    0.00   98.81
Average:      38    0.48    0.00    0.30    0.01    0.00    0.00    0.00    0.00    0.00   99.21
Average:      39    0.44    0.00    0.39    0.02    0.00    0.00    0.00    0.00    0.00   99.15
Average:      40    0.65    0.00    0.29    0.08    0.00    0.11    0.00    0.00    0.00   98.87
Average:      41    0.24    0.00    0.16    0.25    0.00    0.00    0.00    0.00    0.00   99.35
Average:      42    0.22    0.00    0.17    0.01    0.00    0.00    0.00    0.00    0.00   99.61
Average:      43    0.31    0.00    0.39    0.10    0.00    0.00    0.00    0.00    0.00   99.21
Average:      44    0.40    0.00    0.44    0.00    0.00    0.01    0.00    0.00    0.00   99.15
Average:      45    0.27    0.00    0.33    0.00    0.00    0.00    0.00    0.00    0.00   99.40
Average:      46    0.10    0.00    0.18    0.42    0.00    0.00    0.00    0.00    0.00   99.30
Average:      47    0.32    0.00    0.39    2.08    0.00    0.00    0.00    0.00    0.00   97.22
Average:      48    0.13    0.00    0.13    0.00    0.00    0.00    0.00    0.00    0.00   99.73
Average:      49    0.07    0.00    0.03    0.00    0.00    0.00    0.00    0.00    0.00   99.90
Average:      50    0.18    0.00    0.10    0.00    0.00    0.00    0.00    0.00    0.00   99.73
Average:      51    0.24    0.00    0.05    0.00    0.00    0.00    0.00    0.00    0.00   99.71
Average:      52    0.15    0.00    0.13    0.45    0.00    0.00    0.00    0.00    0.00   99.28
Average:      53    0.21    0.00    0.21    0.01    0.00    0.00    0.00    0.00    0.00   99.56
Average:      54    0.44    0.00    1.19    0.01    0.00    0.00    0.00    0.00    0.00   98.37
Average:      55    0.20    0.00    0.16    0.61    0.00    0.00    0.00    0.00    0.00   99.04
Average:      56    0.25    0.00    0.18    0.02    0.00    0.01    0.00    0.00    0.00   99.54
Average:      57    0.10    0.00    0.16    0.00    0.00    0.00    0.00    0.00    0.00   99.75
Average:      58    1.03    0.00    0.55    0.73    0.00    0.00    0.00    0.00    0.00   97.69
Average:      59    0.08    0.00    0.06    0.50    0.00    0.00    0.00    0.00    0.00   99.36
Average:      60    0.14    0.00    0.07    0.01    0.00    0.00    0.00    0.00    0.00   99.78
Average:      61    0.11    0.00    0.07    0.01    0.00    0.00    0.00    0.00    0.00   99.81
Average:      62    0.28    0.00    0.13    0.01    0.00    0.00    0.00    0.00    0.00   99.59
Average:      63    0.10    0.00    0.04    0.03    0.00    0.00    0.00    0.00    0.00   99.84
Average:      64    0.18    0.00    0.13    0.01    0.00    0.00    0.00    0.00    0.00   99.67
Average:      65    0.44    0.00    0.42    2.58    0.00    0.00    0.00    0.00    0.00   96.57
Average:      66    0.28    0.00    0.22    0.24    0.00    0.00    0.00    0.00    0.00   99.25
Average:      67    0.09    0.00    0.04    0.41    0.00    0.00    0.00    0.00    0.00   99.47
Average:      68    0.12    0.00    0.11    0.01    0.00    0.00    0.00    0.00    0.00   99.76
Average:      69    0.13    0.00    0.13    0.01    0.00    0.00    0.00    0.00    0.00   99.74
Average:      70    0.44    0.00    0.04    0.00    0.00    0.00    0.00    0.00    0.00   99.52
Average:      71    0.12    0.00    0.16    0.01    0.00    0.00    0.00    0.00    0.00   99.71
