Linux 7.0.0-28-generic (en4234875l) 	09/26/26 	_x86_64_	(72 CPU)


avg-cpu:  %user   %nice %system %iowait  %steal   %idle
           1.55    0.00    0.63    0.01    0.00   97.81

Device            r/s     rkB/s   rrqm/s  %rrqm r_await rareq-sz     w/s     wkB/s   wrqm/s  %wrqm w_await wareq-sz     d/s     dkB/s   drqm/s  %drqm d_await dareq-sz     f/s f_await  aqu-sz  %util
dm-0             0.00      0.00     0.00   0.00    0.00     0.00  160.00    636.00     0.00   0.00    9.26     3.98    0.00      0.00     0.00   0.00    0.00     0.00    0.00    0.00    1.48   1.30
dm-1             0.00      0.00     0.00   0.00    0.00     0.00  159.00    636.00     0.00   0.00    9.33     4.00    0.00      0.00     0.00   0.00    0.00     0.00    0.00    0.00    1.48   1.30
nvme0n1          0.00      0.00     0.00   0.00    0.00     0.00  112.00    636.00    48.00  30.00    8.90     5.68    0.00      0.00     0.00   0.00    0.00     0.00    1.00    1.00    1.00   1.10


avg-cpu:  %user   %nice %system %iowait  %steal   %idle
           1.55    0.00    0.61    0.00    0.00   97.84

Device            r/s     rkB/s   rrqm/s  %rrqm r_await rareq-sz     w/s     wkB/s   wrqm/s  %wrqm w_await wareq-sz     d/s     dkB/s   drqm/s  %drqm d_await dareq-sz     f/s f_await  aqu-sz  %util


avg-cpu:  %user   %nice %system %iowait  %steal   %idle
           0.46    0.00    0.28    0.00    0.00   99.26

Device            r/s     rkB/s   rrqm/s  %rrqm r_await rareq-sz     w/s     wkB/s   wrqm/s  %wrqm w_await wareq-sz     d/s     dkB/s   drqm/s  %drqm d_await dareq-sz     f/s f_await  aqu-sz  %util


avg-cpu:  %user   %nice %system %iowait  %steal   %idle
           3.44    0.00    0.40    0.14    0.00   96.01

Device            r/s     rkB/s   rrqm/s  %rrqm r_await rareq-sz     w/s     wkB/s   wrqm/s  %wrqm w_await wareq-sz     d/s     dkB/s   drqm/s  %drqm d_await dareq-sz     f/s f_await  aqu-sz  %util
dm-0             0.00      0.00     0.00   0.00    0.00     0.00  270.00   1104.00     0.00   0.00    0.39     4.09    0.00      0.00     0.00   0.00    0.00     0.00    0.00    0.00    0.10   8.80
dm-1             0.00      0.00     0.00   0.00    0.00     0.00  239.00   1104.00     0.00   0.00    0.44     4.62    0.00      0.00     0.00   0.00    0.00     0.00    0.00    0.00    0.11   8.90
nvme0n1          0.00      0.00     0.00   0.00    0.00     0.00  221.00   1104.00    49.00  18.15    0.38     5.00    0.00      0.00     0.00   0.00    0.00     0.00   31.00    1.03    0.11   8.00


avg-cpu:  %user   %nice %system %iowait  %steal   %idle
           2.91    0.00    0.53    0.25    0.00   96.31

Device            r/s     rkB/s   rrqm/s  %rrqm r_await rareq-sz     w/s     wkB/s   wrqm/s  %wrqm w_await wareq-sz     d/s     dkB/s   drqm/s  %drqm d_await dareq-sz     f/s f_await  aqu-sz  %util
dm-0             0.00      0.00     0.00   0.00    0.00     0.00  584.00   2424.00     0.00   0.00    0.38     4.15    0.00      0.00     0.00   0.00    0.00     0.00    0.00    0.00    0.22  17.90
dm-1             0.00      0.00     0.00   0.00    0.00     0.00  519.00   2424.00     0.00   0.00    0.44     4.67    0.00      0.00     0.00   0.00    0.00     0.00    0.00    0.00    0.23  18.60
nvme0n1          0.00      0.00     0.00   0.00    0.00     0.00  414.00   2424.00   170.00  29.11    0.39     5.86    0.00      0.00     0.00   0.00    0.00     0.00   65.00    1.37    0.25  15.20


avg-cpu:  %user   %nice %system %iowait  %steal   %idle
           2.20    0.00    0.46    0.28    0.00   97.06

Device            r/s     rkB/s   rrqm/s  %rrqm r_await rareq-sz     w/s     wkB/s   wrqm/s  %wrqm w_await wareq-sz     d/s     dkB/s   drqm/s  %drqm d_await dareq-sz     f/s f_await  aqu-sz  %util
dm-0             0.00      0.00     0.00   0.00    0.00     0.00  621.00   2644.00     0.00   0.00    0.39     4.26    0.00      0.00     0.00   0.00    0.00     0.00    0.00    0.00    0.24  20.00
dm-1             0.00      0.00     0.00   0.00    0.00     0.00  552.00   2644.00     0.00   0.00    0.44     4.79    0.00      0.00     0.00   0.00    0.00     0.00    0.00    0.00    0.24  20.20
nvme0n1          0.00      0.00     0.00   0.00    0.00     0.00  407.00   2644.00   214.00  34.46    0.43     6.50    0.00      0.00     0.00   0.00    0.00     0.00   69.00    1.52    0.28  18.30


avg-cpu:  %user   %nice %system %iowait  %steal   %idle
           1.99    0.00    0.42    0.22    0.00   97.37

Device            r/s     rkB/s   rrqm/s  %rrqm r_await rareq-sz     w/s     wkB/s   wrqm/s  %wrqm w_await wareq-sz     d/s     dkB/s   drqm/s  %drqm d_await dareq-sz     f/s f_await  aqu-sz  %util
dm-0             0.00      0.00     0.00   0.00    0.00     0.00  486.00   2144.00     0.00   0.00    0.36     4.41    0.00      0.00     0.00   0.00    0.00     0.00    0.00    0.00    0.17  14.60
dm-1             0.00      0.00     0.00   0.00    0.00     0.00  432.00   2144.00     0.00   0.00    0.41     4.96    0.00      0.00     0.00   0.00    0.00     0.00    0.00    0.00    0.17  14.80
nvme0n1          0.00      0.00     0.00   0.00    0.00     0.00  325.00   2144.00   161.00  33.13    0.40     6.60    0.00      0.00     0.00   0.00    0.00     0.00   54.00    1.19    0.20  12.60


avg-cpu:  %user   %nice %system %iowait  %steal   %idle
           1.20    0.00    0.46    0.26    0.00   98.08

Device            r/s     rkB/s   rrqm/s  %rrqm r_await rareq-sz     w/s     wkB/s   wrqm/s  %wrqm w_await wareq-sz     d/s     dkB/s   drqm/s  %drqm d_await dareq-sz     f/s f_await  aqu-sz  %util
dm-0             0.00      0.00     0.00   0.00    0.00     0.00  692.00   3004.00     0.00   0.00    0.45     4.34    0.00      0.00     0.00   0.00    0.00     0.00    0.00    0.00    0.31  19.80
dm-1             0.00      0.00     0.00   0.00    0.00     0.00  617.00   3004.00     0.00   0.00    0.51     4.87    0.00      0.00     0.00   0.00    0.00     0.00    0.00    0.00    0.31  19.90
nvme0n1          0.00      0.00     0.00   0.00    0.00     0.00  437.00   3004.00   255.00  36.85    0.38     6.87    0.00      0.00     0.00   0.00    0.00     0.00   75.00    1.04    0.24  16.10


avg-cpu:  %user   %nice %system %iowait  %steal   %idle
           0.96    0.00    0.50    0.31    0.00   98.23

Device            r/s     rkB/s   rrqm/s  %rrqm r_await rareq-sz     w/s     wkB/s   wrqm/s  %wrqm w_await wareq-sz     d/s     dkB/s   drqm/s  %drqm d_await dareq-sz     f/s f_await  aqu-sz  %util
dm-0             0.00      0.00     0.00   0.00    0.00     0.00  763.00   3352.00     0.00   0.00    0.32     4.39    0.00      0.00     0.00   0.00    0.00     0.00    0.00    0.00    0.25  21.30
dm-1             0.00      0.00     0.00   0.00    0.00     0.00  676.00   3352.00     0.00   0.00    0.37     4.96    0.00      0.00     0.00   0.00    0.00     0.00    0.00    0.00    0.25  21.50
nvme0n1          0.00      0.00     0.00   0.00    0.00     0.00  529.00   3352.00   234.00  30.67    0.35     6.34    0.00      0.00     0.00   0.00    0.00     0.00   87.00    1.03    0.27  18.10


avg-cpu:  %user   %nice %system %iowait  %steal   %idle
           1.24    0.00    0.51    0.29    0.00   97.95

Device            r/s     rkB/s   rrqm/s  %rrqm r_await rareq-sz     w/s     wkB/s   wrqm/s  %wrqm w_await wareq-sz     d/s     dkB/s   drqm/s  %drqm d_await dareq-sz     f/s f_await  aqu-sz  %util
dm-0             0.00      0.00     0.00   0.00    0.00     0.00  709.00   3176.00     0.00   0.00    0.36     4.48    0.00      0.00     0.00   0.00    0.00     0.00    0.00    0.00    0.25  19.90
dm-1             0.00      0.00     0.00   0.00    0.00     0.00  627.00   3176.00     0.00   0.00    0.41     5.07    0.00      0.00     0.00   0.00    0.00     0.00    0.00    0.00    0.26  20.60
nvme0n1          0.00      0.00     0.00   0.00    0.00     0.00  502.00   3176.00   207.00  29.20    0.35     6.33    0.00      0.00     0.00   0.00    0.00     0.00   82.00    1.06    0.27  18.00


avg-cpu:  %user   %nice %system %iowait  %steal   %idle
           1.28    0.00    0.68    0.28    0.00   97.76

Device            r/s     rkB/s   rrqm/s  %rrqm r_await rareq-sz     w/s     wkB/s   wrqm/s  %wrqm w_await wareq-sz     d/s     dkB/s   drqm/s  %drqm d_await dareq-sz     f/s f_await  aqu-sz  %util
dm-0             0.00      0.00     0.00   0.00    0.00     0.00  735.00   3312.00     0.00   0.00    0.38     4.51    0.00      0.00     0.00   0.00    0.00     0.00    0.00    0.00    0.28  20.00
dm-1             0.00      0.00     0.00   0.00    0.00     0.00  648.00   3312.00     0.00   0.00    0.43     5.11    0.00      0.00     0.00   0.00    0.00     0.00    0.00    0.00    0.28  20.20
nvme0n1          0.00      0.00     0.00   0.00    0.00     0.00  507.00   3312.00   228.00  31.02    0.35     6.53    0.00      0.00     0.00   0.00    0.00     0.00   85.00    1.00    0.26  17.80


avg-cpu:  %user   %nice %system %iowait  %steal   %idle
           1.16    0.00    0.56    0.29    0.00   98.00

Device            r/s     rkB/s   rrqm/s  %rrqm r_await rareq-sz     w/s     wkB/s   wrqm/s  %wrqm w_await wareq-sz     d/s     dkB/s   drqm/s  %drqm d_await dareq-sz     f/s f_await  aqu-sz  %util
dm-0             0.00      0.00     0.00   0.00    0.00     0.00  752.00   3660.00     0.00   0.00    0.35     4.87    0.00      0.00     0.00   0.00    0.00     0.00    0.00    0.00    0.26  20.60
dm-1             0.00      0.00     0.00   0.00    0.00     0.00  663.00   3660.00     0.00   0.00    0.39     5.52    0.00      0.00     0.00   0.00    0.00     0.00    0.00    0.00    0.26  20.70
nvme0n1          0.00      0.00     0.00   0.00    0.00     0.00  502.00   3660.00   250.00  33.24    0.35     7.29    0.00      0.00     0.00   0.00    0.00     0.00   86.00    1.00    0.26  18.50


avg-cpu:  %user   %nice %system %iowait  %steal   %idle
           0.97    0.00    0.47    0.28    0.00   98.27

Device            r/s     rkB/s   rrqm/s  %rrqm r_await rareq-sz     w/s     wkB/s   wrqm/s  %wrqm w_await wareq-sz     d/s     dkB/s   drqm/s  %drqm d_await dareq-sz     f/s f_await  aqu-sz  %util
dm-0             0.00      0.00     0.00   0.00    0.00     0.00  793.00   3704.00     0.00   0.00    0.36     4.67    0.00      0.00     0.00   0.00    0.00     0.00    0.00    0.00    0.28  20.90
dm-1             0.00      0.00     0.00   0.00    0.00     0.00  700.00   3696.00     0.00   0.00    0.41     5.28    0.00      0.00     0.00   0.00    0.00     0.00    0.00    0.00    0.28  21.20
nvme0n1          0.00      0.00     0.00   0.00    0.00     0.00  522.00   3696.00   269.00  34.01    0.35     7.08    0.00      0.00     0.00   0.00    0.00     0.00   89.00    0.99    0.27  18.20


avg-cpu:  %user   %nice %system %iowait  %steal   %idle
           0.93    0.00    0.43    0.29    0.00   98.34

Device            r/s     rkB/s   rrqm/s  %rrqm r_await rareq-sz     w/s     wkB/s   wrqm/s  %wrqm w_await wareq-sz     d/s     dkB/s   drqm/s  %drqm d_await dareq-sz     f/s f_await  aqu-sz  %util
dm-0             0.00      0.00     0.00   0.00    0.00     0.00  773.00   3636.00     0.00   0.00    0.33     4.70    0.00      0.00     0.00   0.00    0.00     0.00    0.00    0.00    0.26  20.70
dm-1             0.00      0.00     0.00   0.00    0.00     0.00  684.00   3644.00     0.00   0.00    0.38     5.33    0.00      0.00     0.00   0.00    0.00     0.00    0.00    0.00    0.26  20.90
nvme0n1          0.00      0.00     0.00   0.00    0.00     0.00  513.00   3644.00   262.00  33.81    0.36     7.10    0.00      0.00     0.00   0.00    0.00     0.00   89.00    1.01    0.28  18.50


avg-cpu:  %user   %nice %system %iowait  %steal   %idle
           0.79    0.00    0.47    0.28    0.00   98.46

Device            r/s     rkB/s   rrqm/s  %rrqm r_await rareq-sz     w/s     wkB/s   wrqm/s  %wrqm w_await wareq-sz     d/s     dkB/s   drqm/s  %drqm d_await dareq-sz     f/s f_await  aqu-sz  %util
dm-0             0.00      0.00     0.00   0.00    0.00     0.00  692.00   3368.00     0.00   0.00    0.37     4.87    0.00      0.00     0.00   0.00    0.00     0.00    0.00    0.00    0.26  18.50
dm-1             0.00      0.00     0.00   0.00    0.00     0.00  612.00   3368.00     0.00   0.00    0.42     5.50    0.00      0.00     0.00   0.00    0.00     0.00    0.00    0.00    0.26  18.70
nvme0n1          0.00      0.00     0.00   0.00    0.00     0.00  448.00   3368.00   244.00  35.26    0.36     7.52    0.00      0.00     0.00   0.00    0.00     0.00   78.00    1.00    0.24  16.00


avg-cpu:  %user   %nice %system %iowait  %steal   %idle
           0.88    0.00    0.43    0.32    0.00   98.37

Device            r/s     rkB/s   rrqm/s  %rrqm r_await rareq-sz     w/s     wkB/s   wrqm/s  %wrqm w_await wareq-sz     d/s     dkB/s   drqm/s  %drqm d_await dareq-sz     f/s f_await  aqu-sz  %util
dm-0             0.00      0.00     0.00   0.00    0.00     0.00  849.00   4360.00     0.00   0.00    0.33     5.14    0.00      0.00     0.00   0.00    0.00     0.00    0.00    0.00    0.28  23.50
dm-1             0.00      0.00     0.00   0.00    0.00     0.00  746.00   4360.00     0.00   0.00    0.38     5.84    0.00      0.00     0.00   0.00    0.00     0.00    0.00    0.00    0.28  23.60
nvme0n1          0.00      0.00     0.00   0.00    0.00     0.00  586.00   4360.00   263.00  30.98    0.36     7.44    0.00      0.00     0.00   0.00    0.00     0.00   99.00    0.99    0.31  21.10


avg-cpu:  %user   %nice %system %iowait  %steal   %idle
           0.85    0.00    0.43    0.29    0.00   98.43

Device            r/s     rkB/s   rrqm/s  %rrqm r_await rareq-sz     w/s     wkB/s   wrqm/s  %wrqm w_await wareq-sz     d/s     dkB/s   drqm/s  %drqm d_await dareq-sz     f/s f_await  aqu-sz  %util
dm-0             0.00      0.00     0.00   0.00    0.00     0.00  715.00   3728.00     0.00   0.00    0.35     5.21    0.00      0.00     0.00   0.00    0.00     0.00    0.00    0.00    0.25  20.00
dm-1             0.00      0.00     0.00   0.00    0.00     0.00  629.00   3728.00     0.00   0.00    0.39     5.93    0.00      0.00     0.00   0.00    0.00     0.00    0.00    0.00    0.25  20.20
nvme0n1          0.00      0.00     0.00   0.00    0.00     0.00  456.00   3728.00   259.00  36.22    0.38     8.18    0.00      0.00     0.00   0.00    0.00     0.00   81.00    0.98    0.25  18.30


avg-cpu:  %user   %nice %system %iowait  %steal   %idle
           0.82    0.00    0.50    0.28    0.00   98.40

Device            r/s     rkB/s   rrqm/s  %rrqm r_await rareq-sz     w/s     wkB/s   wrqm/s  %wrqm w_await wareq-sz     d/s     dkB/s   drqm/s  %drqm d_await dareq-sz     f/s f_await  aqu-sz  %util
dm-0             0.00      0.00     0.00   0.00    0.00     0.00  971.00   5052.00     0.00   0.00    0.44     5.20    0.00      0.00     0.00   0.00    0.00     0.00    0.00    0.00    0.43  20.60
dm-1             0.00      0.00     0.00   0.00    0.00     0.00  881.00   5052.00     0.00   0.00    0.49     5.73    0.00      0.00     0.00   0.00    0.00     0.00    0.00    0.00    0.43  20.70
nvme0n1          0.00      0.00     0.00   0.00    0.00     0.00  754.00   5052.00   217.00  22.35    0.34     6.70    0.00      0.00     0.00   0.00    0.00     0.00   84.00    1.00    0.34  18.00


avg-cpu:  %user   %nice %system %iowait  %steal   %idle
           0.85    0.00    0.43    0.33    0.00   98.39

Device            r/s     rkB/s   rrqm/s  %rrqm r_await rareq-sz     w/s     wkB/s   wrqm/s  %wrqm w_await wareq-sz     d/s     dkB/s   drqm/s  %drqm d_await dareq-sz     f/s f_await  aqu-sz  %util
dm-0             0.00      0.00     0.00   0.00    0.00     0.00  840.00   4208.00     0.00   0.00    0.38     5.01    0.00      0.00     0.00   0.00    0.00     0.00    0.00    0.00    0.32  22.70
dm-1             0.00      0.00     0.00   0.00    0.00     0.00  742.00   4208.00     0.00   0.00    0.43     5.67    0.00      0.00     0.00   0.00    0.00     0.00    0.00    0.00    0.32  23.10
nvme0n1          0.00      0.00     0.00   0.00    0.00     0.00  545.00   4208.00   295.00  35.12    0.37     7.72    0.00      0.00     0.00   0.00    0.00     0.00   94.00    0.97    0.29  20.60


avg-cpu:  %user   %nice %system %iowait  %steal   %idle
           0.75    0.00    0.40    0.31    0.00   98.54

Device            r/s     rkB/s   rrqm/s  %rrqm r_await rareq-sz     w/s     wkB/s   wrqm/s  %wrqm w_await wareq-sz     d/s     dkB/s   drqm/s  %drqm d_await dareq-sz     f/s f_await  aqu-sz  %util
dm-0             0.00      0.00     0.00   0.00    0.00     0.00  766.00   3964.00     0.00   0.00    0.41     5.17    0.00      0.00     0.00   0.00    0.00     0.00    0.00    0.00    0.31  21.70
dm-1             0.00      0.00     0.00   0.00    0.00     0.00  675.00   3964.00     0.00   0.00    0.46     5.87    0.00      0.00     0.00   0.00    0.00     0.00    0.00    0.00    0.31  21.80
nvme0n1          0.00      0.00     0.00   0.00    0.00     0.00  534.00   3964.00   232.00  30.29    0.36     7.42    0.00      0.00     0.00   0.00    0.00     0.00   87.00    1.05    0.28  18.90


avg-cpu:  %user   %nice %system %iowait  %steal   %idle
           0.82    0.00    0.45    0.31    0.00   98.43

Device            r/s     rkB/s   rrqm/s  %rrqm r_await rareq-sz     w/s     wkB/s   wrqm/s  %wrqm w_await wareq-sz     d/s     dkB/s   drqm/s  %drqm d_await dareq-sz     f/s f_await  aqu-sz  %util
dm-0             0.00      0.00     0.00   0.00    0.00     0.00  858.00   4864.00     0.00   0.00    0.32     5.67    0.00      0.00     0.00   0.00    0.00     0.00    0.00    0.00    0.28  22.80
dm-1             0.00      0.00     0.00   0.00    0.00     0.00  754.00   4864.00     0.00   0.00    0.36     6.45    0.00      0.00     0.00   0.00    0.00     0.00    0.00    0.00    0.27  22.80
nvme0n1          0.00      0.00     0.00   0.00    0.00     0.00  662.00   4864.00   196.00  22.84    0.31     7.35    0.00      0.00     0.00   0.00    0.00     0.00   97.00    0.98    0.30  20.50


avg-cpu:  %user   %nice %system %iowait  %steal   %idle
           0.70    0.00    0.46    0.31    0.00   98.54

Device            r/s     rkB/s   rrqm/s  %rrqm r_await rareq-sz     w/s     wkB/s   wrqm/s  %wrqm w_await wareq-sz     d/s     dkB/s   drqm/s  %drqm d_await dareq-sz     f/s f_await  aqu-sz  %util
dm-0             0.00      0.00     0.00   0.00    0.00     0.00  820.00   4284.00     0.00   0.00    0.36     5.22    0.00      0.00     0.00   0.00    0.00     0.00    0.00    0.00    0.30  21.70
dm-1             0.00      0.00     0.00   0.00    0.00     0.00  721.00   4284.00     0.00   0.00    0.41     5.94    0.00      0.00     0.00   0.00    0.00     0.00    0.00    0.00    0.30  22.00
nvme0n1          0.00      0.00     0.00   0.00    0.00     0.00  542.00   4284.00   278.00  33.90    0.36     7.90    0.00      0.00     0.00   0.00    0.00     0.00   93.00    1.00    0.29  19.50


avg-cpu:  %user   %nice %system %iowait  %steal   %idle
           0.97    0.00    0.53    0.28    0.00   98.22

Device            r/s     rkB/s   rrqm/s  %rrqm r_await rareq-sz     w/s     wkB/s   wrqm/s  %wrqm w_await wareq-sz     d/s     dkB/s   drqm/s  %drqm d_await dareq-sz     f/s f_await  aqu-sz  %util
dm-0             0.00      0.00     0.00   0.00    0.00     0.00  741.00   4560.00     0.00   0.00    0.36     6.15    0.00      0.00     0.00   0.00    0.00     0.00    0.00    0.00    0.27  20.00
dm-1             0.00      0.00     0.00   0.00    0.00     0.00  650.00   4560.00     0.00   0.00    0.40     7.02    0.00      0.00     0.00   0.00    0.00     0.00    0.00    0.00    0.26  20.10
nvme0n1          0.00      0.00     0.00   0.00    0.00     0.00  503.00   4560.00   238.00  32.12    0.34     9.07    0.00      0.00     0.00   0.00    0.00     0.00   82.00    0.98    0.25  17.50


avg-cpu:  %user   %nice %system %iowait  %steal   %idle
           1.06    0.00    0.49    0.29    0.00   98.16

Device            r/s     rkB/s   rrqm/s  %rrqm r_await rareq-sz     w/s     wkB/s   wrqm/s  %wrqm w_await wareq-sz     d/s     dkB/s   drqm/s  %drqm d_await dareq-sz     f/s f_await  aqu-sz  %util
dm-0             0.00      0.00     0.00   0.00    0.00     0.00  799.00   4328.00     0.00   0.00    0.33     5.42    0.00      0.00     0.00   0.00    0.00     0.00    0.00    0.00    0.27  21.50
dm-1             0.00      0.00     0.00   0.00    0.00     0.00  703.00   4328.00     0.00   0.00    0.38     6.16    0.00      0.00     0.00   0.00    0.00     0.00    0.00    0.00    0.27  21.50
nvme0n1          0.00      0.00     0.00   0.00    0.00     0.00  539.00   4328.00   260.00  32.54    0.34     8.03    0.00      0.00     0.00   0.00    0.00     0.00   90.00    0.99    0.27  18.80


avg-cpu:  %user   %nice %system %iowait  %steal   %idle
           0.86    0.00    0.47    0.26    0.00   98.40

Device            r/s     rkB/s   rrqm/s  %rrqm r_await rareq-sz     w/s     wkB/s   wrqm/s  %wrqm w_await wareq-sz     d/s     dkB/s   drqm/s  %drqm d_await dareq-sz     f/s f_await  aqu-sz  %util
dm-0             0.00      0.00     0.00   0.00    0.00     0.00  716.00   4624.00     0.00   0.00    0.31     6.46    0.00      0.00     0.00   0.00    0.00     0.00    0.00    0.00    0.22  19.30
dm-1             0.00      0.00     0.00   0.00    0.00     0.00  628.00   4624.00     0.00   0.00    0.35     7.36    0.00      0.00     0.00   0.00    0.00     0.00    0.00    0.00    0.22  19.40
nvme0n1          0.00      0.00     0.00   0.00    0.00     0.00  488.00   4624.00   228.00  31.84    0.34     9.48    0.00      0.00     0.00   0.00    0.00     0.00   79.00    0.97    0.24  16.80


avg-cpu:  %user   %nice %system %iowait  %steal   %idle
           0.71    0.00    0.49    0.32    0.00   98.48

Device            r/s     rkB/s   rrqm/s  %rrqm r_await rareq-sz     w/s     wkB/s   wrqm/s  %wrqm w_await wareq-sz     d/s     dkB/s   drqm/s  %drqm d_await dareq-sz     f/s f_await  aqu-sz  %util
dm-0             0.00      0.00     0.00   0.00    0.00     0.00  852.00   4688.00     0.00   0.00    0.36     5.50    0.00      0.00     0.00   0.00    0.00     0.00    0.00    0.00    0.30  23.10
dm-1             0.00      0.00     0.00   0.00    0.00     0.00  749.00   4688.00     0.00   0.00    0.40     6.26    0.00      0.00     0.00   0.00    0.00     0.00    0.00    0.00    0.30  23.30
nvme0n1          0.00      0.00     0.00   0.00    0.00     0.00  606.00   4688.00   246.00  28.87    0.33     7.74    0.00      0.00     0.00   0.00    0.00     0.00   97.00    0.99    0.30  20.40


avg-cpu:  %user   %nice %system %iowait  %steal   %idle
           1.03    0.00    0.45    0.28    0.00   98.25

Device            r/s     rkB/s   rrqm/s  %rrqm r_await rareq-sz     w/s     wkB/s   wrqm/s  %wrqm w_await wareq-sz     d/s     dkB/s   drqm/s  %drqm d_await dareq-sz     f/s f_await  aqu-sz  %util
dm-0             0.00      0.00     0.00   0.00    0.00     0.00  788.00   5108.00     0.00   0.00    0.38     6.48    0.00      0.00     0.00   0.00    0.00     0.00    0.00    0.00    0.30  21.00
dm-1             0.00      0.00     0.00   0.00    0.00     0.00  690.00   5108.00     0.00   0.00    0.43     7.40    0.00      0.00     0.00   0.00    0.00     0.00    0.00    0.00    0.30  21.00
nvme0n1          0.00      0.00     0.00   0.00    0.00     0.00  547.00   5108.00   240.00  30.50    0.33     9.34    0.00      0.00     0.00   0.00    0.00     0.00   85.00    0.99    0.27  18.90


avg-cpu:  %user   %nice %system %iowait  %steal   %idle
           0.96    0.00    0.45    0.32    0.00   98.27

Device            r/s     rkB/s   rrqm/s  %rrqm r_await rareq-sz     w/s     wkB/s   wrqm/s  %wrqm w_await wareq-sz     d/s     dkB/s   drqm/s  %drqm d_await dareq-sz     f/s f_await  aqu-sz  %util
dm-0             0.00      0.00     0.00   0.00    0.00     0.00  837.00   4716.00     0.00   0.00    0.33     5.63    0.00      0.00     0.00   0.00    0.00     0.00    0.00    0.00    0.28  22.20
dm-1             0.00      0.00     0.00   0.00    0.00     0.00  732.00   4716.00     0.00   0.00    0.37     6.44    0.00      0.00     0.00   0.00    0.00     0.00    0.00    0.00    0.27  22.50
nvme0n1          0.00      0.00     0.00   0.00    0.00     0.00  594.00   4716.00   244.00  29.12    0.35     7.94    0.00      0.00     0.00   0.00    0.00     0.00   98.00    0.98    0.30  20.40


avg-cpu:  %user   %nice %system %iowait  %steal   %idle
           0.90    0.00    0.43    0.26    0.00   98.40

Device            r/s     rkB/s   rrqm/s  %rrqm r_await rareq-sz     w/s     wkB/s   wrqm/s  %wrqm w_await wareq-sz     d/s     dkB/s   drqm/s  %drqm d_await dareq-sz     f/s f_await  aqu-sz  %util
dm-0             0.00      0.00     0.00   0.00    0.00     0.00  713.00   5172.00     0.00   0.00    0.31     7.25    0.00      0.00     0.00   0.00    0.00     0.00    0.00    0.00    0.22  18.70
dm-1             0.00      0.00     0.00   0.00    0.00     0.00  622.00   5172.00     0.00   0.00    0.35     8.32    0.00      0.00     0.00   0.00    0.00     0.00    0.00    0.00    0.21  18.80
nvme0n1          0.00      0.00     0.00   0.00    0.00     0.00  455.00   5172.00   258.00  36.19    0.36    11.37    0.00      0.00     0.00   0.00    0.00     0.00   78.00    0.96    0.24  17.30


avg-cpu:  %user   %nice %system %iowait  %steal   %idle
           0.90    0.00    0.47    0.31    0.00   98.32

Device            r/s     rkB/s   rrqm/s  %rrqm r_await rareq-sz     w/s     wkB/s   wrqm/s  %wrqm w_await wareq-sz     d/s     dkB/s   drqm/s  %drqm d_await dareq-sz     f/s f_await  aqu-sz  %util
dm-0             0.00      0.00     0.00   0.00    0.00     0.00  889.00  14464.00     0.00   0.00    0.44    16.27    0.00      0.00     0.00   0.00    0.00     0.00    0.00    0.00    0.39  22.60
dm-1             0.00      0.00     0.00   0.00    0.00     0.00  714.00  14464.00     0.00   0.00    0.41    20.26    0.00      0.00     0.00   0.00    0.00     0.00    0.00    0.00    0.29  22.80
nvme0n1          0.00      0.00     0.00   0.00    0.00     0.00  645.00  14464.00   244.00  27.45    0.35    22.42    0.00      0.00     0.00   0.00    0.00     0.00   93.00    0.97    0.31  19.60


avg-cpu:  %user   %nice %system %iowait  %steal   %idle
           0.84    0.00    0.45    0.32    0.00   98.40

Device            r/s     rkB/s   rrqm/s  %rrqm r_await rareq-sz     w/s     wkB/s   wrqm/s  %wrqm w_await wareq-sz     d/s     dkB/s   drqm/s  %drqm d_await dareq-sz     f/s f_await  aqu-sz  %util
dm-0             0.00      0.00     0.00   0.00    0.00     0.00  881.00   9000.00     0.00   0.00    0.34    10.22    0.00      0.00     0.00   0.00    0.00     0.00    0.00    0.00    0.30  22.50
dm-1             0.00      0.00     0.00   0.00    0.00     0.00  748.00   9000.00     0.00   0.00    0.37    12.03    0.00      0.00     0.00   0.00    0.00     0.00    0.00    0.00    0.28  22.50
nvme0n1          0.00      0.00     0.00   0.00    0.00     0.00  574.00   9000.00   307.00  34.85    0.36    15.68    0.00      0.00     0.00   0.00    0.00     0.00   96.00    1.02    0.30  20.30


avg-cpu:  %user   %nice %system %iowait  %steal   %idle
           1.03    0.00    0.50    0.26    0.00   98.20

Device            r/s     rkB/s   rrqm/s  %rrqm r_await rareq-sz     w/s     wkB/s   wrqm/s  %wrqm w_await wareq-sz     d/s     dkB/s   drqm/s  %drqm d_await dareq-sz     f/s f_await  aqu-sz  %util
dm-0             0.00      0.00     0.00   0.00    0.00     0.00  743.00   4536.00     0.00   0.00    0.33     6.10    0.00      0.00     0.00   0.00    0.00     0.00    0.00    0.00    0.25  19.00
dm-1             0.00      0.00     0.00   0.00    0.00     0.00  648.00   4536.00     0.00   0.00    0.38     7.00    0.00      0.00     0.00   0.00    0.00     0.00    0.00    0.00    0.24  19.20
nvme0n1          0.00      0.00     0.00   0.00    0.00     0.00  527.00   4536.00   216.00  29.07    0.33     8.61    0.00      0.00     0.00   0.00    0.00     0.00   83.00    0.98    0.26  17.30


avg-cpu:  %user   %nice %system %iowait  %steal   %idle
           0.82    0.00    0.47    0.26    0.00   98.44

Device            r/s     rkB/s   rrqm/s  %rrqm r_await rareq-sz     w/s     wkB/s   wrqm/s  %wrqm w_await wareq-sz     d/s     dkB/s   drqm/s  %drqm d_await dareq-sz     f/s f_await  aqu-sz  %util
dm-0             0.00      0.00     0.00   0.00    0.00     0.00  751.00   5464.00     0.00   0.00    0.33     7.28    0.00      0.00     0.00   0.00    0.00     0.00    0.00    0.00    0.25  19.00
dm-1             0.00      0.00     0.00   0.00    0.00     0.00  651.00   5464.00     0.00   0.00    0.37     8.39    0.00      0.00     0.00   0.00    0.00     0.00    0.00    0.00    0.24  18.90
nvme0n1          0.00      0.00     0.00   0.00    0.00     0.00  551.00   5464.00   199.00  26.53    0.32     9.92    0.00      0.00     0.00   0.00    0.00     0.00   81.00    0.99    0.25  16.90


avg-cpu:  %user   %nice %system %iowait  %steal   %idle
           0.77    0.00    0.46    0.32    0.00   98.46

Device            r/s     rkB/s   rrqm/s  %rrqm r_await rareq-sz     w/s     wkB/s   wrqm/s  %wrqm w_await wareq-sz     d/s     dkB/s   drqm/s  %drqm d_await dareq-sz     f/s f_await  aqu-sz  %util
dm-0             0.00      0.00     0.00   0.00    0.00     0.00  827.00   5024.00     0.00   0.00    0.37     6.07    0.00      0.00     0.00   0.00    0.00     0.00    0.00    0.00    0.31  22.80
dm-1             0.00      0.00     0.00   0.00    0.00     0.00  721.00   5024.00     0.00   0.00    0.41     6.97    0.00      0.00     0.00   0.00    0.00     0.00    0.00    0.00    0.30  22.80
nvme0n1          0.00      0.00     0.00   0.00    0.00     0.00  585.00   5024.00   243.00  29.35    0.35     8.59    0.00      0.00     0.00   0.00    0.00     0.00   95.00    0.98    0.30  19.70


avg-cpu:  %user   %nice %system %iowait  %steal   %idle
           0.70    0.00    0.42    0.39    0.00   98.50

Device            r/s     rkB/s   rrqm/s  %rrqm r_await rareq-sz     w/s     wkB/s   wrqm/s  %wrqm w_await wareq-sz     d/s     dkB/s   drqm/s  %drqm d_await dareq-sz     f/s f_await  aqu-sz  %util
dm-0             0.00      0.00     0.00   0.00    0.00     0.00  686.00   4492.00     0.00   0.00    0.53     6.55    0.00      0.00     0.00   0.00    0.00     0.00    0.00    0.00    0.36  28.40
dm-1             0.00      0.00     0.00   0.00    0.00     0.00  595.00   4492.00     0.00   0.00    0.60     7.55    0.00      0.00     0.00   0.00    0.00     0.00    0.00    0.00    0.36  28.80
nvme0n1          0.00      0.00     0.00   0.00    0.00     0.00  469.00   4492.00   217.00  31.63    0.53     9.58    0.00      0.00     0.00   0.00    0.00     0.00   79.00    1.57    0.37  24.90


avg-cpu:  %user   %nice %system %iowait  %steal   %idle
           0.78    0.00    0.45    0.29    0.00   98.48

Device            r/s     rkB/s   rrqm/s  %rrqm r_await rareq-sz     w/s     wkB/s   wrqm/s  %wrqm w_await wareq-sz     d/s     dkB/s   drqm/s  %drqm d_await dareq-sz     f/s f_await  aqu-sz  %util
dm-0             0.00      0.00     0.00   0.00    0.00     0.00  745.00   5684.00     0.00   0.00    0.50     7.63    0.00      0.00     0.00   0.00    0.00     0.00    0.00    0.00    0.37  21.20
dm-1             0.00      0.00     0.00   0.00    0.00     0.00  645.00   5684.00     0.00   0.00    0.56     8.81    0.00      0.00     0.00   0.00    0.00     0.00    0.00    0.00    0.36  21.40
nvme0n1          0.00      0.00     0.00   0.00    0.00     0.00  523.00   5684.00   222.00  29.80    0.35    10.87    0.00      0.00     0.00   0.00    0.00     0.00   82.00    0.98    0.26  19.50


avg-cpu:  %user   %nice %system %iowait  %steal   %idle
           0.93    0.00    0.46    0.33    0.00   98.27

Device            r/s     rkB/s   rrqm/s  %rrqm r_await rareq-sz     w/s     wkB/s   wrqm/s  %wrqm w_await wareq-sz     d/s     dkB/s   drqm/s  %drqm d_await dareq-sz     f/s f_await  aqu-sz  %util
dm-0             0.00      0.00     0.00   0.00    0.00     0.00  823.00   5172.00     0.00   0.00    0.36     6.28    0.00      0.00     0.00   0.00    0.00     0.00    0.00    0.00    0.30  22.90
dm-1             0.00      0.00     0.00   0.00    0.00     0.00  715.00   5172.00     0.00   0.00    0.40     7.23    0.00      0.00     0.00   0.00    0.00     0.00    0.00    0.00    0.29  23.10
nvme0n1          0.00      0.00     0.00   0.00    0.00     0.00  569.00   5172.00   253.00  30.78    0.36     9.09    0.00      0.00     0.00   0.00    0.00     0.00   93.00    0.99    0.30  20.00


avg-cpu:  %user   %nice %system %iowait  %steal   %idle
           0.85    0.00    0.45    0.29    0.00   98.41

Device            r/s     rkB/s   rrqm/s  %rrqm r_await rareq-sz     w/s     wkB/s   wrqm/s  %wrqm w_await wareq-sz     d/s     dkB/s   drqm/s  %drqm d_await dareq-sz     f/s f_await  aqu-sz  %util
dm-0             0.00      0.00     0.00   0.00    0.00     0.00  717.00   4784.00     0.00   0.00    0.42     6.67    0.00      0.00     0.00   0.00    0.00     0.00    0.00    0.00    0.30  21.00
dm-1             0.00      0.00     0.00   0.00    0.00     0.00  622.00   4784.00     0.00   0.00    0.48     7.69    0.00      0.00     0.00   0.00    0.00     0.00    0.00    0.00    0.30  21.70
nvme0n1          0.00      0.00     0.00   0.00    0.00     0.00  489.00   4784.00   229.00  31.89    0.38     9.78    0.00      0.00     0.00   0.00    0.00     0.00   82.00    1.07    0.28  19.00


avg-cpu:  %user   %nice %system %iowait  %steal   %idle
           0.67    0.00    0.45    0.32    0.00   98.57

Device            r/s     rkB/s   rrqm/s  %rrqm r_await rareq-sz     w/s     wkB/s   wrqm/s  %wrqm w_await wareq-sz     d/s     dkB/s   drqm/s  %drqm d_await dareq-sz     f/s f_await  aqu-sz  %util
dm-0             0.00      0.00     0.00   0.00    0.00     0.00  768.00   6048.00     0.00   0.00    0.38     7.88    0.00      0.00     0.00   0.00    0.00     0.00    0.00    0.00    0.29  22.70
dm-1             0.00      0.00     0.00   0.00    0.00     0.00  662.00   6048.00     0.00   0.00    0.41     9.14    0.00      0.00     0.00   0.00    0.00     0.00    0.00    0.00    0.27  23.00
nvme0n1          0.00      0.00     0.00   0.00    0.00     0.00  525.00   6048.00   243.00  31.64    0.38    11.52    0.00      0.00     0.00   0.00    0.00     0.00   85.00    1.08    0.29  19.60


avg-cpu:  %user   %nice %system %iowait  %steal   %idle
           0.65    0.00    0.43    0.31    0.00   98.61

Device            r/s     rkB/s   rrqm/s  %rrqm r_await rareq-sz     w/s     wkB/s   wrqm/s  %wrqm w_await wareq-sz     d/s     dkB/s   drqm/s  %drqm d_await dareq-sz     f/s f_await  aqu-sz  %util
dm-0             0.00      0.00     0.00   0.00    0.00     0.00  828.00   5384.00     0.00   0.00    0.34     6.50    0.00      0.00     0.00   0.00    0.00     0.00    0.00    0.00    0.28  21.70
dm-1             0.00      0.00     0.00   0.00    0.00     0.00  721.00   5384.00     0.00   0.00    0.38     7.47    0.00      0.00     0.00   0.00    0.00     0.00    0.00    0.00    0.27  22.00
nvme0n1          0.00      0.00     0.00   0.00    0.00     0.00  679.00   5384.00   149.00  18.00    0.31     7.93    0.00      0.00     0.00   0.00    0.00     0.00   93.00    1.11    0.31  19.90


avg-cpu:  %user   %nice %system %iowait  %steal   %idle
           0.65    0.00    0.57    0.32    0.00   98.46

Device            r/s     rkB/s   rrqm/s  %rrqm r_await rareq-sz     w/s     wkB/s   wrqm/s  %wrqm w_await wareq-sz     d/s     dkB/s   drqm/s  %drqm d_await dareq-sz     f/s f_await  aqu-sz  %util
dm-0             0.00      0.00     0.00   0.00    0.00     0.00  910.00   6772.00     0.00   0.00    0.33     7.44    0.00      0.00     0.00   0.00    0.00     0.00    0.00    0.00    0.30  22.60
dm-1             0.00      0.00     0.00   0.00    0.00     0.00  789.00   6772.00     0.00   0.00    0.37     8.58    0.00      0.00     0.00   0.00    0.00     0.00    0.00    0.00    0.29  22.60
nvme0n1          0.00      0.00     0.00   0.00    0.00     0.00  727.00   6772.00   183.00  20.11    0.31     9.31    0.00      0.00     0.00   0.00    0.00     0.00  100.00    1.10    0.34  20.90


avg-cpu:  %user   %nice %system %iowait  %steal   %idle
           0.74    0.00    0.42    0.29    0.00   98.55

Device            r/s     rkB/s   rrqm/s  %rrqm r_await rareq-sz     w/s     wkB/s   wrqm/s  %wrqm w_await wareq-sz     d/s     dkB/s   drqm/s  %drqm d_await dareq-sz     f/s f_await  aqu-sz  %util
dm-0             0.00      0.00     0.00   0.00    0.00     0.00  908.00   6904.00     0.00   0.00    0.27     7.60    0.00      0.00     0.00   0.00    0.00     0.00    0.00    0.00    0.25  22.90
dm-1             0.00      0.00     0.00   0.00    0.00     0.00  785.00   6904.00     0.00   0.00    0.31     8.79    0.00      0.00     0.00   0.00    0.00     0.00    0.00    0.00    0.24  22.90
nvme0n1          0.00      0.00     0.00   0.00    0.00     0.00  775.00   6904.00   132.00  14.55    0.28     8.91    0.00      0.00     0.00   0.00    0.00     0.00   99.00    1.10    0.33  21.60


avg-cpu:  %user   %nice %system %iowait  %steal   %idle
           0.57    0.00    0.40    0.31    0.00   98.72

Device            r/s     rkB/s   rrqm/s  %rrqm r_await rareq-sz     w/s     wkB/s   wrqm/s  %wrqm w_await wareq-sz     d/s     dkB/s   drqm/s  %drqm d_await dareq-sz     f/s f_await  aqu-sz  %util
dm-0             0.00      0.00     0.00   0.00    0.00     0.00  844.00   6704.00     0.00   0.00    0.31     7.94    0.00      0.00     0.00   0.00    0.00     0.00    0.00    0.00    0.26  22.20
dm-1             0.00      0.00     0.00   0.00    0.00     0.00  725.00   6704.00     0.00   0.00    0.36     9.25    0.00      0.00     0.00   0.00    0.00     0.00    0.00    0.00    0.26  22.30
nvme0n1          0.00      0.00     0.00   0.00    0.00     0.00  710.00   6704.00   135.00  15.98    0.31     9.44    0.00      0.00     0.00   0.00    0.00     0.00   96.00    1.15    0.33  21.20


avg-cpu:  %user   %nice %system %iowait  %steal   %idle
           0.71    0.00    0.43    0.31    0.00   98.55

Device            r/s     rkB/s   rrqm/s  %rrqm r_await rareq-sz     w/s     wkB/s   wrqm/s  %wrqm w_await wareq-sz     d/s     dkB/s   drqm/s  %drqm d_await dareq-sz     f/s f_await  aqu-sz  %util
dm-0             0.00      0.00     0.00   0.00    0.00     0.00  888.00   5880.00     0.00   0.00    0.29     6.62    0.00      0.00     0.00   0.00    0.00     0.00    0.00    0.00    0.26  22.70
dm-1             0.00      0.00     0.00   0.00    0.00     0.00  772.00   5880.00     0.00   0.00    0.33     7.62    0.00      0.00     0.00   0.00    0.00     0.00    0.00    0.00    0.25  22.70
nvme0n1          0.00      0.00     0.00   0.00    0.00     0.00  737.00   5880.00   151.00  17.00    0.30     7.98    0.00      0.00     0.00   0.00    0.00     0.00  100.00    1.11    0.33  21.80


avg-cpu:  %user   %nice %system %iowait  %steal   %idle
           0.83    0.00    0.38    0.32    0.00   98.47

Device            r/s     rkB/s   rrqm/s  %rrqm r_await rareq-sz     w/s     wkB/s   wrqm/s  %wrqm w_await wareq-sz     d/s     dkB/s   drqm/s  %drqm d_await dareq-sz     f/s f_await  aqu-sz  %util
dm-0             0.00      0.00     0.00   0.00    0.00     0.00  843.00   6900.00     0.00   0.00    0.31     8.19    0.00      0.00     0.00   0.00    0.00     0.00    0.00    0.00    0.26  22.80
dm-1             0.00      0.00     0.00   0.00    0.00     0.00  724.00   6900.00     0.00   0.00    0.35     9.53    0.00      0.00     0.00   0.00    0.00     0.00    0.00    0.00    0.25  23.10
nvme0n1          0.00      0.00     0.00   0.00    0.00     0.00  718.00   6900.00   125.00  14.83    0.31     9.61    0.00      0.00     0.00   0.00    0.00     0.00   95.00    1.31    0.35  21.30


avg-cpu:  %user   %nice %system %iowait  %steal   %idle
           0.61    0.00    0.39    0.33    0.00   98.67

Device            r/s     rkB/s   rrqm/s  %rrqm r_await rareq-sz     w/s     wkB/s   wrqm/s  %wrqm w_await wareq-sz     d/s     dkB/s   drqm/s  %drqm d_await dareq-sz     f/s f_await  aqu-sz  %util
dm-0             0.00      0.00     0.00   0.00    0.00     0.00  824.00   5748.00     0.00   0.00    0.33     6.98    0.00      0.00     0.00   0.00    0.00     0.00    0.00    0.00    0.27  24.10
dm-1             0.00      0.00     0.00   0.00    0.00     0.00  716.00   5748.00     0.00   0.00    0.37     8.03    0.00      0.00     0.00   0.00    0.00     0.00    0.00    0.00    0.27  24.20
nvme0n1          0.00      0.00     0.00   0.00    0.00     0.00  714.00   5748.00   110.00  13.35    0.33     8.05    0.00      0.00     0.00   0.00    0.00     0.00   92.00    1.55    0.38  23.60


avg-cpu:  %user   %nice %system %iowait  %steal   %idle
           0.71    0.00    0.39    0.35    0.00   98.55

Device            r/s     rkB/s   rrqm/s  %rrqm r_await rareq-sz     w/s     wkB/s   wrqm/s  %wrqm w_await wareq-sz     d/s     dkB/s   drqm/s  %drqm d_await dareq-sz     f/s f_await  aqu-sz  %util
dm-0             0.00      0.00     0.00   0.00    0.00     0.00  870.00   7196.00     0.00   0.00    0.39     8.27    0.00      0.00     0.00   0.00    0.00     0.00    0.00    0.00    0.34  25.20
dm-1             0.00      0.00     0.00   0.00    0.00     0.00  749.00   7196.00     0.00   0.00    0.43     9.61    0.00      0.00     0.00   0.00    0.00     0.00    0.00    0.00    0.32  25.10
nvme0n1          0.00      0.00     0.00   0.00    0.00     0.00  735.00   7196.00   135.00  15.52    0.33     9.79    0.00      0.00     0.00   0.00    0.00     0.00   94.00    1.54    0.39  23.90


avg-cpu:  %user   %nice %system %iowait  %steal   %idle
           0.63    0.00    0.40    0.33    0.00   98.64

Device            r/s     rkB/s   rrqm/s  %rrqm r_await rareq-sz     w/s     wkB/s   wrqm/s  %wrqm w_await wareq-sz     d/s     dkB/s   drqm/s  %drqm d_await dareq-sz     f/s f_await  aqu-sz  %util
dm-0             0.00      0.00     0.00   0.00    0.00     0.00  810.00   7048.00     0.00   0.00    0.35     8.70    0.00      0.00     0.00   0.00    0.00     0.00    0.00    0.00    0.28  24.40
dm-1             0.00      0.00     0.00   0.00    0.00     0.00  690.00   5964.00     0.00   0.00    0.38     8.64    0.00      0.00     0.00   0.00    0.00     0.00    0.00    0.00    0.26  24.40
nvme0n1          0.00      0.00     0.00   0.00    0.00     0.00  663.00   5964.00   137.00  17.12    0.36     9.00    0.00      0.00     0.00   0.00    0.00     0.00   91.00    1.56    0.38  23.70


avg-cpu:  %user   %nice %system %iowait  %steal   %idle
           0.54    0.00    0.45    0.35    0.00   98.66

Device            r/s     rkB/s   rrqm/s  %rrqm r_await rareq-sz     w/s     wkB/s   wrqm/s  %wrqm w_await wareq-sz     d/s     dkB/s   drqm/s  %drqm d_await dareq-sz     f/s f_await  aqu-sz  %util
dm-0             0.00      0.00     0.00   0.00    0.00     0.00 1060.00   6868.00     0.00   0.00    0.29     6.48    0.00      0.00     0.00   0.00    0.00     0.00    0.00    0.00    0.31  24.40
dm-1             0.00      0.00     0.00   0.00    0.00     0.00  941.00   7952.00     0.00   0.00    0.32     8.45    0.00      0.00     0.00   0.00    0.00     0.00    0.00    0.00    0.30  24.60
nvme0n1          0.00      0.00     0.00   0.00    0.00     0.00  918.00   7952.00   152.00  14.21    0.32     8.66    0.00      0.00     0.00   0.00    0.00     0.00  103.00    1.28    0.42  23.70


avg-cpu:  %user   %nice %system %iowait  %steal   %idle
           0.70    0.00    0.38    0.29    0.00   98.64

Device            r/s     rkB/s   rrqm/s  %rrqm r_await rareq-sz     w/s     wkB/s   wrqm/s  %wrqm w_await wareq-sz     d/s     dkB/s   drqm/s  %drqm d_await dareq-sz     f/s f_await  aqu-sz  %util
dm-0             0.00      0.00     0.00   0.00    0.00     0.00  883.00   7532.00     0.00   0.00    0.28     8.53    0.00      0.00     0.00   0.00    0.00     0.00    0.00    0.00    0.24  22.00
dm-1             0.00      0.00     0.00   0.00    0.00     0.00  759.00   7532.00     0.00   0.00    0.31     9.92    0.00      0.00     0.00   0.00    0.00     0.00    0.00    0.00    0.24  22.10
nvme0n1          0.00      0.00     0.00   0.00    0.00     0.00  775.00   7532.00   108.00  12.23    0.27     9.72    0.00      0.00     0.00   0.00    0.00     0.00   97.00    1.08    0.32  21.60


avg-cpu:  %user   %nice %system %iowait  %steal   %idle
           0.60    0.00    0.40    0.31    0.00   98.69

Device            r/s     rkB/s   rrqm/s  %rrqm r_await rareq-sz     w/s     wkB/s   wrqm/s  %wrqm w_await wareq-sz     d/s     dkB/s   drqm/s  %drqm d_await dareq-sz     f/s f_await  aqu-sz  %util
dm-0             0.00      0.00     0.00   0.00    0.00     0.00  908.00   6400.00     0.00   0.00    0.32     7.05    0.00      0.00     0.00   0.00    0.00     0.00    0.00    0.00    0.29  22.40
dm-1             0.00      0.00     0.00   0.00    0.00     0.00  789.00   6400.00     0.00   0.00    0.35     8.11    0.00      0.00     0.00   0.00    0.00     0.00    0.00    0.00    0.28  22.50
nvme0n1          0.00      0.00     0.00   0.00    0.00     0.00  741.00   6400.00   167.00  18.39    0.30     8.64    0.00      0.00     0.00   0.00    0.00     0.00  101.00    1.08    0.33  21.10


avg-cpu:  %user   %nice %system %iowait  %steal   %idle
           0.79    0.00    0.46    0.31    0.00   98.44

Device            r/s     rkB/s   rrqm/s  %rrqm r_await rareq-sz     w/s     wkB/s   wrqm/s  %wrqm w_await wareq-sz     d/s     dkB/s   drqm/s  %drqm d_await dareq-sz     f/s f_await  aqu-sz  %util
dm-0             0.00      0.00     0.00   0.00    0.00     0.00  917.00   7848.00     0.00   0.00    0.30     8.56    0.00      0.00     0.00   0.00    0.00     0.00    0.00    0.00    0.28  22.70
dm-1             0.00      0.00     0.00   0.00    0.00     0.00  787.00   7848.00     0.00   0.00    0.32     9.97    0.00      0.00     0.00   0.00    0.00     0.00    0.00    0.00    0.25  22.70
nvme0n1          0.00      0.00     0.00   0.00    0.00     0.00  698.00   7848.00   219.00  23.88    0.31    11.24    0.00      0.00     0.00   0.00    0.00     0.00  100.00    1.06    0.32  21.80


avg-cpu:  %user   %nice %system %iowait  %steal   %idle
           0.64    0.00    0.39    0.28    0.00   98.69

Device            r/s     rkB/s   rrqm/s  %rrqm r_await rareq-sz     w/s     wkB/s   wrqm/s  %wrqm w_await wareq-sz     d/s     dkB/s   drqm/s  %drqm d_await dareq-sz     f/s f_await  aqu-sz  %util
dm-0             0.00      0.00     0.00   0.00    0.00     0.00  827.72   7568.32     0.00   0.00    0.30     9.14    0.00      0.00     0.00   0.00    0.00     0.00    0.00    0.00    0.25  20.20
dm-1             0.00      0.00     0.00   0.00    0.00     0.00  706.93   7548.51     0.00   0.00    0.33    10.68    0.00      0.00     0.00   0.00    0.00     0.00    0.00    0.00    0.23  20.30
nvme0n1          0.00      0.00     0.00   0.00    0.00     0.00  603.96   7548.51   222.77  26.95    0.33    12.50    0.00      0.00     0.00   0.00    0.00     0.00   90.10    1.11    0.30  19.31


avg-cpu:  %user   %nice %system %iowait  %steal   %idle
           0.56    0.00    0.39    0.32    0.00   98.73

Device            r/s     rkB/s   rrqm/s  %rrqm r_await rareq-sz     w/s     wkB/s   wrqm/s  %wrqm w_await wareq-sz     d/s     dkB/s   drqm/s  %drqm d_await dareq-sz     f/s f_await  aqu-sz  %util
dm-0             0.00      0.00     0.00   0.00    0.00     0.00  936.00   6644.00     0.00   0.00    0.28     7.10    0.00      0.00     0.00   0.00    0.00     0.00    0.00    0.00    0.27  23.10
dm-1             0.00      0.00     0.00   0.00    0.00     0.00  811.00   6664.00     0.00   0.00    0.33     8.22    0.00      0.00     0.00   0.00    0.00     0.00    0.00    0.00    0.27  23.50
nvme0n1          0.00      0.00     0.00   0.00    0.00     0.00  706.00   6664.00   231.00  24.65    0.32     9.44    0.00      0.00     0.00   0.00    0.00     0.00  106.00    1.07    0.34  22.90


avg-cpu:  %user   %nice %system %iowait  %steal   %idle
           0.82    0.00    0.45    0.31    0.00   98.43

Device            r/s     rkB/s   rrqm/s  %rrqm r_await rareq-sz     w/s     wkB/s   wrqm/s  %wrqm w_await wareq-sz     d/s     dkB/s   drqm/s  %drqm d_await dareq-sz     f/s f_await  aqu-sz  %util
dm-0             0.00      0.00     0.00   0.00    0.00     0.00  893.00   8048.00     0.00   0.00    0.30     9.01    0.00      0.00     0.00   0.00    0.00     0.00    0.00    0.00    0.27  22.00
dm-1             0.00      0.00     0.00   0.00    0.00     0.00  765.00   8048.00     0.00   0.00    0.33    10.52    0.00      0.00     0.00   0.00    0.00     0.00    0.00    0.00    0.25  21.90
nvme0n1          0.00      0.00     0.00   0.00    0.00     0.00  658.00   8048.00   235.00  26.32    0.33    12.23    0.00      0.00     0.00   0.00    0.00     0.00   97.00    1.02    0.32  20.20


avg-cpu:  %user   %nice %system %iowait  %steal   %idle
           0.68    0.00    0.43    0.26    0.00   98.62

Device            r/s     rkB/s   rrqm/s  %rrqm r_await rareq-sz     w/s     wkB/s   wrqm/s  %wrqm w_await wareq-sz     d/s     dkB/s   drqm/s  %drqm d_await dareq-sz     f/s f_await  aqu-sz  %util
dm-0             0.00      0.00     0.00   0.00    0.00     0.00  691.00   7312.00     0.00   0.00    0.50    10.58    0.00      0.00     0.00   0.00    0.00     0.00    0.00    0.00    0.35  18.90
dm-1             0.00      0.00     0.00   0.00    0.00     0.00  583.00   7312.00     0.00   0.00    0.53    12.54    0.00      0.00     0.00   0.00    0.00     0.00    0.00    0.00    0.31  19.00
nvme0n1          0.00      0.00     0.00   0.00    0.00     0.00  474.00   7312.00   217.00  31.40    0.38    15.43    0.00      0.00     0.00   0.00    0.00     0.00   73.00    1.00    0.25  16.20


avg-cpu:  %user   %nice %system %iowait  %steal   %idle
           0.77    0.00    0.46    0.33    0.00   98.44

Device            r/s     rkB/s   rrqm/s  %rrqm r_await rareq-sz     w/s     wkB/s   wrqm/s  %wrqm w_await wareq-sz     d/s     dkB/s   drqm/s  %drqm d_await dareq-sz     f/s f_await  aqu-sz  %util
dm-0             0.00      0.00     0.00   0.00    0.00     0.00  868.00   6616.00     0.00   0.00    0.34     7.62    0.00      0.00     0.00   0.00    0.00     0.00    0.00    0.00    0.30  23.30
dm-1             0.00      0.00     0.00   0.00    0.00     0.00  744.00   6600.00     0.00   0.00    0.37     8.87    0.00      0.00     0.00   0.00    0.00     0.00    0.00    0.00    0.28  23.30
nvme0n1          0.00      0.00     0.00   0.00    0.00     0.00  584.00   6600.00   280.00  32.41    0.36    11.30    0.00      0.00     0.00   0.00    0.00     0.00   96.00    0.98    0.30  19.50


avg-cpu:  %user   %nice %system %iowait  %steal   %idle
           0.72    0.00    0.47    0.29    0.00   98.51

Device            r/s     rkB/s   rrqm/s  %rrqm r_await rareq-sz     w/s     wkB/s   wrqm/s  %wrqm w_await wareq-sz     d/s     dkB/s   drqm/s  %drqm d_await dareq-sz     f/s f_await  aqu-sz  %util
dm-0             0.00      0.00     0.00   0.00    0.00     0.00  758.00   6172.00     0.00   0.00    0.40     8.14    0.00      0.00     0.00   0.00    0.00     0.00    0.00    0.00    0.31  21.20
dm-1             0.00      0.00     0.00   0.00    0.00     0.00  654.00   6188.00     0.00   0.00    0.44     9.46    0.00      0.00     0.00   0.00    0.00     0.00    0.00    0.00    0.29  21.30
nvme0n1          0.00      0.00     0.00   0.00    0.00     0.00  539.00   6188.00   223.00  29.27    0.36    11.48    0.00      0.00     0.00   0.00    0.00     0.00   84.00    1.00    0.28  18.50


avg-cpu:  %user   %nice %system %iowait  %steal   %idle
           0.82    0.00    0.47    0.26    0.00   98.44

Device            r/s     rkB/s   rrqm/s  %rrqm r_await rareq-sz     w/s     wkB/s   wrqm/s  %wrqm w_await wareq-sz     d/s     dkB/s   drqm/s  %drqm d_await dareq-sz     f/s f_await  aqu-sz  %util
dm-0             0.00      0.00     0.00   0.00    0.00     0.00  689.00   7572.00     0.00   0.00    0.46    10.99    0.00      0.00     0.00   0.00    0.00     0.00    0.00    0.00    0.32  19.30
dm-1             0.00      0.00     0.00   0.00    0.00     0.00  578.00   7552.00     0.00   0.00    0.48    13.07    0.00      0.00     0.00   0.00    0.00     0.00    0.00    0.00    0.28  19.60
nvme0n1          0.00      0.00     0.00   0.00    0.00     0.00  478.00   7552.00   210.00  30.52    0.36    15.80    0.00      0.00     0.00   0.00    0.00     0.00   74.00    1.00    0.25  16.10


avg-cpu:  %user   %nice %system %iowait  %steal   %idle
           0.77    0.00    0.46    0.32    0.00   98.46

Device            r/s     rkB/s   rrqm/s  %rrqm r_await rareq-sz     w/s     wkB/s   wrqm/s  %wrqm w_await wareq-sz     d/s     dkB/s   drqm/s  %drqm d_await dareq-sz     f/s f_await  aqu-sz  %util
dm-0             0.00      0.00     0.00   0.00    0.00     0.00  843.00   6844.00     0.00   0.00    0.43     8.12    0.00      0.00     0.00   0.00    0.00     0.00    0.00    0.00    0.36  23.00
dm-1             0.00      0.00     0.00   0.00    0.00     0.00  727.00   6864.00     0.00   0.00    0.46     9.44    0.00      0.00     0.00   0.00    0.00     0.00    0.00    0.00    0.33  23.30
nvme0n1          0.00      0.00     0.00   0.00    0.00     0.00  569.00   6864.00   275.00  32.58    0.38    12.06    0.00      0.00     0.00   0.00    0.00     0.00   92.00    1.00    0.31  19.70


avg-cpu:  %user   %nice %system %iowait  %steal   %idle
           0.95    0.00    0.45    0.29    0.00   98.32

Device            r/s     rkB/s   rrqm/s  %rrqm r_await rareq-sz     w/s     wkB/s   wrqm/s  %wrqm w_await wareq-sz     d/s     dkB/s   drqm/s  %drqm d_await dareq-sz     f/s f_await  aqu-sz  %util
dm-0             0.00      0.00     0.00   0.00    0.00     0.00  747.00   6324.00     0.00   0.00    0.40     8.47    0.00      0.00     0.00   0.00    0.00     0.00    0.00    0.00    0.30  21.90
dm-1             0.00      0.00     0.00   0.00    0.00     0.00  641.00   6324.00     0.00   0.00    0.43     9.87    0.00      0.00     0.00   0.00    0.00     0.00    0.00    0.00    0.28  21.90
nvme0n1          0.00      0.00     0.00   0.00    0.00     0.00  512.00   6324.00   235.00  31.46    0.38    12.35    0.00      0.00     0.00   0.00    0.00     0.00   82.00    1.01    0.28  17.90


avg-cpu:  %user   %nice %system %iowait  %steal   %idle
           0.72    0.00    0.49    0.29    0.00   98.50

Device            r/s     rkB/s   rrqm/s  %rrqm r_await rareq-sz     w/s     wkB/s   wrqm/s  %wrqm w_await wareq-sz     d/s     dkB/s   drqm/s  %drqm d_await dareq-sz     f/s f_await  aqu-sz  %util
dm-0             0.00      0.00     0.00   0.00    0.00     0.00  860.00  18268.00     0.00   0.00    0.49    21.24    0.00      0.00     0.00   0.00    0.00     0.00    0.00    0.00    0.42  21.60
dm-1             0.00      0.00     0.00   0.00    0.00     0.00  662.00  18268.00     0.00   0.00    0.44    27.60    0.00      0.00     0.00   0.00    0.00     0.00    0.00    0.00    0.29  21.60
nvme0n1          0.00      0.00     0.00   0.00    0.00     0.00  602.00  18268.00   258.00  30.00    0.34    30.35    0.00      0.00     0.00   0.00    0.00     0.00   82.00    1.02    0.29  18.00


avg-cpu:  %user   %nice %system %iowait  %steal   %idle
           0.71    0.00    0.46    0.31    0.00   98.52

Device            r/s     rkB/s   rrqm/s  %rrqm r_await rareq-sz     w/s     wkB/s   wrqm/s  %wrqm w_await wareq-sz     d/s     dkB/s   drqm/s  %drqm d_await dareq-sz     f/s f_await  aqu-sz  %util
dm-0             0.00      0.00     0.00   0.00    0.00     0.00  821.00   6756.00     0.00   0.00    0.38     8.23    0.00      0.00     0.00   0.00    0.00     0.00    0.00    0.00    0.31  22.10
dm-1             0.00      0.00     0.00   0.00    0.00     0.00  707.00   6756.00     0.00   0.00    0.38     9.56    0.00      0.00     0.00   0.00    0.00     0.00    0.00    0.00    0.27  22.10
nvme0n1          0.00      0.00     0.00   0.00    0.00     0.00  561.00   6756.00   260.00  31.67    0.39    12.04    0.00      0.00     0.00   0.00    0.00     0.00   88.00    1.01    0.31  19.40


avg-cpu:  %user   %nice %system %iowait  %steal   %idle
           0.86    0.00    0.47    0.28    0.00   98.39

Device            r/s     rkB/s   rrqm/s  %rrqm r_await rareq-sz     w/s     wkB/s   wrqm/s  %wrqm w_await wareq-sz     d/s     dkB/s   drqm/s  %drqm d_await dareq-sz     f/s f_await  aqu-sz  %util
dm-0             0.00      0.00     0.00   0.00    0.00     0.00  730.00   6420.00     0.00   0.00    0.41     8.79    0.00      0.00     0.00   0.00    0.00     0.00    0.00    0.00    0.30  19.50
dm-1             0.00      0.00     0.00   0.00    0.00     0.00  623.00   6420.00     0.00   0.00    0.45    10.30    0.00      0.00     0.00   0.00    0.00     0.00    0.00    0.00    0.28  19.60
nvme0n1          0.00      0.00     0.00   0.00    0.00     0.00  515.00   6420.00   215.00  29.45    0.36    12.47    0.00      0.00     0.00   0.00    0.00     0.00   81.00    1.00    0.27  16.60


avg-cpu:  %user   %nice %system %iowait  %steal   %idle
           0.86    0.00    0.47    0.31    0.00   98.36

Device            r/s     rkB/s   rrqm/s  %rrqm r_await rareq-sz     w/s     wkB/s   wrqm/s  %wrqm w_await wareq-sz     d/s     dkB/s   drqm/s  %drqm d_await dareq-sz     f/s f_await  aqu-sz  %util
dm-0             0.00      0.00     0.00   0.00    0.00     0.00  816.00   8572.00     0.00   0.00    0.42    10.50    0.00      0.00     0.00   0.00    0.00     0.00    0.00    0.00    0.35  22.90
dm-1             0.00      0.00     0.00   0.00    0.00     0.00  690.00   8572.00     0.00   0.00    0.44    12.42    0.00      0.00     0.00   0.00    0.00     0.00    0.00    0.00    0.31  23.10
nvme0n1          0.00      0.00     0.00   0.00    0.00     0.00  580.00   8572.00   236.00  28.92    0.37    14.78    0.00      0.00     0.00   0.00    0.00     0.00   87.00    1.05    0.31  19.40


avg-cpu:  %user   %nice %system %iowait  %steal   %idle
           0.97    0.00    0.45    0.31    0.00   98.27

Device            r/s     rkB/s   rrqm/s  %rrqm r_await rareq-sz     w/s     wkB/s   wrqm/s  %wrqm w_await wareq-sz     d/s     dkB/s   drqm/s  %drqm d_await dareq-sz     f/s f_await  aqu-sz  %util
dm-0             0.00      0.00     0.00   0.00    0.00     0.00  773.00   6676.00     0.00   0.00    0.41     8.64    0.00      0.00     0.00   0.00    0.00     0.00    0.00    0.00    0.32  21.60
dm-1             0.00      0.00     0.00   0.00    0.00     0.00  661.00   6676.00     0.00   0.00    0.44    10.10    0.00      0.00     0.00   0.00    0.00     0.00    0.00    0.00    0.29  21.90
nvme0n1          0.00      0.00     0.00   0.00    0.00     0.00  533.00   6676.00   240.00  31.05    0.38    12.53    0.00      0.00     0.00   0.00    0.00     0.00   86.00    1.01    0.29  18.20


avg-cpu:  %user   %nice %system %iowait  %steal   %idle
           0.71    0.00    0.47    0.28    0.00   98.54

Device            r/s     rkB/s   rrqm/s  %rrqm r_await rareq-sz     w/s     wkB/s   wrqm/s  %wrqm w_await wareq-sz     d/s     dkB/s   drqm/s  %drqm d_await dareq-sz     f/s f_await  aqu-sz  %util
dm-0             0.00      0.00     0.00   0.00    0.00     0.00  794.00   8656.00     0.00   0.00    0.42    10.90    0.00      0.00     0.00   0.00    0.00     0.00    0.00    0.00    0.33  21.10
dm-1             0.00      0.00     0.00   0.00    0.00     0.00  668.00   8656.00     0.00   0.00    0.44    12.96    0.00      0.00     0.00   0.00    0.00     0.00    0.00    0.00    0.29  21.20
nvme0n1          0.00      0.00     0.00   0.00    0.00     0.00  545.00   8656.00   249.00  31.36    0.37    15.88    0.00      0.00     0.00   0.00    0.00     0.00   85.00    0.99    0.29  18.20


avg-cpu:  %user   %nice %system %iowait  %steal   %idle
           0.77    0.00    0.49    0.32    0.00   98.43

Device            r/s     rkB/s   rrqm/s  %rrqm r_await rareq-sz     w/s     wkB/s   wrqm/s  %wrqm w_await wareq-sz     d/s     dkB/s   drqm/s  %drqm d_await dareq-sz     f/s f_await  aqu-sz  %util
dm-0             0.00      0.00     0.00   0.00    0.00     0.00  814.00   7008.00     0.00   0.00    0.41     8.61    0.00      0.00     0.00   0.00    0.00     0.00    0.00    0.00    0.34  22.60
dm-1             0.00      0.00     0.00   0.00    0.00     0.00  695.00   7004.00     0.00   0.00    0.44    10.08    0.00      0.00     0.00   0.00    0.00     0.00    0.00    0.00    0.31  23.00
nvme0n1          0.00      0.00     0.00   0.00    0.00     0.00  562.00   7008.00   251.00  30.87    0.38    12.47    0.00      0.00     0.00   0.00    0.00     0.00   90.00    1.04    0.30  19.50


avg-cpu:  %user   %nice %system %iowait  %steal   %idle
           0.70    0.00    0.42    0.29    0.00   98.59

Device            r/s     rkB/s   rrqm/s  %rrqm r_await rareq-sz     w/s     wkB/s   wrqm/s  %wrqm w_await wareq-sz     d/s     dkB/s   drqm/s  %drqm d_await dareq-sz     f/s f_await  aqu-sz  %util
dm-0             0.00      0.00     0.00   0.00    0.00     0.00  728.00   6680.00     0.00   0.00    0.45     9.18    0.00      0.00     0.00   0.00    0.00     0.00    0.00    0.00    0.33  20.30
dm-1             0.00      0.00     0.00   0.00    0.00     0.00  621.00   6684.00     0.00   0.00    0.49    10.76    0.00      0.00     0.00   0.00    0.00     0.00    0.00    0.00    0.30  20.80
nvme0n1          0.00      0.00     0.00   0.00    0.00     0.00  479.00   6680.00   250.00  34.29    0.40    13.95    0.00      0.00     0.00   0.00    0.00     0.00   80.00    1.01    0.27  18.40


avg-cpu:  %user   %nice %system %iowait  %steal   %idle
           0.70    0.00    0.49    0.31    0.00   98.51

Device            r/s     rkB/s   rrqm/s  %rrqm r_await rareq-sz     w/s     wkB/s   wrqm/s  %wrqm w_await wareq-sz     d/s     dkB/s   drqm/s  %drqm d_await dareq-sz     f/s f_await  aqu-sz  %util
dm-0             0.00      0.00     0.00   0.00    0.00     0.00  862.00   9168.00     0.00   0.00    0.43    10.64    0.00      0.00     0.00   0.00    0.00     0.00    0.00    0.00    0.37  22.50
dm-1             0.00      0.00     0.00   0.00    0.00     0.00  728.00   9168.00     0.00   0.00    0.44    12.59    0.00      0.00     0.00   0.00    0.00     0.00    0.00    0.00    0.32  22.80
nvme0n1          0.00      0.00     0.00   0.00    0.00     0.00  594.00   9168.00   268.00  31.09    0.36    15.43    0.00      0.00     0.00   0.00    0.00     0.00   92.00    0.98    0.31  20.00


avg-cpu:  %user   %nice %system %iowait  %steal   %idle
           0.68    0.00    0.64    0.31    0.00   98.37

Device            r/s     rkB/s   rrqm/s  %rrqm r_await rareq-sz     w/s     wkB/s   wrqm/s  %wrqm w_await wareq-sz     d/s     dkB/s   drqm/s  %drqm d_await dareq-sz     f/s f_await  aqu-sz  %util
dm-0             0.00      0.00     0.00   0.00    0.00     0.00  824.00   7232.00     0.00   0.00    0.39     8.78    0.00      0.00     0.00   0.00    0.00     0.00    0.00    0.00    0.32  22.10
dm-1             0.00      0.00     0.00   0.00    0.00     0.00  706.00   7232.00     0.00   0.00    0.40    10.24    0.00      0.00     0.00   0.00    0.00     0.00    0.00    0.00    0.28  22.40
nvme0n1          0.00      0.00     0.00   0.00    0.00     0.00  600.00   7232.00   224.00  27.18    0.35    12.05    0.00      0.00     0.00   0.00    0.00     0.00   90.00    1.04    0.30  19.80


avg-cpu:  %user   %nice %system %iowait  %steal   %idle
           0.71    0.00    0.49    0.29    0.00   98.51

Device            r/s     rkB/s   rrqm/s  %rrqm r_await rareq-sz     w/s     wkB/s   wrqm/s  %wrqm w_await wareq-sz     d/s     dkB/s   drqm/s  %drqm d_await dareq-sz     f/s f_await  aqu-sz  %util
dm-0             0.00      0.00     0.00   0.00    0.00     0.00  744.00   6928.00     0.00   0.00    0.49     9.31    0.00      0.00     0.00   0.00    0.00     0.00    0.00    0.00    0.36  20.50
dm-1             0.00      0.00     0.00   0.00    0.00     0.00  634.00   6928.00     0.00   0.00    0.53    10.93    0.00      0.00     0.00   0.00    0.00     0.00    0.00    0.00    0.34  20.80
nvme0n1          0.00      0.00     0.00   0.00    0.00     0.00  493.00   6928.00   251.00  33.74    0.39    14.05    0.00      0.00     0.00   0.00    0.00     0.00   81.00    0.99    0.27  17.10


avg-cpu:  %user   %nice %system %iowait  %steal   %idle
           0.71    0.00    0.47    0.25    0.00   98.57

Device            r/s     rkB/s   rrqm/s  %rrqm r_await rareq-sz     w/s     wkB/s   wrqm/s  %wrqm w_await wareq-sz     d/s     dkB/s   drqm/s  %drqm d_await dareq-sz     f/s f_await  aqu-sz  %util
dm-0             0.00      0.00     0.00   0.00    0.00     0.00  762.00   9032.00     0.00   0.00    0.42    11.85    0.00      0.00     0.00   0.00    0.00     0.00    0.00    0.00    0.32  20.30
dm-1             0.00      0.00     0.00   0.00    0.00     0.00  636.00   9028.00     0.00   0.00    0.40    14.19    0.00      0.00     0.00   0.00    0.00     0.00    0.00    0.00    0.26  20.30
nvme0n1          0.00      0.00     0.00   0.00    0.00     0.00  509.00   9028.00   252.00  33.11    0.38    17.74    0.00      0.00     0.00   0.00    0.00     0.00   80.00    0.97    0.27  16.80


avg-cpu:  %user   %nice %system %iowait  %steal   %idle
           0.67    0.00    0.40    0.31    0.00   98.62

Device            r/s     rkB/s   rrqm/s  %rrqm r_await rareq-sz     w/s     wkB/s   wrqm/s  %wrqm w_await wareq-sz     d/s     dkB/s   drqm/s  %drqm d_await dareq-sz     f/s f_await  aqu-sz  %util
dm-0             0.00      0.00     0.00   0.00    0.00     0.00  807.00   7268.00     0.00   0.00    0.47     9.01    0.00      0.00     0.00   0.00    0.00     0.00    0.00    0.00    0.38  22.60
dm-1             0.00      0.00     0.00   0.00    0.00     0.00  688.00   7272.00     0.00   0.00    0.51    10.57    0.00      0.00     0.00   0.00    0.00     0.00    0.00    0.00    0.35  22.80
nvme0n1          0.00      0.00     0.00   0.00    0.00     0.00  548.00   7272.00   260.00  32.18    0.37    13.27    0.00      0.00     0.00   0.00    0.00     0.00   90.00    0.97    0.29  19.40


avg-cpu:  %user   %nice %system %iowait  %steal   %idle
           0.63    0.00    0.46    0.29    0.00   98.62

Device            r/s     rkB/s   rrqm/s  %rrqm r_await rareq-sz     w/s     wkB/s   wrqm/s  %wrqm w_await wareq-sz     d/s     dkB/s   drqm/s  %drqm d_await dareq-sz     f/s f_await  aqu-sz  %util
dm-0             0.00      0.00     0.00   0.00    0.00     0.00  764.00   7176.00     0.00   0.00    0.41     9.39    0.00      0.00     0.00   0.00    0.00     0.00    0.00    0.00    0.32  20.80
dm-1             0.00      0.00     0.00   0.00    0.00     0.00  650.00   7176.00     0.00   0.00    0.44    11.04    0.00      0.00     0.00   0.00    0.00     0.00    0.00    0.00    0.29  20.80
nvme0n1          0.00      0.00     0.00   0.00    0.00     0.00  514.00   7176.00   250.00  32.72    0.38    13.96    0.00      0.00     0.00   0.00    0.00     0.00   84.00    0.99    0.28  17.90


avg-cpu:  %user   %nice %system %iowait  %steal   %idle
           0.70    0.00    0.46    0.33    0.00   98.51

Device            r/s     rkB/s   rrqm/s  %rrqm r_await rareq-sz     w/s     wkB/s   wrqm/s  %wrqm w_await wareq-sz     d/s     dkB/s   drqm/s  %drqm d_await dareq-sz     f/s f_await  aqu-sz  %util
dm-0             0.00      0.00     0.00   0.00    0.00     0.00  867.00   9692.00     0.00   0.00    0.43    11.18    0.00      0.00     0.00   0.00    0.00     0.00    0.00    0.00    0.38  23.70
dm-1             0.00      0.00     0.00   0.00    0.00     0.00  727.00   9688.00     0.00   0.00    0.45    13.33    0.00      0.00     0.00   0.00    0.00     0.00    0.00    0.00    0.33  23.80
nvme0n1          0.00      0.00     0.00   0.00    0.00     0.00  620.00   9688.00   246.00  28.41    0.36    15.63    0.00      0.00     0.00   0.00    0.00     0.00   94.00    1.04    0.33  20.20


avg-cpu:  %user   %nice %system %iowait  %steal   %idle
           0.64    0.00    0.49    0.26    0.00   98.61

Device            r/s     rkB/s   rrqm/s  %rrqm r_await rareq-sz     w/s     wkB/s   wrqm/s  %wrqm w_await wareq-sz     d/s     dkB/s   drqm/s  %drqm d_await dareq-sz     f/s f_await  aqu-sz  %util
dm-0             0.00      0.00     0.00   0.00    0.00     0.00  725.00   7120.00     0.00   0.00    0.41     9.82    0.00      0.00     0.00   0.00    0.00     0.00    0.00    0.00    0.30  18.50
dm-1             0.00      0.00     0.00   0.00    0.00     0.00  617.00   7124.00     0.00   0.00    0.44    11.55    0.00      0.00     0.00   0.00    0.00     0.00    0.00    0.00    0.27  18.60
nvme0n1          0.00      0.00     0.00   0.00    0.00     0.00  478.00   7124.00   248.00  34.16    0.38    14.90    0.00      0.00     0.00   0.00    0.00     0.00   79.00    1.01    0.26  16.30


avg-cpu:  %user   %nice %system %iowait  %steal   %idle
           0.67    0.00    0.47    0.28    0.00   98.58

Device            r/s     rkB/s   rrqm/s  %rrqm r_await rareq-sz     w/s     wkB/s   wrqm/s  %wrqm w_await wareq-sz     d/s     dkB/s   drqm/s  %drqm d_await dareq-sz     f/s f_await  aqu-sz  %util
dm-0             0.00      0.00     0.00   0.00    0.00     0.00  701.00   9212.00     0.00   0.00    0.44    13.14    0.00      0.00     0.00   0.00    0.00     0.00    0.00    0.00    0.30  20.10
dm-1             0.00      0.00     0.00   0.00    0.00     0.00  580.00   9212.00     0.00   0.00    0.44    15.88    0.00      0.00     0.00   0.00    0.00     0.00    0.00    0.00    0.25  20.20
nvme0n1          0.00      0.00     0.00   0.00    0.00     0.00  477.00   9212.00   224.00  31.95    0.40    19.31    0.00      0.00     0.00   0.00    0.00     0.00   73.00    1.16    0.28  16.70


avg-cpu:  %user   %nice %system %iowait  %steal   %idle
           0.67    0.00    0.50    0.32    0.00   98.51

Device            r/s     rkB/s   rrqm/s  %rrqm r_await rareq-sz     w/s     wkB/s   wrqm/s  %wrqm w_await wareq-sz     d/s     dkB/s   drqm/s  %drqm d_await dareq-sz     f/s f_await  aqu-sz  %util
dm-0             0.00      0.00     0.00   0.00    0.00     0.00  890.00   7904.00     0.00   0.00    0.41     8.88    0.00      0.00     0.00   0.00    0.00     0.00    0.00    0.00    0.36  24.30
dm-1             0.00      0.00     0.00   0.00    0.00     0.00  760.00   7904.00     0.00   0.00    0.42    10.40    0.00      0.00     0.00   0.00    0.00     0.00    0.00    0.00    0.32  24.40
nvme0n1          0.00      0.00     0.00   0.00    0.00     0.00  597.00   7904.00   293.00  32.92    0.37    13.24    0.00      0.00     0.00   0.00    0.00     0.00   98.00    1.01    0.32  20.50


avg-cpu:  %user   %nice %system %iowait  %steal   %idle
           0.74    0.00    0.46    0.24    0.00   98.57

Device            r/s     rkB/s   rrqm/s  %rrqm r_await rareq-sz     w/s     wkB/s   wrqm/s  %wrqm w_await wareq-sz     d/s     dkB/s   drqm/s  %drqm d_await dareq-sz     f/s f_await  aqu-sz  %util
dm-0             0.00      0.00     0.00   0.00    0.00     0.00  782.00   9716.00     0.00   0.00    0.51    12.42    0.00      0.00     0.00   0.00    0.00     0.00    0.00    0.00    0.40  17.60
dm-1             0.00      0.00     0.00   0.00    0.00     0.00  663.00   9716.00     0.00   0.00    0.52    14.65    0.00      0.00     0.00   0.00    0.00     0.00    0.00    0.00    0.35  17.60
nvme0n1          0.00      0.00     0.00   0.00    0.00     0.00  555.00   9716.00   227.00  29.03    0.40    17.51    0.00      0.00     0.00   0.00    0.00     0.00   71.00    1.00    0.29  15.30


avg-cpu:  %user   %nice %system %iowait  %steal   %idle
           0.70    0.00    0.46    0.31    0.00   98.54

Device            r/s     rkB/s   rrqm/s  %rrqm r_await rareq-sz     w/s     wkB/s   wrqm/s  %wrqm w_await wareq-sz     d/s     dkB/s   drqm/s  %drqm d_await dareq-sz     f/s f_await  aqu-sz  %util
dm-0             0.00      0.00     0.00   0.00    0.00     0.00  804.00   7688.00     0.00   0.00    0.44     9.56    0.00      0.00     0.00   0.00    0.00     0.00    0.00    0.00    0.35  22.10
dm-1             0.00      0.00     0.00   0.00    0.00     0.00  683.00   7688.00     0.00   0.00    0.47    11.26    0.00      0.00     0.00   0.00    0.00     0.00    0.00    0.00    0.32  22.30
nvme0n1          0.00      0.00     0.00   0.00    0.00     0.00  555.00   7688.00   249.00  30.97    0.37    13.85    0.00      0.00     0.00   0.00    0.00     0.00   88.00    1.01    0.29  19.50


avg-cpu:  %user   %nice %system %iowait  %steal   %idle
           0.65    0.00    0.43    0.29    0.00   98.62

Device            r/s     rkB/s   rrqm/s  %rrqm r_await rareq-sz     w/s     wkB/s   wrqm/s  %wrqm w_await wareq-sz     d/s     dkB/s   drqm/s  %drqm d_await dareq-sz     f/s f_await  aqu-sz  %util
dm-0             0.00      0.00     0.00   0.00    0.00     0.00  779.00   7628.00     0.00   0.00    0.45     9.79    0.00      0.00     0.00   0.00    0.00     0.00    0.00    0.00    0.35  21.90
dm-1             0.00      0.00     0.00   0.00    0.00     0.00  659.00   7616.00     0.00   0.00    0.46    11.56    0.00      0.00     0.00   0.00    0.00     0.00    0.00    0.00    0.30  21.90
nvme0n1          0.00      0.00     0.00   0.00    0.00     0.00  537.00   7616.00   241.00  30.98    0.37    14.18    0.00      0.00     0.00   0.00    0.00     0.00   85.00    1.00    0.28  17.50


avg-cpu:  %user   %nice %system %iowait  %steal   %idle
           0.70    0.00    0.47    0.28    0.00   98.55

Device            r/s     rkB/s   rrqm/s  %rrqm r_await rareq-sz     w/s     wkB/s   wrqm/s  %wrqm w_await wareq-sz     d/s     dkB/s   drqm/s  %drqm d_await dareq-sz     f/s f_await  aqu-sz  %util
dm-0             0.00      0.00     0.00   0.00    0.00     0.00  768.00   9900.00     0.00   0.00    0.54    12.89    0.00      0.00     0.00   0.00    0.00     0.00    0.00    0.00    0.41  21.10
dm-1             0.00      0.00     0.00   0.00    0.00     0.00  636.00   9912.00     0.00   0.00    0.55    15.58    0.00      0.00     0.00   0.00    0.00     0.00    0.00    0.00    0.35  21.70
nvme0n1          0.00      0.00     0.00   0.00    0.00     0.00  510.00   9912.00   259.00  33.68    0.38    19.44    0.00      0.00     0.00   0.00    0.00     0.00   80.00    1.01    0.28  18.50


avg-cpu:  %user   %nice %system %iowait  %steal   %idle
           0.68    0.00    0.46    0.31    0.00   98.55

Device            r/s     rkB/s   rrqm/s  %rrqm r_await rareq-sz     w/s     wkB/s   wrqm/s  %wrqm w_await wareq-sz     d/s     dkB/s   drqm/s  %drqm d_await dareq-sz     f/s f_await  aqu-sz  %util
dm-0             0.00      0.00     0.00   0.00    0.00     0.00  797.00   7836.00     0.00   0.00    0.41     9.83    0.00      0.00     0.00   0.00    0.00     0.00    0.00    0.00    0.32  21.80
dm-1             0.00      0.00     0.00   0.00    0.00     0.00  674.00   7836.00     0.00   0.00    0.43    11.63    0.00      0.00     0.00   0.00    0.00     0.00    0.00    0.00    0.29  22.00
nvme0n1          0.00      0.00     0.00   0.00    0.00     0.00  572.00   7836.00   225.00  28.23    0.35    13.70    0.00      0.00     0.00   0.00    0.00     0.00   87.00    1.01    0.29  18.80


avg-cpu:  %user   %nice %system %iowait  %steal   %idle
           0.77    0.00    0.47    0.28    0.00   98.48

Device            r/s     rkB/s   rrqm/s  %rrqm r_await rareq-sz     w/s     wkB/s   wrqm/s  %wrqm w_await wareq-sz     d/s     dkB/s   drqm/s  %drqm d_await dareq-sz     f/s f_await  aqu-sz  %util
dm-0             0.00      0.00     0.00   0.00    0.00     0.00  770.00  10080.00     0.00   0.00    0.43    13.09    0.00      0.00     0.00   0.00    0.00     0.00    0.00    0.00    0.33  20.50
dm-1             0.00      0.00     0.00   0.00    0.00     0.00  635.00  10080.00     0.00   0.00    0.44    15.87    0.00      0.00     0.00   0.00    0.00     0.00    0.00    0.00    0.28  20.90
nvme0n1          0.00      0.00     0.00   0.00    0.00     0.00  553.00  10080.00   217.00  28.18    0.37    18.23    0.00      0.00     0.00   0.00    0.00     0.00   81.00    1.01    0.29  18.10


avg-cpu:  %user   %nice %system %iowait  %steal   %idle
           0.72    0.00    0.47    0.36    0.00   98.44

Device            r/s     rkB/s   rrqm/s  %rrqm r_await rareq-sz     w/s     wkB/s   wrqm/s  %wrqm w_await wareq-sz     d/s     dkB/s   drqm/s  %drqm d_await dareq-sz     f/s f_await  aqu-sz  %util
dm-0             0.00      0.00     0.00   0.00    0.00     0.00  936.00   8496.00     0.00   0.00    0.42     9.08    0.00      0.00     0.00   0.00    0.00     0.00    0.00    0.00    0.40  26.20
dm-1             0.00      0.00     0.00   0.00    0.00     0.00  796.00   8496.00     0.00   0.00    0.45    10.67    0.00      0.00     0.00   0.00    0.00     0.00    0.00    0.00    0.36  26.20
nvme0n1          0.00      0.00     0.00   0.00    0.00     0.00  647.00   8496.00   289.00  30.88    0.37    13.13    0.00      0.00     0.00   0.00    0.00     0.00  104.00    1.02    0.35  22.80


avg-cpu:  %user   %nice %system %iowait  %steal   %idle
           0.74    0.00    0.49    0.29    0.00   98.48

Device            r/s     rkB/s   rrqm/s  %rrqm r_await rareq-sz     w/s     wkB/s   wrqm/s  %wrqm w_await wareq-sz     d/s     dkB/s   drqm/s  %drqm d_await dareq-sz     f/s f_await  aqu-sz  %util
dm-0             0.00      0.00     0.00   0.00    0.00     0.00  790.00   7952.00     0.00   0.00    0.50    10.07    0.00      0.00     0.00   0.00    0.00     0.00    0.00    0.00    0.39  21.50
dm-1             0.00      0.00     0.00   0.00    0.00     0.00  667.00   7952.00     0.00   0.00    0.53    11.92    0.00      0.00     0.00   0.00    0.00     0.00    0.00    0.00    0.35  21.70
nvme0n1          0.00      0.00     0.00   0.00    0.00     0.00  534.00   7952.00   256.00  32.41    0.39    14.89    0.00      0.00     0.00   0.00    0.00     0.00   87.00    1.01    0.29  19.30


avg-cpu:  %user   %nice %system %iowait  %steal   %idle
           0.60    0.00    0.49    0.35    0.00   98.57

Device            r/s     rkB/s   rrqm/s  %rrqm r_await rareq-sz     w/s     wkB/s   wrqm/s  %wrqm w_await wareq-sz     d/s     dkB/s   drqm/s  %drqm d_await dareq-sz     f/s f_await  aqu-sz  %util
dm-0             0.00      0.00     0.00   0.00    0.00     0.00  801.00   8036.00     0.00   0.00    0.47    10.03    0.00      0.00     0.00   0.00    0.00     0.00    0.00    0.00    0.37  23.70
dm-1             0.00      0.00     0.00   0.00    0.00     0.00  676.00   8036.00     0.00   0.00    0.51    11.89    0.00      0.00     0.00   0.00    0.00     0.00    0.00    0.00    0.34  24.40
nvme0n1          0.00      0.00     0.00   0.00    0.00     0.00  566.00   8036.00   235.00  29.34    0.40    14.20    0.00      0.00     0.00   0.00    0.00     0.00   89.00    1.16    0.33  20.60


avg-cpu:  %user   %nice %system %iowait  %steal   %idle
           0.70    0.00    0.42    0.28    0.00   98.61

Device            r/s     rkB/s   rrqm/s  %rrqm r_await rareq-sz     w/s     wkB/s   wrqm/s  %wrqm w_await wareq-sz     d/s     dkB/s   drqm/s  %drqm d_await dareq-sz     f/s f_await  aqu-sz  %util
dm-0             0.00      0.00     0.00   0.00    0.00     0.00  762.00  10372.00     0.00   0.00    0.49    13.61    0.00      0.00     0.00   0.00    0.00     0.00    0.00    0.00    0.37  20.40
dm-1             0.00      0.00     0.00   0.00    0.00     0.00  631.00  10372.00     0.00   0.00    0.46    16.44    0.00      0.00     0.00   0.00    0.00     0.00    0.00    0.00    0.29  20.60
nvme0n1          0.00      0.00     0.00   0.00    0.00     0.00  509.00  10372.00   253.00  33.20    0.39    20.38    0.00      0.00     0.00   0.00    0.00     0.00   77.00    1.10    0.29  17.90


avg-cpu:  %user   %nice %system %iowait  %steal   %idle
           0.67    0.00    0.45    0.32    0.00   98.57

Device            r/s     rkB/s   rrqm/s  %rrqm r_await rareq-sz     w/s     wkB/s   wrqm/s  %wrqm w_await wareq-sz     d/s     dkB/s   drqm/s  %drqm d_await dareq-sz     f/s f_await  aqu-sz  %util
dm-0             0.00      0.00     0.00   0.00    0.00     0.00  789.00   8120.00     0.00   0.00    0.48    10.29    0.00      0.00     0.00   0.00    0.00     0.00    0.00    0.00    0.38  22.20
dm-1             0.00      0.00     0.00   0.00    0.00     0.00  668.00   8120.00     0.00   0.00    0.51    12.16    0.00      0.00     0.00   0.00    0.00     0.00    0.00    0.00    0.34  22.90
nvme0n1          0.00      0.00     0.00   0.00    0.00     0.00  537.00   8120.00   252.00  31.94    0.39    15.12    0.00      0.00     0.00   0.00    0.00     0.00   85.00    1.09    0.30  19.40


avg-cpu:  %user   %nice %system %iowait  %steal   %idle
           0.68    0.00    0.42    0.28    0.00   98.62

Device            r/s     rkB/s   rrqm/s  %rrqm r_await rareq-sz     w/s     wkB/s   wrqm/s  %wrqm w_await wareq-sz     d/s     dkB/s   drqm/s  %drqm d_await dareq-sz     f/s f_await  aqu-sz  %util
dm-0             0.00      0.00     0.00   0.00    0.00     0.00  686.00   8368.00     0.00   0.00    0.50    12.20    0.00      0.00     0.00   0.00    0.00     0.00    0.00    0.00    0.34  19.30
dm-1             0.00      0.00     0.00   0.00    0.00     0.00  574.00   8368.00     0.00   0.00    0.53    14.58    0.00      0.00     0.00   0.00    0.00     0.00    0.00    0.00    0.30  19.60
nvme0n1          0.00      0.00     0.00   0.00    0.00     0.00  473.00   8368.00   213.00  31.05    0.39    17.69    0.00      0.00     0.00   0.00    0.00     0.00   72.00    1.07    0.26  16.40


avg-cpu:  %user   %nice %system %iowait  %steal   %idle
           0.67    0.00    0.49    0.32    0.00   98.52

Device            r/s     rkB/s   rrqm/s  %rrqm r_await rareq-sz     w/s     wkB/s   wrqm/s  %wrqm w_await wareq-sz     d/s     dkB/s   drqm/s  %drqm d_await dareq-sz     f/s f_await  aqu-sz  %util
dm-0             0.00      0.00     0.00   0.00    0.00     0.00  868.00  10652.00     0.00   0.00    0.37    12.27    0.00      0.00     0.00   0.00    0.00     0.00    0.00    0.00    0.32  22.10
dm-1             0.00      0.00     0.00   0.00    0.00     0.00  727.00  10652.00     0.00   0.00    0.38    14.65    0.00      0.00     0.00   0.00    0.00     0.00    0.00    0.00    0.28  23.00
nvme0n1          0.00      0.00     0.00   0.00    0.00     0.00  598.00  10652.00   270.00  31.11    0.37    17.81    0.00      0.00     0.00   0.00    0.00     0.00   90.00    1.07    0.32  19.40


avg-cpu:  %user   %nice %system %iowait  %steal   %idle
           0.65    0.00    0.49    0.32    0.00   98.54

Device            r/s     rkB/s   rrqm/s  %rrqm r_await rareq-sz     w/s     wkB/s   wrqm/s  %wrqm w_await wareq-sz     d/s     dkB/s   drqm/s  %drqm d_await dareq-sz     f/s f_await  aqu-sz  %util
dm-0             0.00      0.00     0.00   0.00    0.00     0.00  892.00  18780.00     0.00   0.00    0.50    21.05    0.00      0.00     0.00   0.00    0.00     0.00    0.00    0.00    0.45  23.00
dm-1             0.00      0.00     0.00   0.00    0.00     0.00  689.00  18780.00     0.00   0.00    0.52    27.26    0.00      0.00     0.00   0.00    0.00     0.00    0.00    0.00    0.36  23.50
nvme0n1          0.00      0.00     0.00   0.00    0.00     0.00  631.00  18780.00   261.00  29.26    0.34    29.76    0.00      0.00     0.00   0.00    0.00     0.00   88.00    1.08    0.31  19.00


avg-cpu:  %user   %nice %system %iowait  %steal   %idle
           0.67    0.00    0.49    0.28    0.00   98.57

Device            r/s     rkB/s   rrqm/s  %rrqm r_await rareq-sz     w/s     wkB/s   wrqm/s  %wrqm w_await wareq-sz     d/s     dkB/s   drqm/s  %drqm d_await dareq-sz     f/s f_await  aqu-sz  %util
dm-0             0.00      0.00     0.00   0.00    0.00     0.00  719.00   8024.00     0.00   0.00    0.51    11.16    0.00      0.00     0.00   0.00    0.00     0.00    0.00    0.00    0.36  20.70
dm-1             0.00      0.00     0.00   0.00    0.00     0.00  604.00   8024.00     0.00   0.00    0.54    13.28    0.00      0.00     0.00   0.00    0.00     0.00    0.00    0.00    0.33  21.00
nvme0n1          0.00      0.00     0.00   0.00    0.00     0.00  483.00   8024.00   236.00  32.82    0.39    16.61    0.00      0.00     0.00   0.00    0.00     0.00   77.00    1.10    0.27  17.80


avg-cpu:  %user   %nice %system %iowait  %steal   %idle
           0.71    0.00    0.43    0.29    0.00   98.57

Device            r/s     rkB/s   rrqm/s  %rrqm r_await rareq-sz     w/s     wkB/s   wrqm/s  %wrqm w_await wareq-sz     d/s     dkB/s   drqm/s  %drqm d_await dareq-sz     f/s f_await  aqu-sz  %util
dm-0             0.00      0.00     0.00   0.00    0.00     0.00  787.00  10984.00     0.00   0.00    0.47    13.96    0.00      0.00     0.00   0.00    0.00     0.00    0.00    0.00    0.37  21.30
dm-1             0.00      0.00     0.00   0.00    0.00     0.00  649.00  10984.00     0.00   0.00    0.45    16.92    0.00      0.00     0.00   0.00    0.00     0.00    0.00    0.00    0.29  21.60
nvme0n1          0.00      0.00     0.00   0.00    0.00     0.00  542.00  10984.00   244.00  31.04    0.37    20.27    0.00      0.00     0.00   0.00    0.00     0.00   80.00    1.05    0.29  17.80


avg-cpu:  %user   %nice %system %iowait  %steal   %idle
           0.75    0.00    0.49    0.28    0.00   98.48

Device            r/s     rkB/s   rrqm/s  %rrqm r_await rareq-sz     w/s     wkB/s   wrqm/s  %wrqm w_await wareq-sz     d/s     dkB/s   drqm/s  %drqm d_await dareq-sz     f/s f_await  aqu-sz  %util
dm-0             0.00      0.00     0.00   0.00    0.00     0.00  748.00   8264.00     0.00   0.00    0.51    11.05    0.00      0.00     0.00   0.00    0.00     0.00    0.00    0.00    0.38  20.90
dm-1             0.00      0.00     0.00   0.00    0.00     0.00  629.00   8264.00     0.00   0.00    0.52    13.14    0.00      0.00     0.00   0.00    0.00     0.00    0.00    0.00    0.33  21.20
nvme0n1          0.00      0.00     0.00   0.00    0.00     0.00  513.00   8264.00   236.00  31.51    0.38    16.11    0.00      0.00     0.00   0.00    0.00     0.00   82.00    1.04    0.28  18.30


avg-cpu:  %user   %nice %system %iowait  %steal   %idle
           0.67    0.00    0.47    0.29    0.00   98.57

Device            r/s     rkB/s   rrqm/s  %rrqm r_await rareq-sz     w/s     wkB/s   wrqm/s  %wrqm w_await wareq-sz     d/s     dkB/s   drqm/s  %drqm d_await dareq-sz     f/s f_await  aqu-sz  %util
dm-0             0.00      0.00     0.00   0.00    0.00     0.00  792.00   8544.00     0.00   0.00    0.39    10.79    0.00      0.00     0.00   0.00    0.00     0.00    0.00    0.00    0.31  20.90
dm-1             0.00      0.00     0.00   0.00    0.00     0.00  668.00   8544.00     0.00   0.00    0.39    12.79    0.00      0.00     0.00   0.00    0.00     0.00    0.00    0.00    0.26  21.20
nvme0n1          0.00      0.00     0.00   0.00    0.00     0.00  546.00   8544.00   246.00  31.06    0.36    15.65    0.00      0.00     0.00   0.00    0.00     0.00   86.00    1.03    0.29  18.00


avg-cpu:  %user   %nice %system %iowait  %steal   %idle
           0.78    0.00    0.46    0.29    0.00   98.47

Device            r/s     rkB/s   rrqm/s  %rrqm r_await rareq-sz     w/s     wkB/s   wrqm/s  %wrqm w_await wareq-sz     d/s     dkB/s   drqm/s  %drqm d_await dareq-sz     f/s f_await  aqu-sz  %util
dm-0             0.00      0.00     0.00   0.00    0.00     0.00  812.00  11324.00     0.00   0.00    0.41    13.95    0.00      0.00     0.00   0.00    0.00     0.00    0.00    0.00    0.33  21.30
dm-1             0.00      0.00     0.00   0.00    0.00     0.00  670.00  11324.00     0.00   0.00    0.40    16.90    0.00      0.00     0.00   0.00    0.00     0.00    0.00    0.00    0.27  21.80
nvme0n1          0.00      0.00     0.00   0.00    0.00     0.00  585.00  11324.00   226.00  27.87    0.37    19.36    0.00      0.00     0.00   0.00    0.00     0.00   84.00    1.10    0.31  18.50


avg-cpu:  %user   %nice %system %iowait  %steal   %idle
           0.72    0.00    0.43    0.28    0.00   98.57

Device            r/s     rkB/s   rrqm/s  %rrqm r_await rareq-sz     w/s     wkB/s   wrqm/s  %wrqm w_await wareq-sz     d/s     dkB/s   drqm/s  %drqm d_await dareq-sz     f/s f_await  aqu-sz  %util
dm-0             0.00      0.00     0.00   0.00    0.00     0.00  781.00   8564.00     0.00   0.00    0.38    10.97    0.00      0.00     0.00   0.00    0.00     0.00    0.00    0.00    0.29  20.10
dm-1             0.00      0.00     0.00   0.00    0.00     0.00  656.00   8564.00     0.00   0.00    0.37    13.05    0.00      0.00     0.00   0.00    0.00     0.00    0.00    0.00    0.24  20.10
nvme0n1          0.00      0.00     0.00   0.00    0.00     0.00  590.00   8564.00   192.00  24.55    0.34    14.52    0.00      0.00     0.00   0.00    0.00     0.00   86.00    1.01    0.29  18.70


avg-cpu:  %user   %nice %system %iowait  %steal   %idle
           0.92    0.00    0.46    0.26    0.00   98.36

Device            r/s     rkB/s   rrqm/s  %rrqm r_await rareq-sz     w/s     wkB/s   wrqm/s  %wrqm w_await wareq-sz     d/s     dkB/s   drqm/s  %drqm d_await dareq-sz     f/s f_await  aqu-sz  %util
dm-0             0.00      0.00     0.00   0.00    0.00     0.00  695.00   8756.00     0.00   0.00    0.48    12.60    0.00      0.00     0.00   0.00    0.00     0.00    0.00    0.00    0.33  19.60
dm-1             0.00      0.00     0.00   0.00    0.00     0.00  578.00   8756.00     0.00   0.00    0.49    15.15    0.00      0.00     0.00   0.00    0.00     0.00    0.00    0.00    0.29  20.00
nvme0n1          0.00      0.00     0.00   0.00    0.00     0.00  472.00   8756.00   223.00  32.09    0.41    18.55    0.00      0.00     0.00   0.00    0.00     0.00   74.00    1.15    0.28  16.30


avg-cpu:  %user   %nice %system %iowait  %steal   %idle
           0.75    0.00    0.67    0.31    0.00   98.27

Device            r/s     rkB/s   rrqm/s  %rrqm r_await rareq-sz     w/s     wkB/s   wrqm/s  %wrqm w_await wareq-sz     d/s     dkB/s   drqm/s  %drqm d_await dareq-sz     f/s f_await  aqu-sz  %util
dm-0             0.00      0.00     0.00   0.00    0.00     0.00  813.00  11092.00     0.00   0.00    0.42    13.64    0.00      0.00     0.00   0.00    0.00     0.00    0.00    0.00    0.34  21.10
dm-1             0.00      0.00     0.00   0.00    0.00     0.00  671.00  11092.00     0.00   0.00    0.39    16.53    0.00      0.00     0.00   0.00    0.00     0.00    0.00    0.00    0.27  21.50
nvme0n1          0.00      0.00     0.00   0.00    0.00     0.00  593.00  11092.00   220.00  27.06    0.37    18.70    0.00      0.00     0.00   0.00    0.00     0.00   85.00    1.08    0.31  18.30


avg-cpu:  %user   %nice %system %iowait  %steal   %idle
           0.85    0.00    0.43    0.28    0.00   98.44

Device            r/s     rkB/s   rrqm/s  %rrqm r_await rareq-sz     w/s     wkB/s   wrqm/s  %wrqm w_await wareq-sz     d/s     dkB/s   drqm/s  %drqm d_await dareq-sz     f/s f_await  aqu-sz  %util
dm-0             0.00      0.00     0.00   0.00    0.00     0.00  808.00   8856.00     0.00   0.00    0.36    10.96    0.00      0.00     0.00   0.00    0.00     0.00    0.00    0.00    0.29  20.40
dm-1             0.00      0.00     0.00   0.00    0.00     0.00  680.00   8856.00     0.00   0.00    0.36    13.02    0.00      0.00     0.00   0.00    0.00     0.00    0.00    0.00    0.24  20.50
nvme0n1          0.00      0.00     0.00   0.00    0.00     0.00  645.00   8856.00   163.00  20.17    0.31    13.73    0.00      0.00     0.00   0.00    0.00     0.00   88.00    1.03    0.29  18.80


avg-cpu:  %user   %nice %system %iowait  %steal   %idle
           0.74    0.00    0.46    0.25    0.00   98.55

Device            r/s     rkB/s   rrqm/s  %rrqm r_await rareq-sz     w/s     wkB/s   wrqm/s  %wrqm w_await wareq-sz     d/s     dkB/s   drqm/s  %drqm d_await dareq-sz     f/s f_await  aqu-sz  %util
dm-0             0.00      0.00     0.00   0.00    0.00     0.00  765.00  11612.00     0.00   0.00    0.44    15.18    0.00      0.00     0.00   0.00    0.00     0.00    0.00    0.00    0.34  18.90
dm-1             0.00      0.00     0.00   0.00    0.00     0.00  626.00  11612.00     0.00   0.00    0.39    18.55    0.00      0.00     0.00   0.00    0.00     0.00    0.00    0.00    0.25  19.00
nvme0n1          0.00      0.00     0.00   0.00    0.00     0.00  612.00  11612.00   153.00  20.00    0.31    18.97    0.00      0.00     0.00   0.00    0.00     0.00   79.00    0.99    0.27  16.80


avg-cpu:  %user   %nice %system %iowait  %steal   %idle
           0.74    0.00    0.49    0.31    0.00   98.47

Device            r/s     rkB/s   rrqm/s  %rrqm r_await rareq-sz     w/s     wkB/s   wrqm/s  %wrqm w_await wareq-sz     d/s     dkB/s   drqm/s  %drqm d_await dareq-sz     f/s f_await  aqu-sz  %util
dm-0             0.00      0.00     0.00   0.00    0.00     0.00  885.00   9312.00     0.00   0.00    0.43    10.52    0.00      0.00     0.00   0.00    0.00     0.00    0.00    0.00    0.38  22.80
dm-1             0.00      0.00     0.00   0.00    0.00     0.00  750.00   9312.00     0.00   0.00    0.43    12.42    0.00      0.00     0.00   0.00    0.00     0.00    0.00    0.00    0.32  22.90
nvme0n1          0.00      0.00     0.00   0.00    0.00     0.00  681.00   9312.00   204.00  23.05    0.32    13.67    0.00      0.00     0.00   0.00    0.00     0.00   94.00    1.00    0.31  18.70


avg-cpu:  %user   %nice %system %iowait  %steal   %idle
           0.67    0.00    0.43    0.28    0.00   98.62

Device            r/s     rkB/s   rrqm/s  %rrqm r_await rareq-sz     w/s     wkB/s   wrqm/s  %wrqm w_await wareq-sz     d/s     dkB/s   drqm/s  %drqm d_await dareq-sz     f/s f_await  aqu-sz  %util
dm-0             0.00      0.00     0.00   0.00    0.00     0.00  800.00   8964.00     0.00   0.00    0.33    11.21    0.00      0.00     0.00   0.00    0.00     0.00    0.00    0.00    0.26  20.30
dm-1             0.00      0.00     0.00   0.00    0.00     0.00  669.00   8964.00     0.00   0.00    0.33    13.40    0.00      0.00     0.00   0.00    0.00     0.00    0.00    0.00    0.22  20.40
nvme0n1          0.00      0.00     0.00   0.00    0.00     0.00  686.00   8964.00   114.00  14.25    0.30    13.07    0.00      0.00     0.00   0.00    0.00     0.00   89.00    1.01    0.29  17.60


avg-cpu:  %user   %nice %system %iowait  %steal   %idle
           0.74    0.00    0.46    0.24    0.00   98.57

Device            r/s     rkB/s   rrqm/s  %rrqm r_await rareq-sz     w/s     wkB/s   wrqm/s  %wrqm w_await wareq-sz     d/s     dkB/s   drqm/s  %drqm d_await dareq-sz     f/s f_await  aqu-sz  %util
dm-0             0.00      0.00     0.00   0.00    0.00     0.00  712.00  11600.00     0.00   0.00    0.40    16.29    0.00      0.00     0.00   0.00    0.00     0.00    0.00    0.00    0.29  17.70
dm-1             0.00      0.00     0.00   0.00    0.00     0.00  576.00  11600.00     0.00   0.00    0.37    20.14    0.00      0.00     0.00   0.00    0.00     0.00    0.00    0.00    0.21  17.70
nvme0n1          0.00      0.00     0.00   0.00    0.00     0.00  592.00  11600.00   120.00  16.85    0.30    19.59    0.00      0.00     0.00   0.00    0.00     0.00   73.00    1.00    0.25  15.50


avg-cpu:  %user   %nice %system %iowait  %steal   %idle
           0.70    0.00    0.46    0.31    0.00   98.54

Device            r/s     rkB/s   rrqm/s  %rrqm r_await rareq-sz     w/s     wkB/s   wrqm/s  %wrqm w_await wareq-sz     d/s     dkB/s   drqm/s  %drqm d_await dareq-sz     f/s f_await  aqu-sz  %util
dm-0             0.00      0.00     0.00   0.00    0.00     0.00  856.00   9384.00     0.00   0.00    0.39    10.96    0.00      0.00     0.00   0.00    0.00     0.00    0.00    0.00    0.33  21.80
dm-1             0.00      0.00     0.00   0.00    0.00     0.00  721.00   9384.00     0.00   0.00    0.41    13.02    0.00      0.00     0.00   0.00    0.00     0.00    0.00    0.00    0.30  22.40
nvme0n1          0.00      0.00     0.00   0.00    0.00     0.00  628.00   9384.00   228.00  26.64    0.35    14.94    0.00      0.00     0.00   0.00    0.00     0.00   93.00    1.02    0.31  19.50


avg-cpu:  %user   %nice %system %iowait  %steal   %idle
           0.85    0.00    0.46    0.28    0.00   98.41

Device            r/s     rkB/s   rrqm/s  %rrqm r_await rareq-sz     w/s     wkB/s   wrqm/s  %wrqm w_await wareq-sz     d/s     dkB/s   drqm/s  %drqm d_await dareq-sz     f/s f_await  aqu-sz  %util
dm-0             0.00      0.00     0.00   0.00    0.00     0.00  791.00   9612.00     0.00   0.00    0.41    12.15    0.00      0.00     0.00   0.00    0.00     0.00    0.00    0.00    0.33  20.20
dm-1             0.00      0.00     0.00   0.00    0.00     0.00  659.00   9612.00     0.00   0.00    0.39    14.59    0.00      0.00     0.00   0.00    0.00     0.00    0.00    0.00    0.25  20.60
nvme0n1          0.00      0.00     0.00   0.00    0.00     0.00  574.00   9612.00   217.00  27.43    0.36    16.75    0.00      0.00     0.00   0.00    0.00     0.00   84.00    1.01    0.29  17.40


avg-cpu:  %user   %nice %system %iowait  %steal   %idle
           0.97    0.00    0.51    0.28    0.00   98.23

Device            r/s     rkB/s   rrqm/s  %rrqm r_await rareq-sz     w/s     wkB/s   wrqm/s  %wrqm w_await wareq-sz     d/s     dkB/s   drqm/s  %drqm d_await dareq-sz     f/s f_await  aqu-sz  %util
dm-0             0.00      0.00     0.00   0.00    0.00     0.00  853.00  11908.00     0.00   0.00    0.44    13.96    0.00      0.00     0.00   0.00    0.00     0.00    0.00    0.00    0.37  21.30
dm-1             0.00      0.00     0.00   0.00    0.00     0.00  703.00  11908.00     0.00   0.00    0.42    16.94    0.00      0.00     0.00   0.00    0.00     0.00    0.00    0.00    0.29  21.40
nvme0n1          0.00      0.00     0.00   0.00    0.00     0.00  718.00  11908.00   135.00  15.83    0.29    16.58    0.00      0.00     0.00   0.00    0.00     0.00   88.00    0.99    0.29  18.50


avg-cpu:  %user   %nice %system %iowait  %steal   %idle
           0.72    0.00    0.49    0.26    0.00   98.52

Device            r/s     rkB/s   rrqm/s  %rrqm r_await rareq-sz     w/s     wkB/s   wrqm/s  %wrqm w_await wareq-sz     d/s     dkB/s   drqm/s  %drqm d_await dareq-sz     f/s f_await  aqu-sz  %util
dm-0             0.00      0.00     0.00   0.00    0.00     0.00  862.00   9488.00     0.00   0.00    0.34    11.01    0.00      0.00     0.00   0.00    0.00     0.00    0.00    0.00    0.29  19.60
dm-1             0.00      0.00     0.00   0.00    0.00     0.00  734.00   9488.00     0.00   0.00    0.31    12.93    0.00      0.00     0.00   0.00    0.00     0.00    0.00    0.00    0.23  19.60
nvme0n1          0.00      0.00     0.00   0.00    0.00     0.00  717.00   9488.00   145.00  16.82    0.26    13.23    0.00      0.00     0.00   0.00    0.00     0.00   82.00    0.99    0.27  17.00


avg-cpu:  %user   %nice %system %iowait  %steal   %idle
           0.95    0.00    0.47    0.26    0.00   98.32

Device            r/s     rkB/s   rrqm/s  %rrqm r_await rareq-sz     w/s     wkB/s   wrqm/s  %wrqm w_await wareq-sz     d/s     dkB/s   drqm/s  %drqm d_await dareq-sz     f/s f_await  aqu-sz  %util
dm-0             0.00      0.00     0.00   0.00    0.00     0.00  827.00  12476.00     0.00   0.00    0.38    15.09    0.00      0.00     0.00   0.00    0.00     0.00    0.00    0.00    0.32  20.20
dm-1             0.00      0.00     0.00   0.00    0.00     0.00  674.00  12476.00     0.00   0.00    0.34    18.51    0.00      0.00     0.00   0.00    0.00     0.00    0.00    0.00    0.23  20.50
nvme0n1          0.00      0.00     0.00   0.00    0.00     0.00  689.00  12476.00   138.00  16.69    0.29    18.11    0.00      0.00     0.00   0.00    0.00     0.00   84.00    0.99    0.29  17.40


avg-cpu:  %user   %nice %system %iowait  %steal   %idle
           0.64    0.00    0.46    0.32    0.00   98.58

Device            r/s     rkB/s   rrqm/s  %rrqm r_await rareq-sz     w/s     wkB/s   wrqm/s  %wrqm w_await wareq-sz     d/s     dkB/s   drqm/s  %drqm d_await dareq-sz     f/s f_await  aqu-sz  %util
dm-0             0.00      0.00     0.00   0.00    0.00     0.00  825.00   9500.00     0.00   0.00    0.47    11.52    0.00      0.00     0.00   0.00    0.00     0.00    0.00    0.00    0.38  22.70
dm-1             0.00      0.00     0.00   0.00    0.00     0.00  688.00   9488.00     0.00   0.00    0.49    13.79    0.00      0.00     0.00   0.00    0.00     0.00    0.00    0.00    0.34  23.20
nvme0n1          0.00      0.00     0.00   0.00    0.00     0.00  589.00   9488.00   235.00  28.52    0.37    16.11    0.00      0.00     0.00   0.00    0.00     0.00   90.00    1.09    0.32  19.80


avg-cpu:  %user   %nice %system %iowait  %steal   %idle
           0.97    0.00    0.52    0.26    0.00   98.25

Device            r/s     rkB/s   rrqm/s  %rrqm r_await rareq-sz     w/s     wkB/s   wrqm/s  %wrqm w_await wareq-sz     d/s     dkB/s   drqm/s  %drqm d_await dareq-sz     f/s f_await  aqu-sz  %util
dm-0             0.00      0.00     0.00   0.00    0.00     0.00  747.00   9732.00     0.00   0.00    0.39    13.03    0.00      0.00     0.00   0.00    0.00     0.00    0.00    0.00    0.29  19.10
dm-1             0.00      0.00     0.00   0.00    0.00     0.00  619.00   9744.00     0.00   0.00    0.36    15.74    0.00      0.00     0.00   0.00    0.00     0.00    0.00    0.00    0.22  19.50
nvme0n1          0.00      0.00     0.00   0.00    0.00     0.00  530.00   9744.00   218.00  29.14    0.36    18.38    0.00      0.00     0.00   0.00    0.00     0.00   79.00    1.00    0.27  17.50


avg-cpu:  %user   %nice %system %iowait  %steal   %idle
           0.82    0.00    0.42    0.31    0.00   98.45

Device            r/s     rkB/s   rrqm/s  %rrqm r_await rareq-sz     w/s     wkB/s   wrqm/s  %wrqm w_await wareq-sz     d/s     dkB/s   drqm/s  %drqm d_await dareq-sz     f/s f_await  aqu-sz  %util
dm-0             0.00      0.00     0.00   0.00    0.00     0.00  830.00  12212.00     0.00   0.00    0.47    14.71    0.00      0.00     0.00   0.00    0.00     0.00    0.00    0.00    0.39  22.60
dm-1             0.00      0.00     0.00   0.00    0.00     0.00  678.00  12212.00     0.00   0.00    0.47    18.01    0.00      0.00     0.00   0.00    0.00     0.00    0.00    0.00    0.32  23.40
nvme0n1          0.00      0.00     0.00   0.00    0.00     0.00  590.00  12212.00   239.00  28.83    0.38    20.70    0.00      0.00     0.00   0.00    0.00     0.00   86.00    1.08    0.31  19.80


avg-cpu:  %user   %nice %system %iowait  %steal   %idle
           0.81    0.00    0.46    0.31    0.00   98.43

Device            r/s     rkB/s   rrqm/s  %rrqm r_await rareq-sz     w/s     wkB/s   wrqm/s  %wrqm w_await wareq-sz     d/s     dkB/s   drqm/s  %drqm d_await dareq-sz     f/s f_await  aqu-sz  %util
dm-0             0.00      0.00     0.00   0.00    0.00     0.00  836.00   9712.00     0.00   0.00    0.45    11.62    0.00      0.00     0.00   0.00    0.00     0.00    0.00    0.00    0.37  23.10
dm-1             0.00      0.00     0.00   0.00    0.00     0.00  698.00   9712.00     0.00   0.00    0.45    13.91    0.00      0.00     0.00   0.00    0.00     0.00    0.00    0.00    0.32  23.30
nvme0n1          0.00      0.00     0.00   0.00    0.00     0.00  591.00   9712.00   246.00  29.39    0.37    16.43    0.00      0.00     0.00   0.00    0.00     0.00   91.00    1.08    0.31  20.40


avg-cpu:  %user   %nice %system %iowait  %steal   %idle
           0.72    0.00    0.45    0.32    0.00   98.51

Device            r/s     rkB/s   rrqm/s  %rrqm r_await rareq-sz     w/s     wkB/s   wrqm/s  %wrqm w_await wareq-sz     d/s     dkB/s   drqm/s  %drqm d_await dareq-sz     f/s f_await  aqu-sz  %util
dm-0             0.00      0.00     0.00   0.00    0.00     0.00  784.00   9544.00     0.00   0.00    0.40    12.17    0.00      0.00     0.00   0.00    0.00     0.00    0.00    0.00    0.31  22.90
dm-1             0.00      0.00     0.00   0.00    0.00     0.00  652.00   9544.00     0.00   0.00    0.39    14.64    0.00      0.00     0.00   0.00    0.00     0.00    0.00    0.00    0.26  23.00
nvme0n1          0.00      0.00     0.00   0.00    0.00     0.00  610.00   9544.00   174.00  22.19    0.36    15.65    0.00      0.00     0.00   0.00    0.00     0.00   84.00    1.20    0.32  20.00


avg-cpu:  %user   %nice %system %iowait  %steal   %idle
           0.71    0.00    0.46    0.28    0.00   98.55

Device            r/s     rkB/s   rrqm/s  %rrqm r_await rareq-sz     w/s     wkB/s   wrqm/s  %wrqm w_await wareq-sz     d/s     dkB/s   drqm/s  %drqm d_await dareq-sz     f/s f_await  aqu-sz  %util
dm-0             0.00      0.00     0.00   0.00    0.00     0.00  817.00   9720.00     0.00   0.00    0.40    11.90    0.00      0.00     0.00   0.00    0.00     0.00    0.00    0.00    0.33  20.60
dm-1             0.00      0.00     0.00   0.00    0.00     0.00  682.00   9720.00     0.00   0.00    0.39    14.25    0.00      0.00     0.00   0.00    0.00     0.00    0.00    0.00    0.27  20.60
nvme0n1          0.00      0.00     0.00   0.00    0.00     0.00  682.00   9720.00   135.00  16.52    0.30    14.25    0.00      0.00     0.00   0.00    0.00     0.00   87.00    0.99    0.29  18.50


avg-cpu:  %user   %nice %system %iowait  %steal   %idle
           0.71    0.00    0.42    0.22    0.00   98.65

Device            r/s     rkB/s   rrqm/s  %rrqm r_await rareq-sz     w/s     wkB/s   wrqm/s  %wrqm w_await wareq-sz     d/s     dkB/s   drqm/s  %drqm d_await dareq-sz     f/s f_await  aqu-sz  %util
dm-0             0.00      0.00     0.00   0.00    0.00     0.00  701.00  12552.00     0.00   0.00    0.39    17.91    0.00      0.00     0.00   0.00    0.00     0.00    0.00    0.00    0.28  17.20
dm-1             0.00      0.00     0.00   0.00    0.00     0.00  559.00  12552.00     0.00   0.00    0.35    22.45    0.00      0.00     0.00   0.00    0.00     0.00    0.00    0.00    0.19  17.30
nvme0n1          0.00      0.00     0.00   0.00    0.00     0.00  558.00  12552.00   143.00  20.40    0.32    22.49    0.00      0.00     0.00   0.00    0.00     0.00   70.00    1.03    0.25  14.80


avg-cpu:  %user   %nice %system %iowait  %steal   %idle
           0.92    0.00    0.53    0.32    0.00   98.23

Device            r/s     rkB/s   rrqm/s  %rrqm r_await rareq-sz     w/s     wkB/s   wrqm/s  %wrqm w_await wareq-sz     d/s     dkB/s   drqm/s  %drqm d_await dareq-sz     f/s f_await  aqu-sz  %util
dm-0             0.00      0.00     0.00   0.00    0.00     0.00  854.00  10000.00     0.00   0.00    0.38    11.71    0.00      0.00     0.00   0.00    0.00     0.00    0.00    0.00    0.33  21.90
dm-1             0.00      0.00     0.00   0.00    0.00     0.00  716.00  10000.00     0.00   0.00    0.39    13.97    0.00      0.00     0.00   0.00    0.00     0.00    0.00    0.00    0.28  21.90
nvme0n1          0.00      0.00     0.00   0.00    0.00     0.00  611.00  10000.00   243.00  28.45    0.35    16.37    0.00      0.00     0.00   0.00    0.00     0.00   90.00    1.01    0.31  19.10


avg-cpu:  %user   %nice %system %iowait  %steal   %idle
           0.63    0.00    0.43    0.28    0.00   98.66

Device            r/s     rkB/s   rrqm/s  %rrqm r_await rareq-sz     w/s     wkB/s   wrqm/s  %wrqm w_await wareq-sz     d/s     dkB/s   drqm/s  %drqm d_await dareq-sz     f/s f_await  aqu-sz  %util
dm-0             0.00      0.00     0.00   0.00    0.00     0.00  758.00   9644.00     0.00   0.00    0.53    12.72    0.00      0.00     0.00   0.00    0.00     0.00    0.00    0.00    0.40  20.60
dm-1             0.00      0.00     0.00   0.00    0.00     0.00  629.00   9644.00     0.00   0.00    0.54    15.33    0.00      0.00     0.00   0.00    0.00     0.00    0.00    0.00    0.34  20.90
nvme0n1          0.00      0.00     0.00   0.00    0.00     0.00  525.00   9644.00   233.00  30.74    0.37    18.37    0.00      0.00     0.00   0.00    0.00     0.00   81.00    1.01    0.28  17.90


avg-cpu:  %user   %nice %system %iowait  %steal   %idle
           0.68    0.00    0.45    0.25    0.00   98.62

Device            r/s     rkB/s   rrqm/s  %rrqm r_await rareq-sz     w/s     wkB/s   wrqm/s  %wrqm w_await wareq-sz     d/s     dkB/s   drqm/s  %drqm d_await dareq-sz     f/s f_await  aqu-sz  %util
dm-0             0.00      0.00     0.00   0.00    0.00     0.00  779.00  13112.00     0.00   0.00    0.41    16.83    0.00      0.00     0.00   0.00    0.00     0.00    0.00    0.00    0.32  19.10
dm-1             0.00      0.00     0.00   0.00    0.00     0.00  625.00  13112.00     0.00   0.00    0.37    20.98    0.00      0.00     0.00   0.00    0.00     0.00    0.00    0.00    0.23  19.10
nvme0n1          0.00      0.00     0.00   0.00    0.00     0.00  625.00  13112.00   154.00  19.77    0.33    20.98    0.00      0.00     0.00   0.00    0.00     0.00   79.00    1.01    0.28  16.40


avg-cpu:  %user   %nice %system %iowait  %steal   %idle
           0.65    0.00    0.49    0.28    0.00   98.58

Device            r/s     rkB/s   rrqm/s  %rrqm r_await rareq-sz     w/s     wkB/s   wrqm/s  %wrqm w_await wareq-sz     d/s     dkB/s   drqm/s  %drqm d_await dareq-sz     f/s f_await  aqu-sz  %util
dm-0             0.00      0.00     0.00   0.00    0.00     0.00  781.00  10048.00     0.00   0.00    0.34    12.87    0.00      0.00     0.00   0.00    0.00     0.00    0.00    0.00    0.27  19.40
dm-1             0.00      0.00     0.00   0.00    0.00     0.00  646.00  10048.00     0.00   0.00    0.33    15.55    0.00      0.00     0.00   0.00    0.00     0.00    0.00    0.00    0.22  19.70
nvme0n1          0.00      0.00     0.00   0.00    0.00     0.00  635.00  10048.00   146.00  18.69    0.31    15.82    0.00      0.00     0.00   0.00    0.00     0.00   84.00    1.02    0.28  17.30


avg-cpu:  %user   %nice %system %iowait  %steal   %idle
           1.00    0.00    0.51    0.24    0.00   98.25

Device            r/s     rkB/s   rrqm/s  %rrqm r_await rareq-sz     w/s     wkB/s   wrqm/s  %wrqm w_await wareq-sz     d/s     dkB/s   drqm/s  %drqm d_await dareq-sz     f/s f_await  aqu-sz  %util
dm-0             0.00      0.00     0.00   0.00    0.00     0.00  741.00  13128.00     0.00   0.00    0.41    17.72    0.00      0.00     0.00   0.00    0.00     0.00    0.00    0.00    0.31  18.10
dm-1             0.00      0.00     0.00   0.00    0.00     0.00  591.00  13128.00     0.00   0.00    0.36    22.21    0.00      0.00     0.00   0.00    0.00     0.00    0.00    0.00    0.21  18.20
nvme0n1          0.00      0.00     0.00   0.00    0.00     0.00  630.00  13128.00   111.00  14.98    0.30    20.84    0.00      0.00     0.00   0.00    0.00     0.00   75.00    1.01    0.27  16.00


avg-cpu:  %user   %nice %system %iowait  %steal   %idle
           0.65    0.00    0.49    0.28    0.00   98.58

Device            r/s     rkB/s   rrqm/s  %rrqm r_await rareq-sz     w/s     wkB/s   wrqm/s  %wrqm w_await wareq-sz     d/s     dkB/s   drqm/s  %drqm d_await dareq-sz     f/s f_await  aqu-sz  %util
dm-0             0.00      0.00     0.00   0.00    0.00     0.00  858.00  10296.00     0.00   0.00    0.33    12.00    0.00      0.00     0.00   0.00    0.00     0.00    0.00    0.00    0.29  21.00
dm-1             0.00      0.00     0.00   0.00    0.00     0.00  718.00  10296.00     0.00   0.00    0.33    14.34    0.00      0.00     0.00   0.00    0.00     0.00    0.00    0.00    0.24  21.20
nvme0n1          0.00      0.00     0.00   0.00    0.00     0.00  694.00  10296.00   164.00  19.11    0.30    14.84    0.00      0.00     0.00   0.00    0.00     0.00   90.00    1.01    0.30  18.80


avg-cpu:  %user   %nice %system %iowait  %steal   %idle
           0.74    0.00    0.50    0.26    0.00   98.50

Device            r/s     rkB/s   rrqm/s  %rrqm r_await rareq-sz     w/s     wkB/s   wrqm/s  %wrqm w_await wareq-sz     d/s     dkB/s   drqm/s  %drqm d_await dareq-sz     f/s f_await  aqu-sz  %util
dm-0             0.00      0.00     0.00   0.00    0.00     0.00  850.00  23464.00     0.00   0.00    0.42    27.60    0.00      0.00     0.00   0.00    0.00     0.00    0.00    0.00    0.36  19.20
dm-1             0.00      0.00     0.00   0.00    0.00     0.00  621.00  23464.00     0.00   0.00    0.35    37.78    0.00      0.00     0.00   0.00    0.00     0.00    0.00    0.00    0.22  19.30
nvme0n1          0.00      0.00     0.00   0.00    0.00     0.00  655.00  23464.00   195.00  22.94    0.31    35.82    0.00      0.00     0.00   0.00    0.00     0.00   77.00    1.01    0.28  16.00


avg-cpu:  %user   %nice %system %iowait  %steal   %idle
           0.70    0.00    0.47    0.31    0.00   98.52

Device            r/s     rkB/s   rrqm/s  %rrqm r_await rareq-sz     w/s     wkB/s   wrqm/s  %wrqm w_await wareq-sz     d/s     dkB/s   drqm/s  %drqm d_await dareq-sz     f/s f_await  aqu-sz  %util
dm-0             0.00      0.00     0.00   0.00    0.00     0.00  837.00  10300.00     0.00   0.00    0.38    12.31    0.00      0.00     0.00   0.00    0.00     0.00    0.00    0.00    0.32  21.80
dm-1             0.00      0.00     0.00   0.00    0.00     0.00  695.00  10300.00     0.00   0.00    0.39    14.82    0.00      0.00     0.00   0.00    0.00     0.00    0.00    0.00    0.27  22.00
nvme0n1          0.00      0.00     0.00   0.00    0.00     0.00  584.00  10300.00   253.00  30.23    0.36    17.64    0.00      0.00     0.00   0.00    0.00     0.00   90.00    1.01    0.30  18.80


avg-cpu:  %user   %nice %system %iowait  %steal   %idle
           0.67    0.00    0.42    0.25    0.00   98.66

Device            r/s     rkB/s   rrqm/s  %rrqm r_await rareq-sz     w/s     wkB/s   wrqm/s  %wrqm w_await wareq-sz     d/s     dkB/s   drqm/s  %drqm d_await dareq-sz     f/s f_await  aqu-sz  %util
dm-0             0.00      0.00     0.00   0.00    0.00     0.00  653.00  10212.00     0.00   0.00    0.46    15.64    0.00      0.00     0.00   0.00    0.00     0.00    0.00    0.00    0.30  17.70
dm-1             0.00      0.00     0.00   0.00    0.00     0.00  530.00  10212.00     0.00   0.00    0.45    19.27    0.00      0.00     0.00   0.00    0.00     0.00    0.00    0.00    0.24  18.00
nvme0n1          0.00      0.00     0.00   0.00    0.00     0.00  448.00  10212.00   205.00  31.39    0.37    22.79    0.00      0.00     0.00   0.00    0.00     0.00   67.00    0.99    0.23  15.20


avg-cpu:  %user   %nice %system %iowait  %steal   %idle
           0.72    0.00    0.43    0.28    0.00   98.57

Device            r/s     rkB/s   rrqm/s  %rrqm r_await rareq-sz     w/s     wkB/s   wrqm/s  %wrqm w_await wareq-sz     d/s     dkB/s   drqm/s  %drqm d_await dareq-sz     f/s f_await  aqu-sz  %util
dm-0             0.00      0.00     0.00   0.00    0.00     0.00  801.00  13176.00     0.00   0.00    0.56    16.45    0.00      0.00     0.00   0.00    0.00     0.00    0.00    0.00    0.45  20.70
dm-1             0.00      0.00     0.00   0.00    0.00     0.00  646.00  13176.00     0.00   0.00    0.52    20.40    0.00      0.00     0.00   0.00    0.00     0.00    0.00    0.00    0.34  20.90
nvme0n1          0.00      0.00     0.00   0.00    0.00     0.00  571.00  13176.00   230.00  28.71    0.38    23.08    0.00      0.00     0.00   0.00    0.00     0.00   81.00    0.99    0.29  17.00


avg-cpu:  %user   %nice %system %iowait  %steal   %idle
           0.64    0.00    0.47    0.32    0.00   98.57

Device            r/s     rkB/s   rrqm/s  %rrqm r_await rareq-sz     w/s     wkB/s   wrqm/s  %wrqm w_await wareq-sz     d/s     dkB/s   drqm/s  %drqm d_await dareq-sz     f/s f_await  aqu-sz  %util
dm-0             0.00      0.00     0.00   0.00    0.00     0.00  831.00  10448.00     0.00   0.00    0.45    12.57    0.00      0.00     0.00   0.00    0.00     0.00    0.00    0.00    0.37  22.20
dm-1             0.00      0.00     0.00   0.00    0.00     0.00  689.00  10448.00     0.00   0.00    0.43    15.16    0.00      0.00     0.00   0.00    0.00     0.00    0.00    0.00    0.30  22.60
nvme0n1          0.00      0.00     0.00   0.00    0.00     0.00  580.00  10448.00   251.00  30.20    0.37    18.01    0.00      0.00     0.00   0.00    0.00     0.00   90.00    0.98    0.30  18.90


avg-cpu:  %user   %nice %system %iowait  %steal   %idle
           0.46    0.00    0.92    0.01    0.00   98.60

Device            r/s     rkB/s   rrqm/s  %rrqm r_await rareq-sz     w/s     wkB/s   wrqm/s  %wrqm w_await wareq-sz     d/s     dkB/s   drqm/s  %drqm d_await dareq-sz     f/s f_await  aqu-sz  %util
dm-0             0.00      0.00     0.00   0.00    0.00     0.00  113.00   7556.00     0.00   0.00    0.89    66.87    0.00      0.00     0.00   0.00    0.00     0.00    0.00    0.00    0.10   2.20
dm-1             0.00      0.00     0.00   0.00    0.00     0.00   55.00   7556.00     0.00   0.00    0.71   137.38    0.00      0.00     0.00   0.00    0.00     0.00    0.00    0.00    0.04   2.20
nvme0n1          0.00      0.00     0.00   0.00    0.00     0.00   90.00   7556.00    23.00  20.35    0.37    83.96    0.00      0.00     0.00   0.00    0.00     0.00    6.00    1.00    0.04   1.80


avg-cpu:  %user   %nice %system %iowait  %steal   %idle
           0.08    0.00    0.64    0.01    0.00   99.26

Device            r/s     rkB/s   rrqm/s  %rrqm r_await rareq-sz     w/s     wkB/s   wrqm/s  %wrqm w_await wareq-sz     d/s     dkB/s   drqm/s  %drqm d_await dareq-sz     f/s f_await  aqu-sz  %util


avg-cpu:  %user   %nice %system %iowait  %steal   %idle
           0.07    0.00    0.26    0.00    0.00   99.67

Device            r/s     rkB/s   rrqm/s  %rrqm r_await rareq-sz     w/s     wkB/s   wrqm/s  %wrqm w_await wareq-sz     d/s     dkB/s   drqm/s  %drqm d_await dareq-sz     f/s f_await  aqu-sz  %util


avg-cpu:  %user   %nice %system %iowait  %steal   %idle
           0.03    0.00    0.07    0.00    0.00   99.90

Device            r/s     rkB/s   rrqm/s  %rrqm r_await rareq-sz     w/s     wkB/s   wrqm/s  %wrqm w_await wareq-sz     d/s     dkB/s   drqm/s  %drqm d_await dareq-sz     f/s f_await  aqu-sz  %util


avg-cpu:  %user   %nice %system %iowait  %steal   %idle
           0.03    0.00    0.07    0.00    0.00   99.90

Device            r/s     rkB/s   rrqm/s  %rrqm r_await rareq-sz     w/s     wkB/s   wrqm/s  %wrqm w_await wareq-sz     d/s     dkB/s   drqm/s  %drqm d_await dareq-sz     f/s f_await  aqu-sz  %util
dm-0             0.00      0.00     0.00   0.00    0.00     0.00    2.00     96.00     0.00   0.00   11.00    48.00    0.00      0.00     0.00   0.00    0.00     0.00    0.00    0.00    0.02   1.10
dm-1             0.00      0.00     0.00   0.00    0.00     0.00    2.00     96.00     0.00   0.00   11.00    48.00    0.00      0.00     0.00   0.00    0.00     0.00    0.00    0.00    0.02   1.10
nvme0n1          0.00      0.00     0.00   0.00    0.00     0.00    1.00     96.00     1.00  50.00   10.00    96.00    0.00      0.00     0.00   0.00    0.00     0.00    0.00    0.00    0.01   1.00


avg-cpu:  %user   %nice %system %iowait  %steal   %idle
           0.04    0.00    0.11    0.01    0.00   99.83

Device            r/s     rkB/s   rrqm/s  %rrqm r_await rareq-sz     w/s     wkB/s   wrqm/s  %wrqm w_await wareq-sz     d/s     dkB/s   drqm/s  %drqm d_await dareq-sz     f/s f_await  aqu-sz  %util
dm-0             0.00      0.00     0.00   0.00    0.00     0.00   76.00   3880.00     0.00   0.00    4.71    51.05    0.00      0.00     0.00   0.00    0.00     0.00    0.00    0.00    0.36   1.30
dm-1             0.00      0.00     0.00   0.00    0.00     0.00   48.00   3880.00     0.00   0.00    4.92    80.83    0.00      0.00     0.00   0.00    0.00     0.00    0.00    0.00    0.24   1.30
nvme0n1          0.00      0.00     0.00   0.00    0.00     0.00   38.00   3880.00    38.00  50.00    3.58   102.11    0.00      0.00     0.00   0.00    0.00     0.00    1.00    1.00    0.14   1.00


